,city,date,treat,price,rating,omtaler,gæster,hårtørrer,shampoo,sengetøj,underholdning,familie,køleskab,opvaskemasine,ting i nærheden,røgalarm,tv,vaskemaskine,kaffe,Sights,Safety,Shopping,Location,Climate,Affordability
0,Bologna,2024-06-02,0,291.0,4.96,196,4.0,1.0,1.0,1.0,1.0,1.0,1.0,1.0,1.0,,,,,6.4,6.5,5.5,5.5,6.5,4.25
1,Bologna,2024-06-02,0,,,,,1.0,1.0,1.0,,,1.0,1.0,,1.0,,,,6.4,6.5,5.5,5.5,6.5,4.25
2,Bologna,2024-06-02,0,,,,,1.0,1.0,1.0,1.0,,,,,,1.0,,,6.4,6.5,5.5,5.5,6.5,4.25
3,Bologna,2024-06-02,0,,,,,1.0,1.0,,1.0,1.0,1.0,,,1.0,1.0,1.0,,6.4,6.5,5.5,5.5,6.5,4.25
4,Bologna,2024-06-02,0,,,,,1.0,1.0,,1.0,,1.0,1.0,1.0,1.0,1.0,,1.0,6.4,6.5,5.5,5.5,6.5,4.25
5,Bologna,2024-06-02,0,,,,,1.0,1.0,1.0,1.0,1.0,1.0,,1.0,,1.0,,,6.4,6.5,5.5,5.5,6.5,4.25
6,Bologna,2024-06-02,0,,,,,1.0,,,,1.0,,,,,,1.0,,6.4,6.5,5.5,5.5,6.5,4.25
7,Bologna,2024-06-02,0,,,,,1.0,1.0,,1.0,1.0,1.0,,1.0,,1.0,1.0,1.0,6.4,6.5,5.5,5.5,6.5,4.25
8,Bologna,2024-06-02,0,268.0,,,,1.0,1.0,,1.0,,,,,,1.0,1.0,,6.4,6.5,5.5,5.5,6.5,4.25
9,Bologna,2024-06-02,0,261.0,,,,1.0,1.0,1.0,1.0,1.0,1.0,,1.0,,1.0,,,6.4,6.5,5.5,5.5,6.5,4.25
10,Bologna,2024-06-02,0,,,,,1.0,1.0,,,,1.0,,,,,1.0,,6.4,6.5,5.5,5.5,6.5,4.25
11,Bologna,2024-06-02,0,,,,,1.0,,,1.0,,1.0,,,,1.0,,,6.4,6.5,5.5,5.5,6.5,4.25
12,Bologna,2024-06-02,0,156.0,,,,,,,1.0,,,,,,,,,6.4,6.5,5.5,5.5,6.5,4.25
13,Bologna,2024-06-02,0,,,,,1.0,1.0,,1.0,,1.0,1.0,,,,,,6.4,6.5,5.5,5.5,6.5,4.25
14,Bologna,2024-06-02,0,313.0,,,,1.0,1.0,,1.0,,1.0,,1.0,,,,1.0,6.4,6.5,5.5,5.5,6.5,4.25
15,Bologna,2024-06-02,0,,,,,1.0,1.0,,,1.0,,,1.0,1.0,,,,6.4,6.5,5.5,5.5,6.5,4.25
16,Bologna,2024-06-02,0,,,,,1.0,,,,,1.0,,1.0,,,,,6.4,6.5,5.5,5.5,6.5,4.25
17,Bologna,2024-06-02,0,387.0,,,,1.0,1.0,1.0,1.0,,,,1.0,,1.0,,,6.4,6.5,5.5,5.5,6.5,4.25
18,Bologna,2024-06-02,0,,,,,1.0,1.0,1.0,,,1.0,,1.0,,,,1.0,6.4,6.5,5.5,5.5,6.5,4.25
19,Bologna,2024-06-02,0,298.0,,,,,,,1.0,,,,,,1.0,1.0,,6.4,6.5,5.5,5.5,6.5,4.25
20,Bologna,2024-06-02,0,373.0,,,,1.0,,,1.0,,,,,,1.0,1.0,,6.4,6.5,5.5,5.5,6.5,4.25
21,Bologna,2024-06-02,0,261.0,,,,1.0,1.0,1.0,1.0,,,,,,1.0,1.0,,6.4,6.5,5.5,5.5,6.5,4.25
22,Bologna,2024-06-02,0,,,,,1.0,1.0,,1.0,,,,,,1.0,,,6.4,6.5,5.5,5.5,6.5,4.25
23,Bologna,2024-06-02,0,,,,,1.0,,1.0,1.0,1.0,,,,,,,,6.4,6.5,5.5,5.5,6.5,4.25
24,Bologna,2024-06-02,0,335.0,,,,1.0,1.0,,1.0,,,,,,1.0,,,6.4,6.5,5.5,5.5,6.5,4.25
25,Bologna,2024-06-02,0,,,,,1.0,,,1.0,,1.0,,,,1.0,1.0,,6.4,6.5,5.5,5.5,6.5,4.25
26,Bologna,2024-06-02,0,156.0,,,,1.0,,,1.0,,,,,,1.0,,,6.4,6.5,5.5,5.5,6.5,4.25
27,Bologna,2024-06-02,0,,,,,1.0,1.0,,1.0,1.0,1.0,,,,,1.0,,6.4,6.5,5.5,5.5,6.5,4.25
28,Bologna,2024-06-02,0,,,,,1.0,,1.0,1.0,,1.0,,1.0,,1.0,,,6.4,6.5,5.5,5.5,6.5,4.25
29,Bologna,2024-06-02,0,380.0,,,,1.0,1.0,,1.0,,,,,1.0,,,1.0,6.4,6.5,5.5,5.5,6.5,4.25
30,Bologna,2024-06-02,0,313.0,,,,1.0,1.0,1.0,1.0,,1.0,,,1.0,,,1.0,6.4,6.5,5.5,5.5,6.5,4.25
31,Bologna,2024-06-02,0,298.0,,,,1.0,1.0,1.0,1.0,,1.0,,1.0,,1.0,1.0,1.0,6.4,6.5,5.5,5.5,6.5,4.25
32,Bologna,2024-06-02,0,387.0,,,,1.0,1.0,,,,1.0,,,,,,,6.4,6.5,5.5,5.5,6.5,4.25
33,Bologna,2024-06-02,0,,,,,,,,1.0,,,,,,1.0,1.0,,6.4,6.5,5.5,5.5,6.5,4.25
34,Bologna,2024-06-02,0,,,,,1.0,1.0,,,,,,1.0,,,,,6.4,6.5,5.5,5.5,6.5,4.25
35,Bologna,2024-06-02,0,298.0,,,,1.0,1.0,,1.0,,,,1.0,,1.0,,,6.4,6.5,5.5,5.5,6.5,4.25
36,Bologna,2024-06-02,0,,,,,1.0,1.0,,,,,,,,,,,6.4,6.5,5.5,5.5,6.5,4.25
37,Bologna,2024-06-02,0,,,,,1.0,,,,,,,,,,1.0,,6.4,6.5,5.5,5.5,6.5,4.25
38,Bologna,2024-06-02,0,,,,,1.0,,,1.0,1.0,,1.0,,,1.0,1.0,1.0,6.4,6.5,5.5,5.5,6.5,4.25
39,Bologna,2024-06-02,0,,,,,1.0,1.0,,1.0,1.0,1.0,,,,1.0,,1.0,6.4,6.5,5.5,5.5,6.5,4.25
40,Bologna,2024-06-02,0,,,,,1.0,1.0,1.0,1.0,,,,,,1.0,1.0,,6.4,6.5,5.5,5.5,6.5,4.25
41,Bologna,2024-06-02,0,291.0,,,,,,,1.0,,1.0,,,,,1.0,,6.4,6.5,5.5,5.5,6.5,4.25
42,Bologna,2024-06-02,0,,,,,1.0,1.0,,1.0,,,,,,1.0,1.0,,6.4,6.5,5.5,5.5,6.5,4.25
43,Bologna,2024-06-02,0,,,,,1.0,1.0,,1.0,,1.0,,,,1.0,,,6.4,6.5,5.5,5.5,6.5,4.25
44,Bologna,2024-06-02,0,,,,,1.0,1.0,,,,1.0,,1.0,,,,1.0,6.4,6.5,5.5,5.5,6.5,4.25
45,Bologna,2024-06-02,0,,,,,1.0,1.0,,1.0,,1.0,,,1.0,,,1.0,6.4,6.5,5.5,5.5,6.5,4.25
46,Bologna,2024-06-02,0,,,,,1.0,1.0,1.0,1.0,1.0,1.0,,1.0,,1.0,1.0,1.0,6.4,6.5,5.5,5.5,6.5,4.25
47,Bologna,2024-06-02,0,291.0,,,,,,,,,,,,,,,,6.4,6.5,5.5,5.5,6.5,4.25
48,Bologna,2024-06-02,0,,,,,1.0,1.0,1.0,1.0,,1.0,1.0,,,1.0,1.0,,6.4,6.5,5.5,5.5,6.5,4.25
49,Bologna,2024-06-02,0,,,,,1.0,1.0,1.0,1.0,,1.0,1.0,,,,1.0,1.0,6.4,6.5,5.5,5.5,6.5,4.25
50,Bologna,2024-06-02,0,,,,,,,,1.0,,,,,,1.0,1.0,,6.4,6.5,5.5,5.5,6.5,4.25
51,Bologna,2024-06-02,0,,,,,,,,1.0,,,,,,1.0,1.0,,6.4,6.5,5.5,5.5,6.5,4.25
52,Bologna,2024-06-02,0,358.0,,,,1.0,1.0,,1.0,1.0,1.0,,,,1.0,,1.0,6.4,6.5,5.5,5.5,6.5,4.25
53,Bologna,2024-06-02,0,,,,,,,,,,,,,,,,,6.4,6.5,5.5,5.5,6.5,4.25
54,Bologna,2024-06-02,0,,,,,1.0,1.0,1.0,1.0,,1.0,,,,,1.0,,6.4,6.5,5.5,5.5,6.5,4.25
55,Bologna,2024-06-02,0,,,,,1.0,,,1.0,1.0,1.0,,,,1.0,,1.0,6.4,6.5,5.5,5.5,6.5,4.25
56,Bologna,2024-06-02,0,,,,,1.0,,,1.0,,1.0,,,,1.0,1.0,,6.4,6.5,5.5,5.5,6.5,4.25
57,Bologna,2024-06-02,0,,,,,1.0,,,,,,,,,,,,6.4,6.5,5.5,5.5,6.5,4.25
58,Bologna,2024-06-02,0,,,,,1.0,,1.0,1.0,1.0,1.0,,,,,1.0,,6.4,6.5,5.5,5.5,6.5,4.25
59,Bologna,2024-06-02,0,298.0,,,,1.0,1.0,,1.0,,1.0,1.0,,,1.0,1.0,1.0,6.4,6.5,5.5,5.5,6.5,4.25
60,Bologna,2024-06-02,0,,,,,1.0,,,1.0,,1.0,,,,1.0,1.0,,6.4,6.5,5.5,5.5,6.5,4.25
61,Bologna,2024-06-02,0,373.0,,,,1.0,1.0,1.0,1.0,,1.0,,1.0,,1.0,1.0,,6.4,6.5,5.5,5.5,6.5,4.25
62,Bologna,2024-06-02,0,,,,,1.0,1.0,1.0,1.0,1.0,1.0,,1.0,,,,1.0,6.4,6.5,5.5,5.5,6.5,4.25
63,Bologna,2024-06-02,0,,,,,,,,1.0,,,,,,1.0,,,6.4,6.5,5.5,5.5,6.5,4.25
64,Bologna,2024-06-02,0,,,,,,,,,,,,,,,,,6.4,6.5,5.5,5.5,6.5,4.25
65,Bologna,2024-06-02,0,335.0,,,,,,,1.0,,,,,,1.0,1.0,,6.4,6.5,5.5,5.5,6.5,4.25
66,Bologna,2024-06-02,0,261.0,,,,1.0,1.0,1.0,1.0,,,,,,1.0,1.0,,6.4,6.5,5.5,5.5,6.5,4.25
67,Bologna,2024-06-02,0,,,,,,,,1.0,,,,,,1.0,,,6.4,6.5,5.5,5.5,6.5,4.25
68,Bologna,2024-06-02,0,,,,,1.0,,,1.0,,,,,,1.0,,,6.4,6.5,5.5,5.5,6.5,4.25
69,Bologna,2024-06-02,0,,,,,,,,1.0,,,,,,1.0,,,6.4,6.5,5.5,5.5,6.5,4.25
70,Bologna,2024-06-02,0,298.0,,,,,,,,,1.0,1.0,,,,,1.0,6.4,6.5,5.5,5.5,6.5,4.25
71,Bologna,2024-06-02,0,,,,,,,,,,,,,,,,,6.4,6.5,5.5,5.5,6.5,4.25
72,Bologna,2024-06-02,0,373.0,,,,1.0,,,1.0,1.0,1.0,,,,,1.0,,6.4,6.5,5.5,5.5,6.5,4.25
73,Bologna,2024-06-02,0,,,,,,,1.0,1.0,,,,,,,,,6.4,6.5,5.5,5.5,6.5,4.25
74,Bologna,2024-06-02,0,298.0,,,,1.0,1.0,,1.0,,1.0,,,,1.0,,,6.4,6.5,5.5,5.5,6.5,4.25
75,Bologna,2024-06-02,0,,,,,1.0,1.0,,,,,,,,,,,6.4,6.5,5.5,5.5,6.5,4.25
76,Bologna,2024-06-02,0,,,,,,,,1.0,,1.0,,,,1.0,,,6.4,6.5,5.5,5.5,6.5,4.25
77,Bologna,2024-06-02,0,328.0,,,,,,,1.0,,,,,1.0,1.0,1.0,,6.4,6.5,5.5,5.5,6.5,4.25
78,Bologna,2024-06-02,0,246.0,,,,1.0,1.0,1.0,,,,,,,,,,6.4,6.5,5.5,5.5,6.5,4.25
79,Bologna,2024-06-02,0,,,,,1.0,1.0,1.0,,,,,1.0,1.0,,,,6.4,6.5,5.5,5.5,6.5,4.25
80,Bologna,2024-06-02,0,,,,,1.0,1.0,,1.0,1.0,1.0,1.0,1.0,1.0,1.0,1.0,1.0,6.4,6.5,5.5,5.5,6.5,4.25
81,Bologna,2024-06-02,0,395.0,,,,,,,1.0,,,,,,1.0,,,6.4,6.5,5.5,5.5,6.5,4.25
82,Bologna,2024-06-02,0,,,,,,,,1.0,,,,,,1.0,,,6.4,6.5,5.5,5.5,6.5,4.25
83,Bologna,2024-06-02,0,,,,,,,,,,,,,,,,,6.4,6.5,5.5,5.5,6.5,4.25
84,Bologna,2024-06-02,0,261.0,,,,,,,1.0,,,,,,1.0,1.0,,6.4,6.5,5.5,5.5,6.5,4.25
85,Bologna,2024-06-02,0,,,,,1.0,1.0,1.0,1.0,1.0,,,,,,1.0,,6.4,6.5,5.5,5.5,6.5,4.25
86,Bologna,2024-06-02,0,,,,,1.0,,,1.0,,,,,,1.0,1.0,,6.4,6.5,5.5,5.5,6.5,4.25
87,Bologna,2024-06-02,0,,,,,,,1.0,1.0,1.0,1.0,,1.0,,1.0,,1.0,6.4,6.5,5.5,5.5,6.5,4.25
88,Bologna,2024-06-02,0,,,,,1.0,1.0,,1.0,1.0,1.0,1.0,1.0,,1.0,1.0,,6.4,6.5,5.5,5.5,6.5,4.25
89,Bologna,2024-06-02,0,,,,,1.0,1.0,,,,1.0,,,,,,,6.4,6.5,5.5,5.5,6.5,4.25
90,Bologna,2024-06-02,0,298.0,,,,1.0,1.0,1.0,1.0,,1.0,,1.0,,,1.0,1.0,6.4,6.5,5.5,5.5,6.5,4.25
91,Bologna,2024-06-02,0,,,,,,,,1.0,,1.0,,,,1.0,1.0,,6.4,6.5,5.5,5.5,6.5,4.25
92,Bologna,2024-06-02,0,,,,,1.0,,1.0,1.0,,1.0,,,,,,,6.4,6.5,5.5,5.5,6.5,4.25
93,Bologna,2024-06-02,0,,,,,1.0,,,1.0,1.0,1.0,1.0,1.0,,,,1.0,6.4,6.5,5.5,5.5,6.5,4.25
94,Bologna,2024-06-02,0,,,,,,1.0,1.0,1.0,,1.0,,,,1.0,1.0,,6.4,6.5,5.5,5.5,6.5,4.25
95,Bologna,2024-06-02,0,373.0,,,,,,,,,,,,,,,,6.4,6.5,5.5,5.5,6.5,4.25
96,Bologna,2024-06-02,0,,,,,,,1.0,,,1.0,,,,,,,6.4,6.5,5.5,5.5,6.5,4.25
97,Bologna,2024-06-02,0,253.0,,,,,1.0,,,,,,,,,1.0,,6.4,6.5,5.5,5.5,6.5,4.25
98,Bologna,2024-06-02,0,261.0,,,,1.0,1.0,,,,1.0,,,,,1.0,,6.4,6.5,5.5,5.5,6.5,4.25
99,Bologna,2024-06-02,0,,,,,1.0,1.0,,,,,,,,,1.0,,6.4,6.5,5.5,5.5,6.5,4.25
100,Bologna,2024-06-02,0,373.0,,,,,1.0,1.0,1.0,1.0,,,,,1.0,1.0,,6.4,6.5,5.5,5.5,6.5,4.25
101,Bologna,2024-06-02,0,335.0,,,,1.0,1.0,,1.0,,,,,,1.0,1.0,,6.4,6.5,5.5,5.5,6.5,4.25
102,Bologna,2024-06-02,0,373.0,,,,,,,,,,,,,,1.0,,6.4,6.5,5.5,5.5,6.5,4.25
103,Bologna,2024-06-02,0,,,,2.0,1.0,1.0,,1.0,,1.0,,1.0,,1.0,,,6.4,6.5,5.5,5.5,6.5,4.25
104,Bologna,2024-06-02,0,410.0,,,2.0,1.0,,1.0,1.0,1.0,1.0,,1.0,,,,1.0,6.4,6.5,5.5,5.5,6.5,4.25
105,Bologna,2024-06-02,0,,,,,1.0,1.0,1.0,1.0,1.0,1.0,1.0,,1.0,,,1.0,6.4,6.5,5.5,5.5,6.5,4.25
106,Bologna,2024-06-02,0,,,,,1.0,1.0,,1.0,1.0,1.0,1.0,1.0,,1.0,1.0,1.0,6.4,6.5,5.5,5.5,6.5,4.25
107,Bologna,2024-06-02,0,,,,,1.0,1.0,,1.0,,,,1.0,,1.0,,,6.4,6.5,5.5,5.5,6.5,4.25
108,Bologna,2024-06-02,0,298.0,,,,1.0,1.0,,1.0,1.0,,,,1.0,1.0,1.0,,6.4,6.5,5.5,5.5,6.5,4.25
109,Bologna,2024-06-02,0,,,,,1.0,1.0,,1.0,,,,,,,,,6.4,6.5,5.5,5.5,6.5,4.25
110,Bologna,2024-06-02,0,335.0,,,,,1.0,,,,1.0,,,,,1.0,,6.4,6.5,5.5,5.5,6.5,4.25
111,Bologna,2024-06-02,0,,,,,1.0,1.0,,1.0,,1.0,1.0,1.0,,1.0,,,6.4,6.5,5.5,5.5,6.5,4.25
112,Bologna,2024-06-02,0,224.0,,,,,,,1.0,,,,,,1.0,,,6.4,6.5,5.5,5.5,6.5,4.25
113,Bologna,2024-06-02,0,522.0,,,,1.0,1.0,,1.0,1.0,,,,,1.0,1.0,,6.4,6.5,5.5,5.5,6.5,4.25
114,Bologna,2024-06-02,0,410.0,,,,1.0,1.0,1.0,,1.0,1.0,,,,,,,6.4,6.5,5.5,5.5,6.5,4.25
115,Bologna,2024-06-02,0,,,,,1.0,1.0,,1.0,,,,1.0,,,,,6.4,6.5,5.5,5.5,6.5,4.25
116,Bologna,2024-06-02,0,,,,,1.0,1.0,1.0,1.0,,,,,,1.0,,,6.4,6.5,5.5,5.5,6.5,4.25
117,Bologna,2024-06-02,0,,,,,1.0,1.0,,1.0,,,,,,,,,6.4,6.5,5.5,5.5,6.5,4.25
118,Bologna,2024-06-02,0,,,,,1.0,1.0,,1.0,1.0,1.0,,1.0,,,,,6.4,6.5,5.5,5.5,6.5,4.25
119,Bologna,2024-06-02,0,395.0,,,,1.0,1.0,1.0,1.0,1.0,1.0,,1.0,,1.0,,,6.4,6.5,5.5,5.5,6.5,4.25
120,Bologna,2024-06-02,0,410.0,,,,1.0,1.0,,1.0,,,,,,1.0,,,6.4,6.5,5.5,5.5,6.5,4.25
121,Bologna,2024-06-02,0,219.0,,,,1.0,1.0,1.0,,,1.0,,1.0,,,,1.0,6.4,6.5,5.5,5.5,6.5,4.25
122,Bologna,2024-06-02,0,,,,,1.0,1.0,,1.0,,1.0,,1.0,,1.0,,,6.4,6.5,5.5,5.5,6.5,4.25
123,Bologna,2024-06-02,0,,,,,1.0,1.0,1.0,1.0,,1.0,,,1.0,1.0,,,6.4,6.5,5.5,5.5,6.5,4.25
124,Bologna,2024-06-02,0,,,,,1.0,1.0,,1.0,1.0,1.0,1.0,,,,,,6.4,6.5,5.5,5.5,6.5,4.25
125,Bologna,2024-06-02,0,,,,,,,,,,1.0,,,,1.0,,,6.4,6.5,5.5,5.5,6.5,4.25
126,Bologna,2024-06-02,0,201.0,,,,1.0,1.0,1.0,1.0,1.0,1.0,,1.0,,,,,6.4,6.5,5.5,5.5,6.5,4.25
127,Bologna,2024-06-02,0,149.0,,,,1.0,1.0,,1.0,,,,1.0,,1.0,,,6.4,6.5,5.5,5.5,6.5,4.25
128,Bologna,2024-06-02,0,,,,,1.0,1.0,1.0,1.0,,,,,,1.0,,,6.4,6.5,5.5,5.5,6.5,4.25
129,Bologna,2024-06-02,0,365.0,,,,1.0,,1.0,,,1.0,1.0,,,,,1.0,6.4,6.5,5.5,5.5,6.5,4.25
130,Bologna,2024-06-02,0,,,,,1.0,,1.0,1.0,1.0,1.0,,1.0,,1.0,1.0,,6.4,6.5,5.5,5.5,6.5,4.25
131,Bologna,2024-06-02,0,,,,,1.0,1.0,1.0,1.0,,,,,,1.0,,,6.4,6.5,5.5,5.5,6.5,4.25
132,Bologna,2024-06-02,0,,,,,1.0,,,1.0,,,,,,1.0,,1.0,6.4,6.5,5.5,5.5,6.5,4.25
133,Bologna,2024-06-02,0,,,,,1.0,,,1.0,,,,1.0,,1.0,1.0,,6.4,6.5,5.5,5.5,6.5,4.25
134,Bologna,2024-06-02,0,,,,,1.0,1.0,1.0,1.0,1.0,1.0,,1.0,,1.0,,,6.4,6.5,5.5,5.5,6.5,4.25
135,Bologna,2024-06-02,0,,,,,1.0,1.0,,1.0,,1.0,1.0,,1.0,1.0,1.0,,6.4,6.5,5.5,5.5,6.5,4.25
136,Bologna,2024-06-02,0,395.0,,,,1.0,1.0,,1.0,1.0,,,1.0,,,,1.0,6.4,6.5,5.5,5.5,6.5,4.25
137,Bologna,2024-06-02,0,261.0,,,,1.0,1.0,,,1.0,1.0,,,,,1.0,,6.4,6.5,5.5,5.5,6.5,4.25
138,Bologna,2024-06-02,0,,,,,1.0,1.0,1.0,1.0,,1.0,1.0,,,,,,6.4,6.5,5.5,5.5,6.5,4.25
139,Bologna,2024-06-02,0,,,,,1.0,1.0,1.0,1.0,,,,,,1.0,,,6.4,6.5,5.5,5.5,6.5,4.25
140,Bologna,2024-06-02,0,,,,,1.0,1.0,,,,1.0,,,,,,,6.4,6.5,5.5,5.5,6.5,4.25
141,Bologna,2024-06-02,0,283.0,,,,1.0,,,,,,,,,,,,6.4,6.5,5.5,5.5,6.5,4.25
142,Bologna,2024-06-02,0,,,,,1.0,1.0,,1.0,,1.0,1.0,,,,,,6.4,6.5,5.5,5.5,6.5,4.25
143,Bologna,2024-06-02,0,373.0,,,,,,,,,,,,,,,,6.4,6.5,5.5,5.5,6.5,4.25
144,Bologna,2024-06-02,0,335.0,,,,,,,,,,,,,,,,6.4,6.5,5.5,5.5,6.5,4.25
145,Bologna,2024-06-02,0,373.0,,,,1.0,,,1.0,,1.0,,1.0,,1.0,,,6.4,6.5,5.5,5.5,6.5,4.25
146,Bologna,2024-06-02,0,373.0,,,,1.0,,,1.0,,,,,,1.0,,,6.4,6.5,5.5,5.5,6.5,4.25
147,Bologna,2024-06-02,0,,,,,,1.0,,,,1.0,,,,,1.0,,6.4,6.5,5.5,5.5,6.5,4.25
148,Bologna,2024-06-02,0,298.0,,,,1.0,1.0,,1.0,,,,,,1.0,,,6.4,6.5,5.5,5.5,6.5,4.25
149,Bologna,2024-06-02,0,,,,,1.0,1.0,1.0,1.0,,1.0,,,,1.0,1.0,,6.4,6.5,5.5,5.5,6.5,4.25
150,Bologna,2024-06-02,0,,,,,1.0,1.0,,,1.0,1.0,,,,,1.0,,6.4,6.5,5.5,5.5,6.5,4.25
151,Bologna,2024-06-02,0,,,,,,,,1.0,,1.0,,,,1.0,1.0,,6.4,6.5,5.5,5.5,6.5,4.25
152,Bologna,2024-06-02,0,410.0,,,,1.0,1.0,,,,,,1.0,1.0,,,,6.4,6.5,5.5,5.5,6.5,4.25
153,Bologna,2024-06-02,0,,,,,1.0,1.0,,1.0,,1.0,,,,1.0,,,6.4,6.5,5.5,5.5,6.5,4.25
154,Bologna,2024-06-02,0,335.0,,,,1.0,,,1.0,1.0,,,1.0,,,,1.0,6.4,6.5,5.5,5.5,6.5,4.25
155,Bologna,2024-06-02,0,,,,,,,,1.0,,,,,,1.0,,,6.4,6.5,5.5,5.5,6.5,4.25
156,Bologna,2024-06-02,0,,,,,1.0,1.0,,1.0,,1.0,,,,1.0,,,6.4,6.5,5.5,5.5,6.5,4.25
157,Bologna,2024-06-02,0,328.0,,,,1.0,1.0,1.0,,,,,,,,,,6.4,6.5,5.5,5.5,6.5,4.25
158,Bologna,2024-06-02,0,,,,,1.0,1.0,,1.0,,1.0,,,,1.0,,,6.4,6.5,5.5,5.5,6.5,4.25
159,Bologna,2024-06-02,0,380.0,,,,1.0,1.0,,1.0,,,,,1.0,1.0,1.0,1.0,6.4,6.5,5.5,5.5,6.5,4.25
160,Bologna,2024-06-02,0,,,,,1.0,1.0,,1.0,,,,,,,,,6.4,6.5,5.5,5.5,6.5,4.25
161,Bologna,2024-06-02,0,,,,,1.0,1.0,,1.0,,1.0,,,,1.0,,,6.4,6.5,5.5,5.5,6.5,4.25
162,Bologna,2024-06-02,0,,,,,1.0,1.0,1.0,1.0,,1.0,1.0,,,1.0,1.0,1.0,6.4,6.5,5.5,5.5,6.5,4.25
163,Bologna,2024-06-02,0,,,,,1.0,1.0,,1.0,1.0,,1.0,,,1.0,1.0,1.0,6.4,6.5,5.5,5.5,6.5,4.25
164,Bologna,2024-06-02,0,335.0,,,,1.0,1.0,,1.0,1.0,,,1.0,1.0,1.0,,,6.4,6.5,5.5,5.5,6.5,4.25
165,Bologna,2024-06-02,0,,,,,1.0,1.0,1.0,1.0,,1.0,1.0,1.0,1.0,,,1.0,6.4,6.5,5.5,5.5,6.5,4.25
166,Bologna,2024-06-02,0,,,,,1.0,,,,,,,,,,,,6.4,6.5,5.5,5.5,6.5,4.25
167,Bologna,2024-06-02,0,,,,,1.0,1.0,1.0,1.0,,1.0,,,,1.0,1.0,1.0,6.4,6.5,5.5,5.5,6.5,4.25
168,Bologna,2024-06-02,0,,,,,1.0,,1.0,1.0,,1.0,,,1.0,1.0,1.0,,6.4,6.5,5.5,5.5,6.5,4.25
169,Bologna,2024-06-02,0,283.0,,,,1.0,,1.0,1.0,,,,,,1.0,,,6.4,6.5,5.5,5.5,6.5,4.25
170,Bologna,2024-06-02,0,,,,,1.0,1.0,1.0,1.0,,1.0,1.0,,,1.0,,1.0,6.4,6.5,5.5,5.5,6.5,4.25
171,Bologna,2024-06-02,0,,,,,,,,1.0,1.0,,,,,1.0,1.0,,6.4,6.5,5.5,5.5,6.5,4.25
172,Bologna,2024-06-02,0,,,,,,,,1.0,,,,,,1.0,,,6.4,6.5,5.5,5.5,6.5,4.25
173,Bologna,2024-06-02,0,261.0,,,,,,1.0,,,1.0,,,,,,,6.4,6.5,5.5,5.5,6.5,4.25
174,Bologna,2024-06-02,0,298.0,,,,,,,,,,,,,,,,6.4,6.5,5.5,5.5,6.5,4.25
175,Bologna,2024-06-02,0,395.0,,,,1.0,1.0,,1.0,,,,,,1.0,,,6.4,6.5,5.5,5.5,6.5,4.25
176,Bologna,2024-06-02,0,298.0,,,,1.0,1.0,1.0,1.0,1.0,1.0,,,,1.0,,,6.4,6.5,5.5,5.5,6.5,4.25
177,Bologna,2024-06-02,0,,,,,,,,,,1.0,1.0,,,,,1.0,6.4,6.5,5.5,5.5,6.5,4.25
178,Bologna,2024-06-02,0,335.0,,,,1.0,1.0,1.0,1.0,,,,,,1.0,1.0,,6.4,6.5,5.5,5.5,6.5,4.25
179,Bologna,2024-06-02,0,,,,,1.0,1.0,,1.0,,1.0,1.0,,,1.0,,,6.4,6.5,5.5,5.5,6.5,4.25
180,Bologna,2024-06-02,0,283.0,,,,1.0,,1.0,,,1.0,,,,,,,6.4,6.5,5.5,5.5,6.5,4.25
181,Bologna,2024-06-02,0,373.0,,,,1.0,,,1.0,,,,,,1.0,,,6.4,6.5,5.5,5.5,6.5,4.25
182,Bologna,2024-06-02,0,253.0,,,,1.0,,,1.0,,,,,,1.0,,,6.4,6.5,5.5,5.5,6.5,4.25
183,Bologna,2024-06-02,0,,,,,1.0,,,1.0,1.0,,,,1.0,1.0,1.0,,6.4,6.5,5.5,5.5,6.5,4.25
184,Bologna,2024-06-02,0,,,,,1.0,,1.0,1.0,,,,1.0,,1.0,,,6.4,6.5,5.5,5.5,6.5,4.25
185,Bologna,2024-06-02,0,,,,,1.0,1.0,,,,,,,,,,,6.4,6.5,5.5,5.5,6.5,4.25
186,Bologna,2024-06-02,0,,,,,1.0,1.0,1.0,1.0,,,,,,1.0,1.0,,6.4,6.5,5.5,5.5,6.5,4.25
187,Bologna,2024-06-02,0,298.0,,,,,,1.0,1.0,,1.0,,,,1.0,,1.0,6.4,6.5,5.5,5.5,6.5,4.25
188,Bologna,2024-06-02,0,,,,,,,1.0,,,1.0,,,,,,,6.4,6.5,5.5,5.5,6.5,4.25
189,Bologna,2024-06-02,0,,,,,,,,1.0,,,,,,1.0,,,6.4,6.5,5.5,5.5,6.5,4.25
190,Bologna,2024-06-02,0,,,,,,,,,,,,,,,,,6.4,6.5,5.5,5.5,6.5,4.25
191,Bologna,2024-06-02,0,305.0,,,,,1.0,,1.0,,,,,,1.0,1.0,,6.4,6.5,5.5,5.5,6.5,4.25
192,Bologna,2024-06-02,0,171.0,,,,1.0,1.0,,1.0,,,,,,,1.0,,6.4,6.5,5.5,5.5,6.5,4.25
193,Bologna,2024-06-02,0,,,,,1.0,1.0,1.0,1.0,1.0,1.0,,1.0,,1.0,,,6.4,6.5,5.5,5.5,6.5,4.25
194,Bologna,2024-06-02,0,238.0,,,,1.0,1.0,,1.0,1.0,1.0,1.0,1.0,1.0,,,1.0,6.4,6.5,5.5,5.5,6.5,4.25
195,Bologna,2024-06-02,0,186.0,,,,1.0,1.0,,1.0,,,,,,1.0,1.0,,6.4,6.5,5.5,5.5,6.5,4.25
196,Bologna,2024-06-02,0,354.0,,,,1.0,1.0,1.0,1.0,1.0,,,1.0,,,,,6.4,6.5,5.5,5.5,6.5,4.25
197,Bologna,2024-06-02,0,395.0,,,,1.0,1.0,1.0,,1.0,1.0,1.0,,1.0,,,,6.4,6.5,5.5,5.5,6.5,4.25
198,Bologna,2024-06-02,0,,,,,1.0,1.0,,1.0,,,,,,1.0,,1.0,6.4,6.5,5.5,5.5,6.5,4.25
199,Bologna,2024-06-02,0,,,,,1.0,1.0,1.0,1.0,,1.0,1.0,,,1.0,,,6.4,6.5,5.5,5.5,6.5,4.25
200,Bologna,2024-06-02,0,,,,,1.0,1.0,1.0,1.0,,1.0,,,1.0,1.0,,,6.4,6.5,5.5,5.5,6.5,4.25
201,Bologna,2024-06-02,0,,,,,1.0,,,,,,,,,,,1.0,6.4,6.5,5.5,5.5,6.5,4.25
202,Bologna,2024-06-02,0,,,,,1.0,1.0,,,1.0,1.0,,1.0,,,,1.0,6.4,6.5,5.5,5.5,6.5,4.25
203,Bologna,2024-06-02,0,410.0,,,,1.0,1.0,1.0,1.0,1.0,,,,,1.0,1.0,,6.4,6.5,5.5,5.5,6.5,4.25
204,Bologna,2024-06-02,0,313.0,,,,1.0,1.0,,1.0,,,,,1.0,1.0,1.0,,6.4,6.5,5.5,5.5,6.5,4.25
205,Bologna,2024-06-02,0,,,,,1.0,,,1.0,1.0,1.0,,,,1.0,1.0,1.0,6.4,6.5,5.5,5.5,6.5,4.25
206,Bologna,2024-06-02,0,,,,,1.0,1.0,,1.0,,,,1.0,,1.0,,1.0,6.4,6.5,5.5,5.5,6.5,4.25
207,Bologna,2024-06-02,0,,,,,1.0,1.0,1.0,1.0,,1.0,1.0,1.0,,1.0,1.0,,6.4,6.5,5.5,5.5,6.5,4.25
208,Bologna,2024-06-02,0,,,,,1.0,,1.0,1.0,1.0,,,1.0,,,,,6.4,6.5,5.5,5.5,6.5,4.25
209,Bologna,2024-06-02,0,,,,,1.0,1.0,1.0,1.0,,1.0,,,,1.0,,1.0,6.4,6.5,5.5,5.5,6.5,4.25
210,Bologna,2024-06-02,0,298.0,,,,1.0,,,1.0,,,,1.0,1.0,1.0,,1.0,6.4,6.5,5.5,5.5,6.5,4.25
211,Bologna,2024-06-02,0,,,,,1.0,,,,,1.0,,,,,1.0,,6.4,6.5,5.5,5.5,6.5,4.25
212,Bologna,2024-06-02,0,,,,,1.0,1.0,1.0,1.0,,1.0,,1.0,,1.0,,,6.4,6.5,5.5,5.5,6.5,4.25
213,Bologna,2024-06-02,0,,,,,1.0,,,1.0,,1.0,,1.0,,1.0,,,6.4,6.5,5.5,5.5,6.5,4.25
214,Bologna,2024-06-02,0,,,,,1.0,1.0,1.0,1.0,,,,,,,,,6.4,6.5,5.5,5.5,6.5,4.25
215,Bologna,2024-06-02,0,,,,,1.0,1.0,1.0,1.0,,,,,,1.0,,,6.4,6.5,5.5,5.5,6.5,4.25
216,Bologna,2024-06-02,0,350.0,,,,1.0,1.0,,1.0,,,,,,1.0,,,6.4,6.5,5.5,5.5,6.5,4.25
217,Bologna,2024-06-02,0,,,,,1.0,,1.0,,1.0,1.0,,,,,1.0,1.0,6.4,6.5,5.5,5.5,6.5,4.25
218,Bologna,2024-06-02,0,,,,,1.0,1.0,,1.0,1.0,1.0,,1.0,,,,,6.4,6.5,5.5,5.5,6.5,4.25
219,Bologna,2024-06-02,0,,,,,1.0,1.0,,1.0,,,,,,1.0,,1.0,6.4,6.5,5.5,5.5,6.5,4.25
220,Bologna,2024-06-02,0,,,,,1.0,1.0,,1.0,1.0,1.0,,,,1.0,1.0,1.0,6.4,6.5,5.5,5.5,6.5,4.25
221,Bologna,2024-06-02,0,,,,,1.0,,,1.0,,,,,,1.0,,,6.4,6.5,5.5,5.5,6.5,4.25
222,Bologna,2024-06-02,0,,,,,1.0,1.0,,1.0,1.0,1.0,,1.0,,,,,6.4,6.5,5.5,5.5,6.5,4.25
223,Bologna,2024-06-02,0,373.0,,,,1.0,1.0,,1.0,,,,,,1.0,,,6.4,6.5,5.5,5.5,6.5,4.25
224,Bologna,2024-06-02,0,,,,,1.0,1.0,1.0,,1.0,1.0,,1.0,,,,,6.4,6.5,5.5,5.5,6.5,4.25
225,Bologna,2024-06-02,0,373.0,,,,,,,1.0,,,,,,1.0,,,6.4,6.5,5.5,5.5,6.5,4.25
226,Bologna,2024-06-02,0,313.0,,,,1.0,,,1.0,,,,1.0,,1.0,,,6.4,6.5,5.5,5.5,6.5,4.25
227,Bologna,2024-06-02,0,,,,,,,,1.0,,,,,,1.0,,,6.4,6.5,5.5,5.5,6.5,4.25
228,Bologna,2024-06-02,0,,,,,1.0,,,1.0,,,,,,1.0,,,6.4,6.5,5.5,5.5,6.5,4.25
229,Bologna,2024-06-02,0,410.0,,,,1.0,1.0,,1.0,,,,,,1.0,,,6.4,6.5,5.5,5.5,6.5,4.25
230,Bologna,2024-06-02,0,,,,,,,,,,1.0,1.0,,,,,1.0,6.4,6.5,5.5,5.5,6.5,4.25
231,Bologna,2024-06-02,0,261.0,,,,,,,1.0,,,,,,,,,6.4,6.5,5.5,5.5,6.5,4.25
232,Bologna,2024-06-02,0,,,,,,,,1.0,,,,,,1.0,1.0,,6.4,6.5,5.5,5.5,6.5,4.25
233,Bologna,2024-06-02,0,,,,,1.0,1.0,1.0,1.0,,1.0,1.0,1.0,,1.0,1.0,,6.4,6.5,5.5,5.5,6.5,4.25
234,Bologna,2024-06-02,0,,,,,,,,,,,,,,,1.0,,6.4,6.5,5.5,5.5,6.5,4.25
235,Bologna,2024-06-02,0,,,,,1.0,1.0,1.0,1.0,1.0,1.0,,1.0,1.0,1.0,,1.0,6.4,6.5,5.5,5.5,6.5,4.25
236,Bologna,2024-06-02,0,,,,,1.0,1.0,,1.0,,,,,1.0,1.0,1.0,,6.4,6.5,5.5,5.5,6.5,4.25
237,Bologna,2024-06-02,0,,,,,1.0,1.0,,1.0,1.0,,,,1.0,1.0,1.0,,6.4,6.5,5.5,5.5,6.5,4.25
238,Bologna,2024-06-02,0,253.0,,,,1.0,1.0,,1.0,,,,,,1.0,,,6.4,6.5,5.5,5.5,6.5,4.25
239,Bologna,2024-06-02,0,,,,,1.0,1.0,,1.0,,1.0,1.0,1.0,,,,1.0,6.4,6.5,5.5,5.5,6.5,4.25
240,Bologna,2024-06-02,0,142.0,,,,1.0,,1.0,,1.0,1.0,,,,,,,6.4,6.5,5.5,5.5,6.5,4.25
241,Bologna,2024-06-02,0,,,,,1.0,1.0,1.0,1.0,1.0,1.0,,1.0,,1.0,,,6.4,6.5,5.5,5.5,6.5,4.25
242,Bologna,2024-06-02,0,410.0,,,,1.0,1.0,,1.0,,,,,,,,,6.4,6.5,5.5,5.5,6.5,4.25
243,Bologna,2024-06-02,0,410.0,,,,1.0,1.0,,1.0,1.0,1.0,1.0,,,1.0,,,6.4,6.5,5.5,5.5,6.5,4.25
244,Bologna,2024-06-02,0,,,,,1.0,1.0,,,1.0,1.0,,1.0,,,,1.0,6.4,6.5,5.5,5.5,6.5,4.25
245,Bologna,2024-06-02,0,224.0,,,,1.0,1.0,,1.0,1.0,,,,,1.0,,,6.4,6.5,5.5,5.5,6.5,4.25
246,Bologna,2024-06-02,0,,,,,1.0,,,1.0,,,,1.0,1.0,1.0,,1.0,6.4,6.5,5.5,5.5,6.5,4.25
247,Bologna,2024-06-02,0,,,,,1.0,,,,1.0,,,,,,,,6.4,6.5,5.5,5.5,6.5,4.25
248,Bologna,2024-06-02,0,261.0,,,,1.0,1.0,,1.0,,,,,,1.0,,,6.4,6.5,5.5,5.5,6.5,4.25
249,Bologna,2024-06-02,0,,,,,1.0,1.0,1.0,1.0,,,,1.0,,,,1.0,6.4,6.5,5.5,5.5,6.5,4.25
250,Bologna,2024-06-02,0,,,,,1.0,1.0,,1.0,,,,1.0,1.0,1.0,,,6.4,6.5,5.5,5.5,6.5,4.25
251,Bologna,2024-06-02,0,,,,,1.0,1.0,,1.0,,1.0,,,,1.0,,1.0,6.4,6.5,5.5,5.5,6.5,4.25
252,Bologna,2024-06-02,0,,,,,1.0,,,,1.0,,,,,,,,6.4,6.5,5.5,5.5,6.5,4.25
253,Bologna,2024-06-02,0,,,,,1.0,1.0,,1.0,,,,,,1.0,,,6.4,6.5,5.5,5.5,6.5,4.25
254,Bologna,2024-06-02,0,298.0,,,,1.0,,1.0,,1.0,,,,,,,,6.4,6.5,5.5,5.5,6.5,4.25
255,Bologna,2024-06-02,0,,,,,1.0,,1.0,1.0,1.0,,,1.0,,1.0,1.0,,6.4,6.5,5.5,5.5,6.5,4.25
256,Bologna,2024-06-02,0,,,,,1.0,,,1.0,,,,1.0,1.0,1.0,,1.0,6.4,6.5,5.5,5.5,6.5,4.25
257,Bologna,2024-06-02,0,,,,,1.0,,1.0,,,1.0,1.0,,,,,1.0,6.4,6.5,5.5,5.5,6.5,4.25
258,Bologna,2024-06-02,0,373.0,,,,1.0,1.0,,1.0,,1.0,1.0,1.0,,1.0,,1.0,6.4,6.5,5.5,5.5,6.5,4.25
259,Bologna,2024-06-02,0,,,,,1.0,1.0,,1.0,,,,1.0,,1.0,,,6.4,6.5,5.5,5.5,6.5,4.25
260,Bologna,2024-06-02,0,,,,,1.0,1.0,1.0,1.0,1.0,1.0,1.0,1.0,,1.0,1.0,1.0,6.4,6.5,5.5,5.5,6.5,4.25
261,Bologna,2024-06-02,0,224.0,,,,1.0,,,1.0,1.0,1.0,,,,,,,6.4,6.5,5.5,5.5,6.5,4.25
262,Bologna,2024-06-02,0,,,,,1.0,1.0,1.0,1.0,,1.0,,1.0,,1.0,1.0,,6.4,6.5,5.5,5.5,6.5,4.25
263,Bologna,2024-06-02,0,,,,2.0,1.0,,,1.0,,1.0,,1.0,,1.0,,,6.4,6.5,5.5,5.5,6.5,4.25
264,Bologna,2024-06-02,0,,,,,1.0,,,1.0,,,,1.0,1.0,1.0,,1.0,6.4,6.5,5.5,5.5,6.5,4.25
265,Bologna,2024-06-02,0,,,,,1.0,1.0,1.0,1.0,1.0,1.0,,1.0,1.0,,,,6.4,6.5,5.5,5.5,6.5,4.25
266,Bologna,2024-06-02,0,373.0,,,,1.0,1.0,1.0,,,1.0,1.0,,,,1.0,,6.4,6.5,5.5,5.5,6.5,4.25
267,Bologna,2024-06-02,0,,,,,1.0,,,,,,,,,,1.0,,6.4,6.5,5.5,5.5,6.5,4.25
268,Bologna,2024-06-02,0,410.0,,,,1.0,,,1.0,,,,,,1.0,,,6.4,6.5,5.5,5.5,6.5,4.25
269,Bologna,2024-06-02,0,,,,,1.0,1.0,,1.0,1.0,1.0,,1.0,,,,,6.4,6.5,5.5,5.5,6.5,4.25
270,Bologna,2024-06-02,0,,,,,1.0,1.0,,1.0,,,,1.0,,,,,6.4,6.5,5.5,5.5,6.5,4.25
271,Bologna,2024-06-02,0,291.0,,,,1.0,1.0,,1.0,1.0,1.0,1.0,1.0,1.0,1.0,,1.0,6.4,6.5,5.5,5.5,6.5,4.25
272,Bologna,2024-06-02,0,,,,,1.0,,1.0,1.0,,,,,,1.0,1.0,,6.4,6.5,5.5,5.5,6.5,4.25
273,Bologna,2024-06-02,0,,,,,1.0,1.0,1.0,1.0,,1.0,,1.0,,,,,6.4,6.5,5.5,5.5,6.5,4.25
274,Bologna,2024-06-02,0,,,,,1.0,1.0,1.0,1.0,,1.0,1.0,,,1.0,1.0,,6.4,6.5,5.5,5.5,6.5,4.25
275,Bologna,2024-06-02,0,,,,,1.0,,1.0,,,,,1.0,,,,,6.4,6.5,5.5,5.5,6.5,4.25
276,Bologna,2024-06-02,0,380.0,,,,,,,1.0,,,,,,1.0,,,6.4,6.5,5.5,5.5,6.5,4.25
277,Bologna,2024-06-02,0,,,,,1.0,1.0,1.0,1.0,,1.0,,,,1.0,,,6.4,6.5,5.5,5.5,6.5,4.25
278,Bologna,2024-06-02,0,484.0,,,,1.0,1.0,,1.0,,1.0,,,,,,,6.4,6.5,5.5,5.5,6.5,4.25
279,Bologna,2024-06-02,0,,,,,,1.0,,1.0,,,,1.0,,1.0,,,6.4,6.5,5.5,5.5,6.5,4.25
280,Bologna,2024-06-02,0,,,,,,,,1.0,,,,,1.0,1.0,,,6.4,6.5,5.5,5.5,6.5,4.25
281,Bologna,2024-06-02,0,,,,,,,,1.0,,1.0,,,,1.0,,,6.4,6.5,5.5,5.5,6.5,4.25
282,Bologna,2024-06-02,0,596.0,,,,1.0,1.0,1.0,1.0,1.0,1.0,,1.0,1.0,1.0,,1.0,6.4,6.5,5.5,5.5,6.5,4.25
283,Bologna,2024-06-02,0,,,,,1.0,,,1.0,,,,,,,1.0,,6.4,6.5,5.5,5.5,6.5,4.25
284,Bologna,2024-06-02,0,,,,,1.0,1.0,,1.0,,1.0,,,,,,,6.4,6.5,5.5,5.5,6.5,4.25
285,Bologna,2024-06-02,0,,,,,1.0,,,1.0,,,,,,1.0,1.0,,6.4,6.5,5.5,5.5,6.5,4.25
286,Bologna,2024-06-02,0,,,,,1.0,1.0,1.0,1.0,1.0,1.0,,1.0,1.0,1.0,,1.0,6.4,6.5,5.5,5.5,6.5,4.25
287,Bologna,2024-06-02,0,,,,,,,,1.0,,,,,,1.0,,,6.4,6.5,5.5,5.5,6.5,4.25
288,Bologna,2024-06-02,0,,,,,1.0,1.0,1.0,,1.0,,,,1.0,,,,6.4,6.5,5.5,5.5,6.5,4.25
289,Bologna,2024-06-02,0,447.0,,,,1.0,,,1.0,,,,,,1.0,1.0,,6.4,6.5,5.5,5.5,6.5,4.25
290,Bologna,2024-06-02,0,373.0,,,,,,,1.0,,,,,,1.0,,,6.4,6.5,5.5,5.5,6.5,4.25
291,Bologna,2024-06-02,0,529.0,,,,,1.0,,,,,,,,,,,6.4,6.5,5.5,5.5,6.5,4.25
292,Bologna,2024-06-02,0,373.0,,,,1.0,1.0,,1.0,,,,,,1.0,,,6.4,6.5,5.5,5.5,6.5,4.25
293,Bologna,2024-06-02,0,,,,,,,,1.0,,,,,,1.0,,,6.4,6.5,5.5,5.5,6.5,4.25
294,Bologna,2024-06-02,0,596.0,,,,1.0,,,,,1.0,,,,,,,6.4,6.5,5.5,5.5,6.5,4.25
295,Bologna,2024-06-02,0,484.0,,,,,,,,,1.0,,,,,,,6.4,6.5,5.5,5.5,6.5,4.25
296,Bologna,2024-06-02,0,,,,,1.0,1.0,,,,,,,,,,,6.4,6.5,5.5,5.5,6.5,4.25
297,Bologna,2024-06-02,0,522.0,,,,,,,,,,,,,,,,6.4,6.5,5.5,5.5,6.5,4.25
298,Bologna,2024-06-02,0,477.0,,,,,,,,,,,,,,,,6.4,6.5,5.5,5.5,6.5,4.25
299,Bologna,2024-06-02,0,,,,,,,,,,,,,,,,,6.4,6.5,5.5,5.5,6.5,4.25
300,Bologna,2024-06-02,0,447.0,,,,,,,,,,,,,,,,6.4,6.5,5.5,5.5,6.5,4.25
301,Bologna,2024-06-02,0,,,,,,,,,,,,,,,,,6.4,6.5,5.5,5.5,6.5,4.25
302,Bologna,2024-06-02,0,447.0,,,,,,,,,,,,,,,,6.4,6.5,5.5,5.5,6.5,4.25
303,Bologna,2024-06-02,0,581.0,,,,,,,,,,,,,,,,6.4,6.5,5.5,5.5,6.5,4.25
304,Bologna,2024-06-02,0,,,,,,,,,,,,,,,,,6.4,6.5,5.5,5.5,6.5,4.25
305,Bologna,2024-06-02,0,,,,,,,,,,,,,,,,,6.4,6.5,5.5,5.5,6.5,4.25
306,Bologna,2024-06-02,0,,,,,,,,,,,,,,,,,6.4,6.5,5.5,5.5,6.5,4.25
307,Bologna,2024-06-02,0,,,,,,,,,,,,,,,,,6.4,6.5,5.5,5.5,6.5,4.25
308,Bologna,2024-06-02,0,462.0,,,,,,,,,,,,,,,,6.4,6.5,5.5,5.5,6.5,4.25
309,Bologna,2024-06-02,0,,,,,,,,,,,,,,,,,6.4,6.5,5.5,5.5,6.5,4.25
310,Bologna,2024-06-02,0,320.0,,,,,,,,,,,,,,,,6.4,6.5,5.5,5.5,6.5,4.25
311,Bologna,2024-06-02,0,671.0,,,,,,,,,,,,,,,,6.4,6.5,5.5,5.5,6.5,4.25
312,Bologna,2024-06-02,0,,,,,,,,,,,,,,,,,6.4,6.5,5.5,5.5,6.5,4.25
313,Bologna,2024-06-02,0,,,,,,,,,,,,,,,,,6.4,6.5,5.5,5.5,6.5,4.25
314,Bologna,2024-06-02,0,484.0,,,,,,,,,,,,,,,,6.4,6.5,5.5,5.5,6.5,4.25
315,Bologna,2024-06-02,0,,,,,,,,,,,,,,,,,6.4,6.5,5.5,5.5,6.5,4.25
316,Bologna,2024-06-02,0,,,,,,,,,,,,,,,,,6.4,6.5,5.5,5.5,6.5,4.25
317,Bologna,2024-06-02,0,484.0,,,,,,,,,,,,,,,,6.4,6.5,5.5,5.5,6.5,4.25
318,Bologna,2024-06-02,0,,,,,,,,,,,,,,,,,6.4,6.5,5.5,5.5,6.5,4.25
319,Bologna,2024-06-02,0,,,,,,,,,,,,,,,,,6.4,6.5,5.5,5.5,6.5,4.25
320,Bologna,2024-06-02,0,447.0,,,,,,,,,,,,,,,,6.4,6.5,5.5,5.5,6.5,4.25
321,Bologna,2024-06-02,0,,,,,,,,,,,,,,,,,6.4,6.5,5.5,5.5,6.5,4.25
322,Bologna,2024-06-02,0,,,,,,,,,,,,,,,,,6.4,6.5,5.5,5.5,6.5,4.25
323,Bologna,2024-06-02,0,,,,,,,,,,,,,,,,,6.4,6.5,5.5,5.5,6.5,4.25
324,Bologna,2024-06-02,0,,,,,,,,,,,,,,,,,6.4,6.5,5.5,5.5,6.5,4.25
325,Bologna,2024-06-02,0,,,,,,,,,,,,,,,,,6.4,6.5,5.5,5.5,6.5,4.25
326,Bologna,2024-06-02,0,,,,,,,,,,,,,,,,,6.4,6.5,5.5,5.5,6.5,4.25
327,Bologna,2024-06-02,0,,,,,,,,,,,,,,,,,6.4,6.5,5.5,5.5,6.5,4.25
328,Bologna,2024-06-02,0,514.0,,,,,,,,,,,,,,,,6.4,6.5,5.5,5.5,6.5,4.25
329,Bologna,2024-06-02,0,,,,,,,,,,,,,,,,,6.4,6.5,5.5,5.5,6.5,4.25
330,Bologna,2024-06-02,0,447.0,,,,,,,,,,,,,,,,6.4,6.5,5.5,5.5,6.5,4.25
331,Bologna,2024-06-02,0,,,,,,,,,,,,,,,,,6.4,6.5,5.5,5.5,6.5,4.25
332,Bologna,2024-06-02,0,,,,,,,,,,,,,,,,,6.4,6.5,5.5,5.5,6.5,4.25
333,Bologna,2024-06-02,0,,,,,,,,,,,,,,,,,6.4,6.5,5.5,5.5,6.5,4.25
334,Bologna,2024-06-02,0,,,,,,,,,,,,,,,,,6.4,6.5,5.5,5.5,6.5,4.25
335,Bologna,2024-06-02,0,,,,,,,,,,,,,,,,,6.4,6.5,5.5,5.5,6.5,4.25
336,Bologna,2024-06-02,0,,,,,,,,,,,,,,,,,6.4,6.5,5.5,5.5,6.5,4.25
337,Bologna,2024-06-02,0,484.0,,,,,,,,,,,,,,,,6.4,6.5,5.5,5.5,6.5,4.25
338,Bologna,2024-06-02,0,447.0,,,,,,,,,,,,,,,,6.4,6.5,5.5,5.5,6.5,4.25
339,Bologna,2024-06-02,0,,,,,,,,,,,,,,,,,6.4,6.5,5.5,5.5,6.5,4.25
340,Bologna,2024-06-02,0,,,,,,,,,,,,,,,,,6.4,6.5,5.5,5.5,6.5,4.25
341,Bologna,2024-06-02,0,,,,,,,,,,,,,,,,,6.4,6.5,5.5,5.5,6.5,4.25
342,Bologna,2024-06-02,0,,,,,,,,,,,,,,,,,6.4,6.5,5.5,5.5,6.5,4.25
343,Bologna,2024-06-02,0,,,,,,,,,,,,,,,,,6.4,6.5,5.5,5.5,6.5,4.25
344,Bologna,2024-06-02,0,,,,,,,,,,,,,,,,,6.4,6.5,5.5,5.5,6.5,4.25
345,Bologna,2024-06-02,0,,,,,,,,,,,,,,,,,6.4,6.5,5.5,5.5,6.5,4.25
346,Bologna,2024-06-02,0,522.0,,,,,,,,,,,,,,,,6.4,6.5,5.5,5.5,6.5,4.25
347,Bologna,2024-06-02,0,,,,,,,,,,,,,,,,,6.4,6.5,5.5,5.5,6.5,4.25
348,Bologna,2024-06-02,0,,,,,,,,,,,,,,,,,6.4,6.5,5.5,5.5,6.5,4.25
349,Bologna,2024-06-02,0,,,,,,,,,,,,,,,,,6.4,6.5,5.5,5.5,6.5,4.25
350,Bologna,2024-06-02,0,484.0,,,,,,,,,,,,,,,,6.4,6.5,5.5,5.5,6.5,4.25
351,Bologna,2024-06-02,0,447.0,,,,,,,,,,,,,,,,6.4,6.5,5.5,5.5,6.5,4.25
352,Bologna,2024-06-02,0,,,,,,,,,,,,,,,,,6.4,6.5,5.5,5.5,6.5,4.25
353,Bologna,2024-06-02,0,,,,,,,,,,,,,,,,,6.4,6.5,5.5,5.5,6.5,4.25
354,Bologna,2024-06-02,0,522.0,,,,,,,,,,,,,,,,6.4,6.5,5.5,5.5,6.5,4.25
355,Bologna,2024-06-02,0,,,,,,,,,,,,,,,,,6.4,6.5,5.5,5.5,6.5,4.25
356,Bologna,2024-06-02,0,,,,,,,,,,,,,,,,,6.4,6.5,5.5,5.5,6.5,4.25
357,Bologna,2024-06-02,0,,,,,,,,,,,,,,,,,6.4,6.5,5.5,5.5,6.5,4.25
358,Bologna,2024-06-02,0,,,,,,,,,,,,,,,,,6.4,6.5,5.5,5.5,6.5,4.25
359,Bologna,2024-06-02,0,,,,,,,,,,,,,,,,,6.4,6.5,5.5,5.5,6.5,4.25
360,Bologna,2024-06-02,0,,,,,,,,,,,,,,,,,6.4,6.5,5.5,5.5,6.5,4.25
361,Bologna,2024-06-02,0,402.0,,,,,,,,,,,,,,,,6.4,6.5,5.5,5.5,6.5,4.25
362,Bologna,2024-06-02,0,343.0,,,,,,,,,,,,,,,,6.4,6.5,5.5,5.5,6.5,4.25
363,Bologna,2024-06-02,0,,,,,,,,,,,,,,,,,6.4,6.5,5.5,5.5,6.5,4.25
364,Bologna,2024-06-02,0,,,,,,,,,,,,,,,,,6.4,6.5,5.5,5.5,6.5,4.25
365,Bologna,2024-06-02,0,,,,,,,,,,,,,,,,,6.4,6.5,5.5,5.5,6.5,4.25
366,Bologna,2024-06-02,0,495.0,,,,,,,,,,,,,,,,6.4,6.5,5.5,5.5,6.5,4.25
367,Bologna,2024-06-02,0,,,,,,,,,,,,,,,,,6.4,6.5,5.5,5.5,6.5,4.25
368,Bologna,2024-06-02,0,618.0,,,,,,,,,,,,,,,,6.4,6.5,5.5,5.5,6.5,4.25
369,Bologna,2024-06-02,0,,,,,,,,,,,,,,,,,6.4,6.5,5.5,5.5,6.5,4.25
370,Bologna,2024-06-02,0,522.0,,,,,,,,,,,,,,,,6.4,6.5,5.5,5.5,6.5,4.25
371,Bologna,2024-06-02,0,,,,,,,,,,,,,,,,,6.4,6.5,5.5,5.5,6.5,4.25
372,Bologna,2024-06-02,0,,,,,,,,,,,,,,,,,6.4,6.5,5.5,5.5,6.5,4.25
373,Bologna,2024-06-02,0,,,,,,,,,,,,,,,,,6.4,6.5,5.5,5.5,6.5,4.25
374,Bologna,2024-06-02,0,,,,,,,,,,,,,,,,,6.4,6.5,5.5,5.5,6.5,4.25
375,Bologna,2024-06-02,0,,,,,,,,,,,,,,,,,6.4,6.5,5.5,5.5,6.5,4.25
376,Bologna,2024-06-02,0,,,,,,,,,,,,,,,,,6.4,6.5,5.5,5.5,6.5,4.25
377,Bologna,2024-06-02,0,522.0,,,,,,,,,,,,,,,,6.4,6.5,5.5,5.5,6.5,4.25
378,Bologna,2024-06-02,0,477.0,,,,,,,,,,,,,,,,6.4,6.5,5.5,5.5,6.5,4.25
379,Bologna,2024-06-02,0,,,,,,,,,,,,,,,,,6.4,6.5,5.5,5.5,6.5,4.25
380,Bologna,2024-06-02,0,,,,,,,,,,,,,,,,,6.4,6.5,5.5,5.5,6.5,4.25
381,Bologna,2024-06-02,0,447.0,,,,,,,,,,,,,,,,6.4,6.5,5.5,5.5,6.5,4.25
382,Bologna,2024-06-02,0,,,,,,,,,,,,,,,,,6.4,6.5,5.5,5.5,6.5,4.25
383,Bologna,2024-06-02,0,,,,,,,,,,,,,,,,,6.4,6.5,5.5,5.5,6.5,4.25
384,Bologna,2024-06-02,0,,,,,,,,,,,,,,,,,6.4,6.5,5.5,5.5,6.5,4.25
385,Bologna,2024-06-02,0,,,,,,,,,,,,,,,,,6.4,6.5,5.5,5.5,6.5,4.25
386,Bologna,2024-06-02,0,522.0,,,,,,,,,,,,,,,,6.4,6.5,5.5,5.5,6.5,4.25
387,Bologna,2024-06-02,0,522.0,,,,,,,,,,,,,,,,6.4,6.5,5.5,5.5,6.5,4.25
388,Bologna,2024-06-02,0,,,,,,,,,,,,,,,,,6.4,6.5,5.5,5.5,6.5,4.25
389,Bologna,2024-06-02,0,484.0,,,,,,,,,,,,,,,,6.4,6.5,5.5,5.5,6.5,4.25
390,Bologna,2024-06-02,0,,,,,,,,,,,,,,,,,6.4,6.5,5.5,5.5,6.5,4.25
391,Bologna,2024-06-02,0,,,,,,,,,,,,,,,,,6.4,6.5,5.5,5.5,6.5,4.25
392,Bologna,2024-06-02,0,447.0,,,,,,,,,,,,,,,,6.4,6.5,5.5,5.5,6.5,4.25
393,Bologna,2024-06-02,0,447.0,,,,,,,,,,,,,,,,6.4,6.5,5.5,5.5,6.5,4.25
394,Bologna,2024-06-02,0,,,,,,,,,,,,,,,,,6.4,6.5,5.5,5.5,6.5,4.25
395,Bologna,2024-06-02,0,,,,,,,,,,,,,,,,,6.4,6.5,5.5,5.5,6.5,4.25
396,Bologna,2024-06-02,0,,,,,,,,,,,,,,,,,6.4,6.5,5.5,5.5,6.5,4.25
397,Bologna,2024-06-02,0,,,,,,,,,,,,,,,,,6.4,6.5,5.5,5.5,6.5,4.25
398,Bologna,2024-06-02,0,,,,,,,,,,,,,,,,,6.4,6.5,5.5,5.5,6.5,4.25
399,Bologna,2024-06-02,0,373.0,,,,,,,,,,,,,,,,6.4,6.5,5.5,5.5,6.5,4.25
400,Bologna,2024-06-02,0,447.0,,,,,,,,,,,,,,,,6.4,6.5,5.5,5.5,6.5,4.25
401,Bologna,2024-06-02,0,373.0,,,,,,,,,,,,,,,,6.4,6.5,5.5,5.5,6.5,4.25
402,Bologna,2024-06-02,0,587.0,,,,,,,,,,,,,,,,6.4,6.5,5.5,5.5,6.5,4.25
403,Bologna,2024-06-02,0,,,,,,,,,,,,,,,,,6.4,6.5,5.5,5.5,6.5,4.25
404,Bologna,2024-06-02,0,,,,,,,,,,,,,,,,,6.4,6.5,5.5,5.5,6.5,4.25
405,Bologna,2024-06-02,0,,,,,,,,,,,,,,,,,6.4,6.5,5.5,5.5,6.5,4.25
406,Bologna,2024-06-02,0,,,,,,,,,,,,,,,,,6.4,6.5,5.5,5.5,6.5,4.25
407,Bologna,2024-06-02,0,,,,,,,,,,,,,,,,,6.4,6.5,5.5,5.5,6.5,4.25
408,Bologna,2024-06-02,0,373.0,,,,,,,,,,,,,,,,6.4,6.5,5.5,5.5,6.5,4.25
409,Bologna,2024-06-02,0,484.0,,,,,,,,,,,,,,,,6.4,6.5,5.5,5.5,6.5,4.25
410,Bologna,2024-06-02,0,,,,,,,,,,,,,,,,,6.4,6.5,5.5,5.5,6.5,4.25
411,Bologna,2024-06-02,0,,,,,,,,,,,,,,,,,6.4,6.5,5.5,5.5,6.5,4.25
412,Bologna,2024-06-02,0,,,,,,,,,,,,,,,,,6.4,6.5,5.5,5.5,6.5,4.25
413,Bologna,2024-06-02,0,462.0,,,,,,,,,,,,,,,,6.4,6.5,5.5,5.5,6.5,4.25
414,Bologna,2024-06-02,0,,,,,,,,,,,,,,,,,6.4,6.5,5.5,5.5,6.5,4.25
415,Bologna,2024-06-02,0,,,,,,,,,,,,,,,,,6.4,6.5,5.5,5.5,6.5,4.25
416,Bologna,2024-06-02,0,,,,,,,,,,,,,,,,,6.4,6.5,5.5,5.5,6.5,4.25
417,Bologna,2024-06-02,0,,,,,,,,,,,,,,,,,6.4,6.5,5.5,5.5,6.5,4.25
418,Bologna,2024-06-02,0,,,,,,,,,,,,,,,,,6.4,6.5,5.5,5.5,6.5,4.25
419,Bologna,2024-06-02,0,,,,,,,,,,,,,,,,,6.4,6.5,5.5,5.5,6.5,4.25
420,Bologna,2024-06-02,0,,,,,,,,,,,,,,,,,6.4,6.5,5.5,5.5,6.5,4.25
421,Bologna,2024-06-02,0,,,,,,,,,,,,,,,,,6.4,6.5,5.5,5.5,6.5,4.25
422,Bologna,2024-06-02,0,,,,,,,,,,,,,,,,,6.4,6.5,5.5,5.5,6.5,4.25
423,Bologna,2024-06-02,0,,,,,,,,,,,,,,,,,6.4,6.5,5.5,5.5,6.5,4.25
424,Bologna,2024-06-02,0,,,,,,,,,,,,,,,,,6.4,6.5,5.5,5.5,6.5,4.25
425,Bologna,2024-06-02,0,,,,,,,,,,,,,,,,,6.4,6.5,5.5,5.5,6.5,4.25
426,Bologna,2024-06-02,0,,,,,,,,,,,,,,,,,6.4,6.5,5.5,5.5,6.5,4.25
427,Bologna,2024-06-02,0,,,,,,,,,,,,,,,,,6.4,6.5,5.5,5.5,6.5,4.25
428,Bologna,2024-06-02,0,,,,,,,,,,,,,,,,,6.4,6.5,5.5,5.5,6.5,4.25
429,Bologna,2024-06-02,0,,,,,,,,,,,,,,,,,6.4,6.5,5.5,5.5,6.5,4.25
430,Bologna,2024-06-02,0,559.0,,,,,,,,,,,,,,,,6.4,6.5,5.5,5.5,6.5,4.25
431,Bologna,2024-06-02,0,,,,,,,,,,,,,,,,,6.4,6.5,5.5,5.5,6.5,4.25
432,Bologna,2024-06-02,0,,,,,,,,,,,,,,,,,6.4,6.5,5.5,5.5,6.5,4.25
433,Bologna,2024-06-02,0,,,,,,,,,,,,,,,,,6.4,6.5,5.5,5.5,6.5,4.25
434,Bologna,2024-06-02,0,,,,,,,,,,,,,,,,,6.4,6.5,5.5,5.5,6.5,4.25
435,Bologna,2024-06-02,0,,,,,,,,,,,,,,,,,6.4,6.5,5.5,5.5,6.5,4.25
436,Bologna,2024-06-02,0,,,,,,,,,,,,,,,,,6.4,6.5,5.5,5.5,6.5,4.25
437,Bologna,2024-06-02,0,,,,,,,,,,,,,,,,,6.4,6.5,5.5,5.5,6.5,4.25
438,Bologna,2024-06-02,0,,,,,,,,,,,,,,,,,6.4,6.5,5.5,5.5,6.5,4.25
439,Bologna,2024-06-02,0,559.0,,,,,,,,,,,,,,,,6.4,6.5,5.5,5.5,6.5,4.25
440,Bologna,2024-06-02,0,,,,,,,,,,,,,,,,,6.4,6.5,5.5,5.5,6.5,4.25
441,Bologna,2024-06-02,0,,,,,,,,,,,,,,,,,6.4,6.5,5.5,5.5,6.5,4.25
442,Bologna,2024-06-02,0,492.0,,,,,,,,,,,,,,,,6.4,6.5,5.5,5.5,6.5,4.25
443,Bologna,2024-06-02,0,,,,,,,,,,,,,,,,,6.4,6.5,5.5,5.5,6.5,4.25
444,Bologna,2024-06-02,0,522.0,,,,,,,,,,,,,,,,6.4,6.5,5.5,5.5,6.5,4.25
445,Bologna,2024-06-02,0,,,,,,,,,,,,,,,,,6.4,6.5,5.5,5.5,6.5,4.25
446,Bologna,2024-06-02,0,373.0,,,,,,,,,,,,,,,,6.4,6.5,5.5,5.5,6.5,4.25
447,Bologna,2024-06-02,0,,,,,,,,,,,,,,,,,6.4,6.5,5.5,5.5,6.5,4.25
448,Bologna,2024-06-02,0,,,,,,,,,,,,,,,,,6.4,6.5,5.5,5.5,6.5,4.25
449,Bologna,2024-06-02,0,,,,,,,,,,,,,,,,,6.4,6.5,5.5,5.5,6.5,4.25
450,Bologna,2024-06-02,0,522.0,,,,,,,,,,,,,,,,6.4,6.5,5.5,5.5,6.5,4.25
451,Bologna,2024-06-02,0,,,,,,,,,,,,,,,,,6.4,6.5,5.5,5.5,6.5,4.25
452,Bologna,2024-06-02,0,,,,,,,,,,,,,,,,,6.4,6.5,5.5,5.5,6.5,4.25
453,Bologna,2024-06-02,0,,,,,,,,,,,,,,,,,6.4,6.5,5.5,5.5,6.5,4.25
454,Bologna,2024-06-02,0,,,,,,,,,,,,,,,,,6.4,6.5,5.5,5.5,6.5,4.25
455,Bologna,2024-06-02,0,,,,,,,,,,,,,,,,,6.4,6.5,5.5,5.5,6.5,4.25
456,Bologna,2024-06-02,0,440.0,,,,,,,,,,,,,,,,6.4,6.5,5.5,5.5,6.5,4.25
457,Bologna,2024-06-02,0,410.0,,,,,,,,,,,,,,,,6.4,6.5,5.5,5.5,6.5,4.25
458,Bologna,2024-06-02,0,,,,,,,,,,,,,,,,,6.4,6.5,5.5,5.5,6.5,4.25
459,Bologna,2024-06-02,0,,,,,,,,,,,,,,,,,6.4,6.5,5.5,5.5,6.5,4.25
460,Bologna,2024-06-02,0,469.0,,,,,,,,,,,,,,,,6.4,6.5,5.5,5.5,6.5,4.25
461,Bologna,2024-06-02,0,,,,,,,,,,,,,,,,,6.4,6.5,5.5,5.5,6.5,4.25
462,Bologna,2024-06-02,0,,,,,,,,,,,,,,,,,6.4,6.5,5.5,5.5,6.5,4.25
463,Bologna,2024-06-02,0,,,,,,,,,,,,,,,,,6.4,6.5,5.5,5.5,6.5,4.25
464,Bologna,2024-06-02,0,,,,,,,,,,,,,,,,,6.4,6.5,5.5,5.5,6.5,4.25
465,Bologna,2024-06-02,0,,,,,,,,,,,,,,,,,6.4,6.5,5.5,5.5,6.5,4.25
466,Bologna,2024-06-02,0,,,,,,,,,,,,,,,,,6.4,6.5,5.5,5.5,6.5,4.25
467,Bologna,2024-06-02,0,,,,,,,,,,,,,,,,,6.4,6.5,5.5,5.5,6.5,4.25
468,Bologna,2024-06-02,0,,,,,,,,,,,,,,,,,6.4,6.5,5.5,5.5,6.5,4.25
469,Bologna,2024-06-02,0,522.0,,,,,,,,,,,,,,,,6.4,6.5,5.5,5.5,6.5,4.25
470,Bologna,2024-06-02,0,522.0,,,,,,,,,,,,,,,,6.4,6.5,5.5,5.5,6.5,4.25
471,Bologna,2024-06-02,0,,,,,,,,,,,,,,,,,6.4,6.5,5.5,5.5,6.5,4.25
472,Bologna,2024-06-02,0,,,,,,,,,,,,,,,,,6.4,6.5,5.5,5.5,6.5,4.25
473,Bologna,2024-06-02,0,,,,,,,,,,,,,,,,,6.4,6.5,5.5,5.5,6.5,4.25
474,Bologna,2024-06-02,0,,,,,,,,,,,,,,,,,6.4,6.5,5.5,5.5,6.5,4.25
475,Bologna,2024-06-02,0,,,,,,,,,,,,,,,,,6.4,6.5,5.5,5.5,6.5,4.25
476,Bologna,2024-06-02,0,,,,,,,,,,,,,,,,,6.4,6.5,5.5,5.5,6.5,4.25
477,Bologna,2024-06-02,0,522.0,,,,,,,,,,,,,,,,6.4,6.5,5.5,5.5,6.5,4.25
478,Bologna,2024-06-02,0,,,,,,,,,,,,,,,,,6.4,6.5,5.5,5.5,6.5,4.25
479,Bologna,2024-06-02,0,589.0,,,,,,,,,,,,,,,,6.4,6.5,5.5,5.5,6.5,4.25
480,Bologna,2024-06-02,0,447.0,,,,,,,,,,,,,,,,6.4,6.5,5.5,5.5,6.5,4.25
481,Bologna,2024-06-02,0,641.0,,,,,,,,,,,,,,,,6.4,6.5,5.5,5.5,6.5,4.25
482,Bologna,2024-06-02,0,484.0,,,,,,,,,,,,,,,,6.4,6.5,5.5,5.5,6.5,4.25
483,Bologna,2024-06-02,0,,,,,,,,,,,,,,,,,6.4,6.5,5.5,5.5,6.5,4.25
484,Bologna,2024-06-02,0,,,,,,,,,,,,,,,,,6.4,6.5,5.5,5.5,6.5,4.25
485,Bologna,2024-06-02,0,,,,,,,,,,,,,,,,,6.4,6.5,5.5,5.5,6.5,4.25
486,Bologna,2024-06-02,0,,,,,,,,,,,,,,,,,6.4,6.5,5.5,5.5,6.5,4.25
487,Bologna,2024-06-02,0,,,,,,,,,,,,,,,,,6.4,6.5,5.5,5.5,6.5,4.25
488,Bologna,2024-06-02,0,,,,,,,,,,,,,,,,,6.4,6.5,5.5,5.5,6.5,4.25
489,Bologna,2024-06-02,0,559.0,,,,,,,,,,,,,,,,6.4,6.5,5.5,5.5,6.5,4.25
490,Bologna,2024-06-02,0,,,,,,,,,,,,,,,,,6.4,6.5,5.5,5.5,6.5,4.25
491,Bologna,2024-06-02,0,,,,,,,,,,,,,,,,,6.4,6.5,5.5,5.5,6.5,4.25
492,Bologna,2024-06-02,0,447.0,,,,,,,,,,,,,,,,6.4,6.5,5.5,5.5,6.5,4.25
493,Bologna,2024-06-02,0,,,,,,,,,,,,,,,,,6.4,6.5,5.5,5.5,6.5,4.25
494,Bologna,2024-06-02,0,,,,,,,,,,,,,,,,,6.4,6.5,5.5,5.5,6.5,4.25
495,Bologna,2024-06-02,0,484.0,,,,,,,,,,,,,,,,6.4,6.5,5.5,5.5,6.5,4.25
496,Bologna,2024-06-02,0,,,,,,,,,,,,,,,,,6.4,6.5,5.5,5.5,6.5,4.25
497,Bologna,2024-06-02,0,,,,,,,,,,,,,,,,,6.4,6.5,5.5,5.5,6.5,4.25
498,Bologna,2024-06-02,0,,,,,,,,,,,,,,,,,6.4,6.5,5.5,5.5,6.5,4.25
499,Bologna,2024-06-02,0,,,,,,,,,,,,,,,,,6.4,6.5,5.5,5.5,6.5,4.25
500,Bologna,2024-06-02,0,551.0,,,,,,,,,,,,,,,,6.4,6.5,5.5,5.5,6.5,4.25
501,Bologna,2024-06-02,0,708.0,,,,,,,,,,,,,,,,6.4,6.5,5.5,5.5,6.5,4.25
502,Bologna,2024-06-02,0,,,,,,,,,,,,,,,,,6.4,6.5,5.5,5.5,6.5,4.25
503,Bologna,2024-06-02,0,559.0,,,,,,,,,,,,,,,,6.4,6.5,5.5,5.5,6.5,4.25
504,Bologna,2024-06-02,0,373.0,,,,,,,,,,,,,,,,6.4,6.5,5.5,5.5,6.5,4.25
505,Bologna,2024-06-02,0,410.0,,,,,,,,,,,,,,,,6.4,6.5,5.5,5.5,6.5,4.25
506,Bologna,2024-06-02,0,335.0,,,,,,,,,,,,,,,,6.4,6.5,5.5,5.5,6.5,4.25
507,Bologna,2024-06-02,0,447.0,,,,,,,,,,,,,,,,6.4,6.5,5.5,5.5,6.5,4.25
508,Bologna,2024-06-02,0,574.0,,,,,,,,,,,,,,,,6.4,6.5,5.5,5.5,6.5,4.25
509,Bologna,2024-06-02,0,,,,,,,,,,,,,,,,,6.4,6.5,5.5,5.5,6.5,4.25
510,Bologna,2024-06-02,0,,,,,,,,,,,,,,,,,6.4,6.5,5.5,5.5,6.5,4.25
511,Bologna,2024-06-02,0,447.0,,,,,,,,,,,,,,,,6.4,6.5,5.5,5.5,6.5,4.25
512,Bologna,2024-06-02,0,447.0,,,,,,,,,,,,,,,,6.4,6.5,5.5,5.5,6.5,4.25
513,Bologna,2024-06-02,0,417.0,,,,,,,,,,,,,,,,6.4,6.5,5.5,5.5,6.5,4.25
514,Bologna,2024-06-02,0,447.0,,,,,,,,,,,,,,,,6.4,6.5,5.5,5.5,6.5,4.25
515,Bologna,2024-06-02,0,,,,,,,,,,,,,,,,,6.4,6.5,5.5,5.5,6.5,4.25
516,Bologna,2024-06-02,0,447.0,,,,,,,,,,,,,,,,6.4,6.5,5.5,5.5,6.5,4.25
517,Bologna,2024-06-02,0,447.0,,,,,,,,,,,,,,,,6.4,6.5,5.5,5.5,6.5,4.25
518,Bologna,2024-06-02,0,,,,,,,,,,,,,,,,,6.4,6.5,5.5,5.5,6.5,4.25
519,Bologna,2024-06-02,0,,,,,,,,,,,,,,,,,6.4,6.5,5.5,5.5,6.5,4.25
520,Bologna,2024-06-02,0,,,,,,,,,,,,,,,,,6.4,6.5,5.5,5.5,6.5,4.25
521,Bologna,2024-06-02,0,,,,,,,,,,,,,,,,,6.4,6.5,5.5,5.5,6.5,4.25
522,Bologna,2024-06-02,0,,,,,,,,,,,,,,,,,6.4,6.5,5.5,5.5,6.5,4.25
523,Bologna,2024-06-02,0,447.0,,,,,,,,,,,,,,,,6.4,6.5,5.5,5.5,6.5,4.25
524,Bologna,2024-06-02,0,,,,,,,,,,,,,,,,,6.4,6.5,5.5,5.5,6.5,4.25
525,Bologna,2024-06-02,0,410.0,,,,,,,,,,,,,,,,6.4,6.5,5.5,5.5,6.5,4.25
526,Bologna,2024-06-02,0,,,,,,,,,,,,,,,,,6.4,6.5,5.5,5.5,6.5,4.25
527,Bologna,2024-06-02,0,410.0,,,,,,,,,,,,,,,,6.4,6.5,5.5,5.5,6.5,4.25
528,Bologna,2024-06-02,0,,,,,,,,,,,,,,,,,6.4,6.5,5.5,5.5,6.5,4.25
529,Bologna,2024-06-02,0,,,,,,,,,,,,,,,,,6.4,6.5,5.5,5.5,6.5,4.25
530,Bologna,2024-06-02,0,,,,,,,,,,,,,,,,,6.4,6.5,5.5,5.5,6.5,4.25
531,Bologna,2024-06-02,0,,,,,,,,,,,,,,,,,6.4,6.5,5.5,5.5,6.5,4.25
532,Bologna,2024-06-02,0,618.0,,,,,,,,,,,,,,,,6.4,6.5,5.5,5.5,6.5,4.25
533,Bologna,2024-06-02,0,,,,,,,,,,,,,,,,,6.4,6.5,5.5,5.5,6.5,4.25
534,Bologna,2024-06-02,0,,,,,,,,,,,,,,,,,6.4,6.5,5.5,5.5,6.5,4.25
535,Bologna,2024-06-02,0,,,,,,,,,,,,,,,,,6.4,6.5,5.5,5.5,6.5,4.25
536,Bologna,2024-06-02,0,,,,,,,,,,,,,,,,,6.4,6.5,5.5,5.5,6.5,4.25
537,Bologna,2024-06-02,0,708.0,,,,,,,,,,,,,,,,6.4,6.5,5.5,5.5,6.5,4.25
538,Bologna,2024-06-02,0,,,,,,,,,,,,,,,,,6.4,6.5,5.5,5.5,6.5,4.25
539,Bologna,2024-06-02,0,,,,,,,,,,,,,,,,,6.4,6.5,5.5,5.5,6.5,4.25
540,Bologna,2024-06-02,0,,,,,,,,,,,,,,,,,6.4,6.5,5.5,5.5,6.5,4.25
541,Bologna,2024-06-02,0,,,,,,,,,,,,,,,,,6.4,6.5,5.5,5.5,6.5,4.25
542,Bologna,2024-06-02,0,,,,,,,,,,,,,,,,,6.4,6.5,5.5,5.5,6.5,4.25
543,Bologna,2024-06-02,0,,,,,,,,,,,,,,,,,6.4,6.5,5.5,5.5,6.5,4.25
544,Bologna,2024-06-02,0,,,,,,,,,,,,,,,,,6.4,6.5,5.5,5.5,6.5,4.25
545,Bologna,2024-06-02,0,,,,,,,,,,,,,,,,,6.4,6.5,5.5,5.5,6.5,4.25
546,Bologna,2024-06-02,0,,,,,,,,,,,,,,,,,6.4,6.5,5.5,5.5,6.5,4.25
547,Bologna,2024-06-02,0,514.0,,,,,,,,,,,,,,,,6.4,6.5,5.5,5.5,6.5,4.25
548,Bologna,2024-06-02,0,,,,,,,,,,,,,,,,,6.4,6.5,5.5,5.5,6.5,4.25
549,Bologna,2024-06-02,0,,,,,,,,,,,,,,,,,6.4,6.5,5.5,5.5,6.5,4.25
550,Bologna,2024-06-02,0,,,,,,,,,,,,,,,,,6.4,6.5,5.5,5.5,6.5,4.25
551,Bologna,2024-06-02,0,,,,,,,,,,,,,,,,,6.4,6.5,5.5,5.5,6.5,4.25
552,Bologna,2024-06-02,0,671.0,,,,,,,,,,,,,,,,6.4,6.5,5.5,5.5,6.5,4.25
553,Bologna,2024-06-02,0,,,,,,,,,,,,,,,,,6.4,6.5,5.5,5.5,6.5,4.25
554,Bologna,2024-06-02,0,,,,,,,,,,,,,,,,,6.4,6.5,5.5,5.5,6.5,4.25
555,Bologna,2024-06-02,0,701.0,,,,,,,,,,,,,,,,6.4,6.5,5.5,5.5,6.5,4.25
556,Bologna,2024-06-02,0,,,,,,,,,,,,,,,,,6.4,6.5,5.5,5.5,6.5,4.25
557,Bologna,2024-06-02,0,,,,,,,,,,,,,,,,,6.4,6.5,5.5,5.5,6.5,4.25
558,Bologna,2024-06-02,0,522.0,,,,,,,,,,,,,,,,6.4,6.5,5.5,5.5,6.5,4.25
559,Bologna,2024-06-02,0,,,,,,,,,,,,,,,,,6.4,6.5,5.5,5.5,6.5,4.25
560,Bologna,2024-06-02,0,,,,,,,,,,,,,,,,,6.4,6.5,5.5,5.5,6.5,4.25
561,Bologna,2024-06-02,0,,,,,,,,,,,,,,,,,6.4,6.5,5.5,5.5,6.5,4.25
562,Bologna,2024-06-02,0,596.0,,,,,,,,,,,,,,,,6.4,6.5,5.5,5.5,6.5,4.25
563,Bologna,2024-06-02,0,,,,,,,,,,,,,,,,,6.4,6.5,5.5,5.5,6.5,4.25
564,Bologna,2024-06-02,0,,,,,,,,,,,,,,,,,6.4,6.5,5.5,5.5,6.5,4.25
565,Bologna,2024-06-02,0,,,,,,,,,,,,,,,,,6.4,6.5,5.5,5.5,6.5,4.25
566,Bologna,2024-06-02,0,,,,,,,,,,,,,,,,,6.4,6.5,5.5,5.5,6.5,4.25
567,Bologna,2024-06-02,0,,,,,,,,,,,,,,,,,6.4,6.5,5.5,5.5,6.5,4.25
568,Bologna,2024-06-02,0,,,,,,,,,,,,,,,,,6.4,6.5,5.5,5.5,6.5,4.25
569,Bologna,2024-06-02,0,,,,,,,,,,,,,,,,,6.4,6.5,5.5,5.5,6.5,4.25
570,Bologna,2024-06-02,0,,,,,,,,,,,,,,,,,6.4,6.5,5.5,5.5,6.5,4.25
571,Bologna,2024-06-02,0,,,,,,,,,,,,,,,,,6.4,6.5,5.5,5.5,6.5,4.25
572,Bologna,2024-06-02,0,,,,,,,,,,,,,,,,,6.4,6.5,5.5,5.5,6.5,4.25
573,Bologna,2024-06-02,0,,,,,,,,,,,,,,,,,6.4,6.5,5.5,5.5,6.5,4.25
574,Bologna,2024-06-02,0,,,,,,,,,,,,,,,,,6.4,6.5,5.5,5.5,6.5,4.25
575,Bologna,2024-06-02,0,,,,,,,,,,,,,,,,,6.4,6.5,5.5,5.5,6.5,4.25
576,Bologna,2024-06-02,0,358.0,,,,,,,,,,,,,,,,6.4,6.5,5.5,5.5,6.5,4.25
577,Bologna,2024-06-02,0,,,,,,,,,,,,,,,,,6.4,6.5,5.5,5.5,6.5,4.25
578,Bologna,2024-06-02,0,,,,,,,,,,,,,,,,,6.4,6.5,5.5,5.5,6.5,4.25
579,Bologna,2024-06-02,0,596.0,,,,,,,,,,,,,,,,6.4,6.5,5.5,5.5,6.5,4.25
580,Bologna,2024-06-02,0,671.0,,,,,,,,,,,,,,,,6.4,6.5,5.5,5.5,6.5,4.25
581,Bologna,2024-06-02,0,,,,,,,,,,,,,,,,,6.4,6.5,5.5,5.5,6.5,4.25
582,Bologna,2024-06-02,0,,,,,,,,,,,,,,,,,6.4,6.5,5.5,5.5,6.5,4.25
583,Bologna,2024-06-02,0,708.0,,,,,,,,,,,,,,,,6.4,6.5,5.5,5.5,6.5,4.25
584,Bologna,2024-06-02,0,522.0,,,,,,,,,,,,,,,,6.4,6.5,5.5,5.5,6.5,4.25
585,Bologna,2024-06-02,0,,,,,,,,,,,,,,,,,6.4,6.5,5.5,5.5,6.5,4.25
586,Bologna,2024-06-02,0,,,,,,,,,,,,,,,,,6.4,6.5,5.5,5.5,6.5,4.25
587,Bologna,2024-06-02,0,,,,,,,,,,,,,,,,,6.4,6.5,5.5,5.5,6.5,4.25
588,Bologna,2024-06-02,0,,,,,,,,,,,,,,,,,6.4,6.5,5.5,5.5,6.5,4.25
589,Bologna,2024-06-02,0,738.0,,,,,,,,,,,,,,,,6.4,6.5,5.5,5.5,6.5,4.25
590,Bologna,2024-06-02,0,,,,,,,,,,,,,,,,,6.4,6.5,5.5,5.5,6.5,4.25
591,Bologna,2024-06-02,0,,,,,,,,,,,,,,,,,6.4,6.5,5.5,5.5,6.5,4.25
592,Bologna,2024-06-02,0,,,,,,,,,,,,,,,,,6.4,6.5,5.5,5.5,6.5,4.25
593,Bologna,2024-06-02,0,,,,,,,,,,,,,,,,,6.4,6.5,5.5,5.5,6.5,4.25
594,Bologna,2024-06-02,0,,,,,,,,,,,,,,,,,6.4,6.5,5.5,5.5,6.5,4.25
595,Bologna,2024-06-02,0,,,,,,,,,,,,,,,,,6.4,6.5,5.5,5.5,6.5,4.25
596,Bologna,2024-06-02,0,,,,,,,,,,,,,,,,,6.4,6.5,5.5,5.5,6.5,4.25
597,Bologna,2024-06-02,0,,,,,,,,,,,,,,,,,6.4,6.5,5.5,5.5,6.5,4.25
598,Bologna,2024-06-02,0,648.0,,,,,,,,,,,,,,,,6.4,6.5,5.5,5.5,6.5,4.25
599,Bologna,2024-06-02,0,,,,,,,,,,,,,,,,,6.4,6.5,5.5,5.5,6.5,4.25
600,Bologna,2024-06-02,0,,,,,,,,,,,,,,,,,6.4,6.5,5.5,5.5,6.5,4.25
601,Bologna,2024-06-02,0,,,,,,,,,,,,,,,,,6.4,6.5,5.5,5.5,6.5,4.25
602,Bologna,2024-06-02,0,,,,,,,,,,,,,,,,,6.4,6.5,5.5,5.5,6.5,4.25
603,Bologna,2024-06-02,0,,,,,,,,,,,,,,,,,6.4,6.5,5.5,5.5,6.5,4.25
604,Bologna,2024-06-02,0,,,,,,,,,,,,,,,,,6.4,6.5,5.5,5.5,6.5,4.25
605,Bologna,2024-06-02,0,,,,,,,,,,,,,,,,,6.4,6.5,5.5,5.5,6.5,4.25
606,Bologna,2024-06-02,0,460.0,,,,,,,,,,,,,,,,6.4,6.5,5.5,5.5,6.5,4.25
607,Bologna,2024-06-02,0,671.0,,,,,,,,,,,,,,,,6.4,6.5,5.5,5.5,6.5,4.25
608,Bologna,2024-06-02,0,,,,,,,,,,,,,,,,,6.4,6.5,5.5,5.5,6.5,4.25
609,Bologna,2024-06-02,0,708.0,,,,,,,,,,,,,,,,6.4,6.5,5.5,5.5,6.5,4.25
610,Bologna,2024-06-02,0,,,,,,,,,,,,,,,,,6.4,6.5,5.5,5.5,6.5,4.25
611,Bologna,2024-06-02,0,,,,,,,,,,,,,,,,,6.4,6.5,5.5,5.5,6.5,4.25
612,Bologna,2024-06-02,0,,,,,,,,,,,,,,,,,6.4,6.5,5.5,5.5,6.5,4.25
613,Bologna,2024-06-02,0,671.0,,,,,,,,,,,,,,,,6.4,6.5,5.5,5.5,6.5,4.25
614,Bologna,2024-06-02,0,,,,,,,,,,,,,,,,,6.4,6.5,5.5,5.5,6.5,4.25
615,Bologna,2024-06-02,0,,,,,,,,,,,,,,,,,6.4,6.5,5.5,5.5,6.5,4.25
616,Bologna,2024-06-02,0,,,,,,,,,,,,,,,,,6.4,6.5,5.5,5.5,6.5,4.25
617,Bologna,2024-06-02,0,,,,,,,,,,,,,,,,,6.4,6.5,5.5,5.5,6.5,4.25
618,Bologna,2024-06-02,0,,,,,,,,,,,,,,,,,6.4,6.5,5.5,5.5,6.5,4.25
619,Bologna,2024-06-02,0,,,,,,,,,,,,,,,,,6.4,6.5,5.5,5.5,6.5,4.25
620,Bologna,2024-06-02,0,,,,,,,,,,,,,,,,,6.4,6.5,5.5,5.5,6.5,4.25
621,Bologna,2024-06-02,0,671.0,,,,,,,,,,,,,,,,6.4,6.5,5.5,5.5,6.5,4.25
622,Bologna,2024-06-02,0,596.0,,,,,,,,,,,,,,,,6.4,6.5,5.5,5.5,6.5,4.25
623,Bologna,2024-06-02,0,633.0,,,,,,,,,,,,,,,,6.4,6.5,5.5,5.5,6.5,4.25
624,Bologna,2024-06-02,0,,,,,,,,,,,,,,,,,6.4,6.5,5.5,5.5,6.5,4.25
625,Bologna,2024-06-02,0,,,,,,,,,,,,,,,,,6.4,6.5,5.5,5.5,6.5,4.25
626,Bologna,2024-06-02,0,,,,,,,,,,,,,,,,,6.4,6.5,5.5,5.5,6.5,4.25
627,Bologna,2024-06-02,0,,,,,,,,,,,,,,,,,6.4,6.5,5.5,5.5,6.5,4.25
628,Bologna,2024-06-02,0,529.0,,,,,,,,,,,,,,,,6.4,6.5,5.5,5.5,6.5,4.25
629,Bologna,2024-06-02,0,,,,,,,,,,,,,,,,,6.4,6.5,5.5,5.5,6.5,4.25
630,Bologna,2024-06-02,0,,,,,,,,,,,,,,,,,6.4,6.5,5.5,5.5,6.5,4.25
631,Bologna,2024-06-02,0,,,,,,,,,,,,,,,,,6.4,6.5,5.5,5.5,6.5,4.25
632,Bologna,2024-06-02,0,,,,,,,,,,,,,,,,,6.4,6.5,5.5,5.5,6.5,4.25
633,Bologna,2024-06-02,0,671.0,,,,,,,,,,,,,,,,6.4,6.5,5.5,5.5,6.5,4.25
634,Bologna,2024-06-02,0,,,,,,,,,,,,,,,,,6.4,6.5,5.5,5.5,6.5,4.25
635,Bologna,2024-06-02,0,,,,,,,,,,,,,,,,,6.4,6.5,5.5,5.5,6.5,4.25
636,Bologna,2024-06-02,0,671.0,,,,,,,,,,,,,,,,6.4,6.5,5.5,5.5,6.5,4.25
637,Bologna,2024-06-02,0,,,,,,,,,,,,,,,,,6.4,6.5,5.5,5.5,6.5,4.25
638,Bologna,2024-06-02,0,,,,,,,,,,,,,,,,,6.4,6.5,5.5,5.5,6.5,4.25
639,Bologna,2024-06-02,0,,,,,,,,,,,,,,,,,6.4,6.5,5.5,5.5,6.5,4.25
640,Bologna,2024-06-02,0,,,,,,,,,,,,,,,,,6.4,6.5,5.5,5.5,6.5,4.25
641,Bologna,2024-06-02,0,,,,,,,,,,,,,,,,,6.4,6.5,5.5,5.5,6.5,4.25
642,Bologna,2024-06-02,0,,,,,,,,,,,,,,,,,6.4,6.5,5.5,5.5,6.5,4.25
643,Bologna,2024-06-02,0,633.0,,,,,,,,,,,,,,,,6.4,6.5,5.5,5.5,6.5,4.25
644,Bologna,2024-06-02,0,,,,,,,,,,,,,,,,,6.4,6.5,5.5,5.5,6.5,4.25
645,Bologna,2024-06-02,0,,,,,,,,,,,,,,,,,6.4,6.5,5.5,5.5,6.5,4.25
646,Bologna,2024-06-02,0,,,,,,,,,,,,,,,,,6.4,6.5,5.5,5.5,6.5,4.25
647,Bologna,2024-06-02,0,,,,,,,,,,,,,,,,,6.4,6.5,5.5,5.5,6.5,4.25
648,Bologna,2024-06-02,0,,,,,,,,,,,,,,,,,6.4,6.5,5.5,5.5,6.5,4.25
649,Bologna,2024-06-02,0,,,,,,,,,,,,,,,,,6.4,6.5,5.5,5.5,6.5,4.25
650,Bologna,2024-06-02,0,,,,,,,,,,,,,,,,,6.4,6.5,5.5,5.5,6.5,4.25
651,Bologna,2024-06-02,0,,,,,,,,,,,,,,,,,6.4,6.5,5.5,5.5,6.5,4.25
652,Bologna,2024-06-02,0,,,,,,,,,,,,,,,,,6.4,6.5,5.5,5.5,6.5,4.25
653,Bologna,2024-06-02,0,,,,,,,,,,,,,,,,,6.4,6.5,5.5,5.5,6.5,4.25
654,Bologna,2024-06-02,0,,,,,,,,,,,,,,,,,6.4,6.5,5.5,5.5,6.5,4.25
655,Bologna,2024-06-02,0,,,,,,,,,,,,,,,,,6.4,6.5,5.5,5.5,6.5,4.25
656,Bologna,2024-06-02,0,,,,,,,,,,,,,,,,,6.4,6.5,5.5,5.5,6.5,4.25
657,Bologna,2024-06-02,0,,,,,,,,,,,,,,,,,6.4,6.5,5.5,5.5,6.5,4.25
658,Bologna,2024-06-02,0,,,,,,,,,,,,,,,,,6.4,6.5,5.5,5.5,6.5,4.25
659,Bologna,2024-06-02,0,648.0,,,,,,,,,,,,,,,,6.4,6.5,5.5,5.5,6.5,4.25
660,Bologna,2024-06-02,0,671.0,,,,,,,,,,,,,,,,6.4,6.5,5.5,5.5,6.5,4.25
661,Bologna,2024-06-02,0,,,,,,,,,,,,,,,,,6.4,6.5,5.5,5.5,6.5,4.25
662,Bologna,2024-06-02,0,,,,,,,,,,,,,,,,,6.4,6.5,5.5,5.5,6.5,4.25
663,Bologna,2024-06-02,0,,,,,,,,,,,,,,,,,6.4,6.5,5.5,5.5,6.5,4.25
664,Bologna,2024-06-02,0,,,,,,,,,,,,,,,,,6.4,6.5,5.5,5.5,6.5,4.25
665,Bologna,2024-06-02,0,,,,,,,,,,,,,,,,,6.4,6.5,5.5,5.5,6.5,4.25
666,Bologna,2024-06-02,0,,,,,,,,,,,,,,,,,6.4,6.5,5.5,5.5,6.5,4.25
667,Bologna,2024-06-02,0,,,,,,,,,,,,,,,,,6.4,6.5,5.5,5.5,6.5,4.25
668,Bologna,2024-06-02,0,,,,,,,,,,,,,,,,,6.4,6.5,5.5,5.5,6.5,4.25
669,Bologna,2024-06-02,0,,,,,,,,,,,,,,,,,6.4,6.5,5.5,5.5,6.5,4.25
670,Bologna,2024-06-02,0,,,,,,,,,,,,,,,,,6.4,6.5,5.5,5.5,6.5,4.25
671,Bologna,2024-06-02,0,,,,,,,,,,,,,,,,,6.4,6.5,5.5,5.5,6.5,4.25
672,Bologna,2024-06-02,0,,,,,,,,,,,,,,,,,6.4,6.5,5.5,5.5,6.5,4.25
673,Bologna,2024-06-02,0,,,,,,,,,,,,,,,,,6.4,6.5,5.5,5.5,6.5,4.25
674,Bologna,2024-06-02,0,,,,,,,,,,,,,,,,,6.4,6.5,5.5,5.5,6.5,4.25
675,Bologna,2024-06-02,0,,,,,,,,,,,,,,,,,6.4,6.5,5.5,5.5,6.5,4.25
676,Bologna,2024-06-02,0,,,,,,,,,,,,,,,,,6.4,6.5,5.5,5.5,6.5,4.25
677,Bologna,2024-06-02,0,559.0,,,,,,,,,,,,,,,,6.4,6.5,5.5,5.5,6.5,4.25
678,Bologna,2024-06-02,0,,,,,,,,,,,,,,,,,6.4,6.5,5.5,5.5,6.5,4.25
679,Bologna,2024-06-02,0,,,,,,,,,,,,,,,,,6.4,6.5,5.5,5.5,6.5,4.25
680,Bologna,2024-06-02,0,,,,,,,,,,,,,,,,,6.4,6.5,5.5,5.5,6.5,4.25
681,Bologna,2024-06-02,0,,,,,,,,,,,,,,,,,6.4,6.5,5.5,5.5,6.5,4.25
682,Bologna,2024-06-02,0,,,,,,,,,,,,,,,,,6.4,6.5,5.5,5.5,6.5,4.25
683,Bologna,2024-06-02,0,,,,,,,,,,,,,,,,,6.4,6.5,5.5,5.5,6.5,4.25
684,Bologna,2024-06-02,0,,,,,,,,,,,,,,,,,6.4,6.5,5.5,5.5,6.5,4.25
685,Bologna,2024-06-02,0,,,,,,,,,,,,,,,,,6.4,6.5,5.5,5.5,6.5,4.25
686,Bologna,2024-06-02,0,596.0,,,,,,,,,,,,,,,,6.4,6.5,5.5,5.5,6.5,4.25
687,Bologna,2024-06-02,0,,,,,,,,,,,,,,,,,6.4,6.5,5.5,5.5,6.5,4.25
688,Bologna,2024-06-02,0,,,,,,,,,,,,,,,,,6.4,6.5,5.5,5.5,6.5,4.25
689,Bologna,2024-06-02,0,730.0,,,,,,,,,,,,,,,,6.4,6.5,5.5,5.5,6.5,4.25
690,Bologna,2024-06-02,0,,,,,,,,,,,,,,,,,6.4,6.5,5.5,5.5,6.5,4.25
691,Bologna,2024-06-02,0,,,,,,,,,,,,,,,,,6.4,6.5,5.5,5.5,6.5,4.25
692,Bologna,2024-06-02,0,671.0,,,,,,,,,,,,,,,,6.4,6.5,5.5,5.5,6.5,4.25
693,Bologna,2024-06-02,0,,,,,,,,,,,,,,,,,6.4,6.5,5.5,5.5,6.5,4.25
694,Bologna,2024-06-02,0,,,,,,,,,,,,,,,,,6.4,6.5,5.5,5.5,6.5,4.25
695,Bologna,2024-06-02,0,,,,,,,,,,,,,,,,,6.4,6.5,5.5,5.5,6.5,4.25
696,Bologna,2024-06-02,0,,,,,,,,,,,,,,,,,6.4,6.5,5.5,5.5,6.5,4.25
697,Bologna,2024-06-02,0,671.0,,,,,,,,,,,,,,,,6.4,6.5,5.5,5.5,6.5,4.25
698,Bologna,2024-06-02,0,,,,,,,,,,,,,,,,,6.4,6.5,5.5,5.5,6.5,4.25
699,Bologna,2024-06-02,0,,,,,,,,,,,,,,,,,6.4,6.5,5.5,5.5,6.5,4.25
700,Bologna,2024-06-02,0,,,,,,,,,,,,,,,,,6.4,6.5,5.5,5.5,6.5,4.25
701,Bologna,2024-06-02,0,708.0,,,,,,,,,,,,,,,,6.4,6.5,5.5,5.5,6.5,4.25
702,Bologna,2024-06-02,0,,,,,,,,,,,,,,,,,6.4,6.5,5.5,5.5,6.5,4.25
703,Bologna,2024-06-02,0,,,,,,,,,,,,,,,,,6.4,6.5,5.5,5.5,6.5,4.25
704,Bologna,2024-06-02,0,,,,,,,,,,,,,,,,,6.4,6.5,5.5,5.5,6.5,4.25
705,Bologna,2024-06-02,0,633.0,,,,,,,,,,,,,,,,6.4,6.5,5.5,5.5,6.5,4.25
706,Bologna,2024-06-02,0,,,,,,,,,,,,,,,,,6.4,6.5,5.5,5.5,6.5,4.25
707,Bologna,2024-06-02,0,,,,,,,,,,,,,,,,,6.4,6.5,5.5,5.5,6.5,4.25
708,Bologna,2024-06-02,0,596.0,,,,,,,,,,,,,,,,6.4,6.5,5.5,5.5,6.5,4.25
709,Bologna,2024-06-02,0,,,,,,,,,,,,,,,,,6.4,6.5,5.5,5.5,6.5,4.25
710,Bologna,2024-06-02,0,,,,,,,,,,,,,,,,,6.4,6.5,5.5,5.5,6.5,4.25
711,Bologna,2024-06-02,0,,,,,,,,,,,,,,,,,6.4,6.5,5.5,5.5,6.5,4.25
712,Bologna,2024-06-02,0,,,,,,,,,,,,,,,,,6.4,6.5,5.5,5.5,6.5,4.25
713,Bologna,2024-06-02,0,,,,,,,,,,,,,,,,,6.4,6.5,5.5,5.5,6.5,4.25
714,Bologna,2024-06-02,0,,,,,,,,,,,,,,,,,6.4,6.5,5.5,5.5,6.5,4.25
715,Bologna,2024-06-02,0,,,,,,,,,,,,,,,,,6.4,6.5,5.5,5.5,6.5,4.25
716,Bologna,2024-06-02,0,,,,,,,,,,,,,,,,,6.4,6.5,5.5,5.5,6.5,4.25
717,Bologna,2024-06-02,0,,,,,,,,,,,,,,,,,6.4,6.5,5.5,5.5,6.5,4.25
718,Bologna,2024-06-02,0,,,,,,,,,,,,,,,,,6.4,6.5,5.5,5.5,6.5,4.25
719,Bologna,2024-06-02,0,,,,,,,,,,,,,,,,,6.4,6.5,5.5,5.5,6.5,4.25
720,Bologna,2024-06-02,0,,,,,,,,,,,,,,,,,6.4,6.5,5.5,5.5,6.5,4.25
721,Bologna,2024-06-02,0,,,,,,,,,,,,,,,,,6.4,6.5,5.5,5.5,6.5,4.25
722,Bologna,2024-06-02,0,,,,,,,,,,,,,,,,,6.4,6.5,5.5,5.5,6.5,4.25
723,Bologna,2024-06-02,0,,,,,,,,,,,,,,,,,6.4,6.5,5.5,5.5,6.5,4.25
724,Bologna,2024-06-02,0,,,,,,,,,,,,,,,,,6.4,6.5,5.5,5.5,6.5,4.25
725,Bologna,2024-06-02,0,,,,,,,,,,,,,,,,,6.4,6.5,5.5,5.5,6.5,4.25
726,Bologna,2024-06-02,0,671.0,,,,,,,,,,,,,,,,6.4,6.5,5.5,5.5,6.5,4.25
727,Bologna,2024-06-02,0,,,,,,,,,,,,,,,,,6.4,6.5,5.5,5.5,6.5,4.25
728,Bologna,2024-06-02,0,,,,,,,,,,,,,,,,,6.4,6.5,5.5,5.5,6.5,4.25
729,Bologna,2024-06-02,0,,,,,,,,,,,,,,,,,6.4,6.5,5.5,5.5,6.5,4.25
730,Bologna,2024-06-02,0,,,,,,,,,,,,,,,,,6.4,6.5,5.5,5.5,6.5,4.25
731,Bologna,2024-06-02,0,,,,,,,,,,,,,,,,,6.4,6.5,5.5,5.5,6.5,4.25
732,Bologna,2024-06-02,0,,,,,,,,,,,,,,,,,6.4,6.5,5.5,5.5,6.5,4.25
733,Bologna,2024-06-02,0,671.0,,,,,,,,,,,,,,,,6.4,6.5,5.5,5.5,6.5,4.25
734,Bologna,2024-06-02,0,,,,,,,,,,,,,,,,,6.4,6.5,5.5,5.5,6.5,4.25
735,Bologna,2024-06-02,0,,,,,,,,,,,,,,,,,6.4,6.5,5.5,5.5,6.5,4.25
736,Bologna,2024-06-02,0,,,,,,,,,,,,,,,,,6.4,6.5,5.5,5.5,6.5,4.25
737,Bologna,2024-06-02,0,,,,,,,,,,,,,,,,,6.4,6.5,5.5,5.5,6.5,4.25
738,Bologna,2024-06-02,0,596.0,,,,,,,,,,,,,,,,6.4,6.5,5.5,5.5,6.5,4.25
739,Bologna,2024-06-02,0,,,,,,,,,,,,,,,,,6.4,6.5,5.5,5.5,6.5,4.25
740,Bologna,2024-06-02,0,,,,,,,,,,,,,,,,,6.4,6.5,5.5,5.5,6.5,4.25
741,Bologna,2024-06-02,0,,,,,,,,,,,,,,,,,6.4,6.5,5.5,5.5,6.5,4.25
742,Bologna,2024-06-02,0,,,,,,,,,,,,,,,,,6.4,6.5,5.5,5.5,6.5,4.25
743,Bologna,2024-06-02,0,,,,,,,,,,,,,,,,,6.4,6.5,5.5,5.5,6.5,4.25
744,Bologna,2024-06-02,0,,,,,,,,,,,,,,,,,6.4,6.5,5.5,5.5,6.5,4.25
745,Bologna,2024-06-02,0,,,,,,,,,,,,,,,,,6.4,6.5,5.5,5.5,6.5,4.25
746,Bologna,2024-06-02,0,,,,,,,,,,,,,,,,,6.4,6.5,5.5,5.5,6.5,4.25
747,Bologna,2024-06-02,0,,,,,,,,,,,,,,,,,6.4,6.5,5.5,5.5,6.5,4.25
748,Bologna,2024-06-02,0,,,,,,,,,,,,,,,,,6.4,6.5,5.5,5.5,6.5,4.25
749,Bologna,2024-06-02,0,,,,,,,,,,,,,,,,,6.4,6.5,5.5,5.5,6.5,4.25
750,Bologna,2024-06-02,0,,,,,,,,,,,,,,,,,6.4,6.5,5.5,5.5,6.5,4.25
751,Bologna,2024-06-02,0,,,,,,,,,,,,,,,,,6.4,6.5,5.5,5.5,6.5,4.25
752,Bologna,2024-06-02,0,596.0,,,,,,,,,,,,,,,,6.4,6.5,5.5,5.5,6.5,4.25
753,Bologna,2024-06-02,0,,,,,,,,,,,,,,,,,6.4,6.5,5.5,5.5,6.5,4.25
754,Bologna,2024-06-02,0,,,,,,,,,,,,,,,,,6.4,6.5,5.5,5.5,6.5,4.25
755,Bologna,2024-06-02,0,,,,,,,,,,,,,,,,,6.4,6.5,5.5,5.5,6.5,4.25
756,Bologna,2024-06-02,0,708.0,,,,,,,,,,,,,,,,6.4,6.5,5.5,5.5,6.5,4.25
757,Bologna,2024-06-02,0,,,,,,,,,,,,,,,,,6.4,6.5,5.5,5.5,6.5,4.25
758,Bologna,2024-06-02,0,,,,,,,,,,,,,,,,,6.4,6.5,5.5,5.5,6.5,4.25
759,Bologna,2024-06-02,0,671.0,,,,,,,,,,,,,,,,6.4,6.5,5.5,5.5,6.5,4.25
760,Bologna,2024-06-02,0,,,,,,,,,,,,,,,,,6.4,6.5,5.5,5.5,6.5,4.25
761,Bologna,2024-06-02,0,,,,,,,,,,,,,,,,,6.4,6.5,5.5,5.5,6.5,4.25
762,Bologna,2024-06-02,0,,,,,,,,,,,,,,,,,6.4,6.5,5.5,5.5,6.5,4.25
763,Bologna,2024-06-02,0,,,,,,,,,,,,,,,,,6.4,6.5,5.5,5.5,6.5,4.25
764,Bologna,2024-06-02,0,,,,,,,,,,,,,,,,,6.4,6.5,5.5,5.5,6.5,4.25
765,Bologna,2024-06-02,0,,,,,,,,,,,,,,,,,6.4,6.5,5.5,5.5,6.5,4.25
766,Bologna,2024-06-02,0,,,,,,,,,,,,,,,,,6.4,6.5,5.5,5.5,6.5,4.25
767,Bologna,2024-06-02,0,,,,,,,,,,,,,,,,,6.4,6.5,5.5,5.5,6.5,4.25
768,Bologna,2024-06-02,0,514.0,,,,,,,,,,,,,,,,6.4,6.5,5.5,5.5,6.5,4.25
769,Bologna,2024-06-02,0,,,,,,,,,,,,,,,,,6.4,6.5,5.5,5.5,6.5,4.25
770,Bologna,2024-06-02,0,,,,,,,,,,,,,,,,,6.4,6.5,5.5,5.5,6.5,4.25
771,Bologna,2024-06-02,0,,,,,,,,,,,,,,,,,6.4,6.5,5.5,5.5,6.5,4.25
772,Bologna,2024-06-02,0,,,,,,,,,,,,,,,,,6.4,6.5,5.5,5.5,6.5,4.25
773,Bologna,2024-06-02,0,,,,,,,,,,,,,,,,,6.4,6.5,5.5,5.5,6.5,4.25
774,Bologna,2024-06-02,0,,,,,,,,,,,,,,,,,6.4,6.5,5.5,5.5,6.5,4.25
775,Bologna,2024-06-02,0,,,,,,,,,,,,,,,,,6.4,6.5,5.5,5.5,6.5,4.25
776,Bologna,2024-06-02,0,,,,,,,,,,,,,,,,,6.4,6.5,5.5,5.5,6.5,4.25
777,Bologna,2024-06-02,0,,,,,,,,,,,,,,,,,6.4,6.5,5.5,5.5,6.5,4.25
778,Bologna,2024-06-02,0,,,,,,,,,,,,,,,,,6.4,6.5,5.5,5.5,6.5,4.25
779,Bologna,2024-06-02,0,,,,,,,,,,,,,,,,,6.4,6.5,5.5,5.5,6.5,4.25
780,Bologna,2024-06-02,0,,,,,,,,,,,,,,,,,6.4,6.5,5.5,5.5,6.5,4.25
781,Bologna,2024-06-02,0,,,,,,,,,,,,,,,,,6.4,6.5,5.5,5.5,6.5,4.25
782,Bologna,2024-06-02,0,,,,,,,,,,,,,,,,,6.4,6.5,5.5,5.5,6.5,4.25
783,Bologna,2024-06-02,0,,,,,,,,,,,,,,,,,6.4,6.5,5.5,5.5,6.5,4.25
784,Bologna,2024-06-02,0,,,,,,,,,,,,,,,,,6.4,6.5,5.5,5.5,6.5,4.25
785,Bologna,2024-06-02,0,,,,,,,,,,,,,,,,,6.4,6.5,5.5,5.5,6.5,4.25
786,Bologna,2024-06-02,0,,,,,,,,,,,,,,,,,6.4,6.5,5.5,5.5,6.5,4.25
787,Bologna,2024-06-02,0,,,,,,,,,,,,,,,,,6.4,6.5,5.5,5.5,6.5,4.25
788,Bologna,2024-06-02,0,723.0,,,,,,,,,,,,,,,,6.4,6.5,5.5,5.5,6.5,4.25
789,Bologna,2024-06-02,0,969.0,,,,,,,,,,,,,,,,6.4,6.5,5.5,5.5,6.5,4.25
790,Bologna,2024-06-02,0,,,,,,,,,,,,,,,,,6.4,6.5,5.5,5.5,6.5,4.25
791,Bologna,2024-06-02,0,,,,,,,,,,,,,,,,,6.4,6.5,5.5,5.5,6.5,4.25
792,Bologna,2024-06-02,0,745.0,,,,,,,,,,,,,,,,6.4,6.5,5.5,5.5,6.5,4.25
793,Bologna,2024-06-02,0,,,,,,,,,,,,,,,,,6.4,6.5,5.5,5.5,6.5,4.25
794,Bologna,2024-06-02,0,671.0,,,,,,,,,,,,,,,,6.4,6.5,5.5,5.5,6.5,4.25
795,Bologna,2024-06-02,0,,,,,,,,,,,,,,,,,6.4,6.5,5.5,5.5,6.5,4.25
796,Bologna,2024-06-02,0,,,,,,,,,,,,,,,,,6.4,6.5,5.5,5.5,6.5,4.25
797,Bologna,2024-06-02,0,,,,,,,,,,,,,,,,,6.4,6.5,5.5,5.5,6.5,4.25
798,Bologna,2024-06-02,0,,,,,,,,,,,,,,,,,6.4,6.5,5.5,5.5,6.5,4.25
799,Bologna,2024-06-02,0,,,,,,,,,,,,,,,,,6.4,6.5,5.5,5.5,6.5,4.25
800,Bologna,2024-06-02,0,,,,,,,,,,,,,,,,,6.4,6.5,5.5,5.5,6.5,4.25
801,Bologna,2024-06-02,0,,,,,,,,,,,,,,,,,6.4,6.5,5.5,5.5,6.5,4.25
802,Bologna,2024-06-02,0,,,,,,,,,,,,,,,,,6.4,6.5,5.5,5.5,6.5,4.25
803,Bologna,2024-06-02,0,,,,,,,,,,,,,,,,,6.4,6.5,5.5,5.5,6.5,4.25
804,Bologna,2024-06-02,0,,,,,,,,,,,,,,,,,6.4,6.5,5.5,5.5,6.5,4.25
805,Bologna,2024-06-02,0,,,,,,,,,,,,,,,,,6.4,6.5,5.5,5.5,6.5,4.25
806,Bologna,2024-06-02,0,,,,,,,,,,,,,,,,,6.4,6.5,5.5,5.5,6.5,4.25
807,Bologna,2024-06-02,0,,,,,,,,,,,,,,,,,6.4,6.5,5.5,5.5,6.5,4.25
808,Bologna,2024-06-02,0,,,,,,,,,,,,,,,,,6.4,6.5,5.5,5.5,6.5,4.25
809,Bologna,2024-06-02,0,,,,,,,,,,,,,,,,,6.4,6.5,5.5,5.5,6.5,4.25
810,Bologna,2024-06-02,0,,,,,,,,,,,,,,,,,6.4,6.5,5.5,5.5,6.5,4.25
811,Bologna,2024-06-02,0,,,,,,,,,,,,,,,,,6.4,6.5,5.5,5.5,6.5,4.25
812,Bologna,2024-06-02,0,,,,,,,,,,,,,,,,,6.4,6.5,5.5,5.5,6.5,4.25
813,Bologna,2024-06-02,0,,,,,,,,,,,,,,,,,6.4,6.5,5.5,5.5,6.5,4.25
814,Bologna,2024-06-02,0,,,,,,,,,,,,,,,,,6.4,6.5,5.5,5.5,6.5,4.25
815,Bologna,2024-06-02,0,,,,,,,,,,,,,,,,,6.4,6.5,5.5,5.5,6.5,4.25
816,Bologna,2024-06-02,0,,,,,,,,,,,,,,,,,6.4,6.5,5.5,5.5,6.5,4.25
817,Bologna,2024-06-02,0,,,,,,,,,,,,,,,,,6.4,6.5,5.5,5.5,6.5,4.25
818,Bologna,2024-06-02,0,,,,,,,,,,,,,,,,,6.4,6.5,5.5,5.5,6.5,4.25
819,Bologna,2024-06-02,0,,,,,,,,,,,,,,,,,6.4,6.5,5.5,5.5,6.5,4.25
820,Bologna,2024-06-02,0,,,,,,,,,,,,,,,,,6.4,6.5,5.5,5.5,6.5,4.25
821,Bologna,2024-06-02,0,,,,,,,,,,,,,,,,,6.4,6.5,5.5,5.5,6.5,4.25
822,Bologna,2024-06-02,0,,,,,,,,,,,,,,,,,6.4,6.5,5.5,5.5,6.5,4.25
823,Bologna,2024-06-02,0,,,,,,,,,,,,,,,,,6.4,6.5,5.5,5.5,6.5,4.25
824,Bologna,2024-06-02,0,,,,,,,,,,,,,,,,,6.4,6.5,5.5,5.5,6.5,4.25
825,Bologna,2024-06-02,0,,,,,,,,,,,,,,,,,6.4,6.5,5.5,5.5,6.5,4.25
826,Bologna,2024-06-02,0,,,,,,,,,,,,,,,,,6.4,6.5,5.5,5.5,6.5,4.25
827,Bologna,2024-06-02,0,,,,,,,,,,,,,,,,,6.4,6.5,5.5,5.5,6.5,4.25
828,Bologna,2024-06-02,0,,,,,,,,,,,,,,,,,6.4,6.5,5.5,5.5,6.5,4.25
829,Bologna,2024-06-02,0,,,,,,,,,,,,,,,,,6.4,6.5,5.5,5.5,6.5,4.25
830,Bologna,2024-06-02,0,,,,,,,,,,,,,,,,,6.4,6.5,5.5,5.5,6.5,4.25
831,Bologna,2024-06-02,0,,,,,,,,,,,,,,,,,6.4,6.5,5.5,5.5,6.5,4.25
832,Bologna,2024-06-02,0,,,,,,,,,,,,,,,,,6.4,6.5,5.5,5.5,6.5,4.25
833,Bologna,2024-06-02,0,894.0,,,,,,,,,,,,,,,,6.4,6.5,5.5,5.5,6.5,4.25
834,Bologna,2024-06-02,0,,,,,,,,,,,,,,,,,6.4,6.5,5.5,5.5,6.5,4.25
835,Bologna,2024-06-02,0,,,,,,,,,,,,,,,,,6.4,6.5,5.5,5.5,6.5,4.25
836,Bologna,2024-06-02,0,,,,,,,,,,,,,,,,,6.4,6.5,5.5,5.5,6.5,4.25
837,Bologna,2024-06-02,0,,,,,,,,,,,,,,,,,6.4,6.5,5.5,5.5,6.5,4.25
838,Bologna,2024-06-02,0,,,,,,,,,,,,,,,,,6.4,6.5,5.5,5.5,6.5,4.25
839,Bologna,2024-06-02,0,,,,,,,,,,,,,,,,,6.4,6.5,5.5,5.5,6.5,4.25
840,Bologna,2024-06-02,0,,,,,,,,,,,,,,,,,6.4,6.5,5.5,5.5,6.5,4.25
841,Bologna,2024-06-02,0,,,,,,,,,,,,,,,,,6.4,6.5,5.5,5.5,6.5,4.25
842,Bologna,2024-06-02,0,,,,,,,,,,,,,,,,,6.4,6.5,5.5,5.5,6.5,4.25
843,Bologna,2024-06-02,0,894.0,,,,,,,,,,,,,,,,6.4,6.5,5.5,5.5,6.5,4.25
844,Bologna,2024-06-02,0,969.0,,,,,,,,,,,,,,,,6.4,6.5,5.5,5.5,6.5,4.25
845,Bologna,2024-06-02,0,,,,,,,,,,,,,,,,,6.4,6.5,5.5,5.5,6.5,4.25
846,Bologna,2024-06-02,0,,,,,,,,,,,,,,,,,6.4,6.5,5.5,5.5,6.5,4.25
847,Bologna,2024-06-02,0,,,,,,,,,,,,,,,,,6.4,6.5,5.5,5.5,6.5,4.25
848,Bologna,2024-06-02,0,708.0,,,,,,,,,,,,,,,,6.4,6.5,5.5,5.5,6.5,4.25
849,Bologna,2024-06-02,0,,,,,,,,,,,,,,,,,6.4,6.5,5.5,5.5,6.5,4.25
850,Bologna,2024-06-02,0,745.0,,,,,,,,,,,,,,,,6.4,6.5,5.5,5.5,6.5,4.25
851,Bologna,2024-06-02,0,820.0,,,,,,,,,,,,,,,,6.4,6.5,5.5,5.5,6.5,4.25
852,Bologna,2024-06-02,0,,,,,,,,,,,,,,,,,6.4,6.5,5.5,5.5,6.5,4.25
853,Bologna,2024-06-02,0,,,,,,,,,,,,,,,,,6.4,6.5,5.5,5.5,6.5,4.25
854,Bologna,2024-06-02,0,,,,,,,,,,,,,,,,,6.4,6.5,5.5,5.5,6.5,4.25
855,Bologna,2024-06-02,0,,,,,,,,,,,,,,,,,6.4,6.5,5.5,5.5,6.5,4.25
856,Bologna,2024-06-02,0,,,,,,,,,,,,,,,,,6.4,6.5,5.5,5.5,6.5,4.25
857,Bologna,2024-06-02,0,,,,,,,,,,,,,,,,,6.4,6.5,5.5,5.5,6.5,4.25
858,Bologna,2024-06-02,0,656.0,,,,,,,,,,,,,,,,6.4,6.5,5.5,5.5,6.5,4.25
859,Bologna,2024-06-02,0,,,,,,,,,,,,,,,,,6.4,6.5,5.5,5.5,6.5,4.25
860,Bologna,2024-06-02,0,738.0,,,,,,,,,,,,,,,,6.4,6.5,5.5,5.5,6.5,4.25
861,Bologna,2024-06-02,0,,,,,,,,,,,,,,,,,6.4,6.5,5.5,5.5,6.5,4.25
862,Bologna,2024-06-02,0,,,,,,,,,,,,,,,,,6.4,6.5,5.5,5.5,6.5,4.25
863,Bologna,2024-06-02,0,,,,,,,,,,,,,,,,,6.4,6.5,5.5,5.5,6.5,4.25
864,Bologna,2024-06-02,0,,,,,,,,,,,,,,,,,6.4,6.5,5.5,5.5,6.5,4.25
865,Bologna,2024-06-02,0,,,,,,,,,,,,,,,,,6.4,6.5,5.5,5.5,6.5,4.25
866,Bologna,2024-06-02,0,,,,,,,,,,,,,,,,,6.4,6.5,5.5,5.5,6.5,4.25
867,Bologna,2024-06-02,0,,,,,,,,,,,,,,,,,6.4,6.5,5.5,5.5,6.5,4.25
868,Bologna,2024-06-02,0,745.0,,,,,,,,,,,,,,,,6.4,6.5,5.5,5.5,6.5,4.25
869,Bologna,2024-06-02,0,,,,,,,,,,,,,,,,,6.4,6.5,5.5,5.5,6.5,4.25
870,Bologna,2024-06-02,0,,,,,,,,,,,,,,,,,6.4,6.5,5.5,5.5,6.5,4.25
871,Bologna,2024-06-02,0,,,,,,,,,,,,,,,,,6.4,6.5,5.5,5.5,6.5,4.25
872,Bologna,2024-06-02,0,708.0,,,,,,,,,,,,,,,,6.4,6.5,5.5,5.5,6.5,4.25
873,Bologna,2024-06-02,0,700.0,,,,,,,,,,,,,,,,6.4,6.5,5.5,5.5,6.5,4.25
874,Bologna,2024-06-02,0,,,,,,,,,,,,,,,,,6.4,6.5,5.5,5.5,6.5,4.25
875,Bologna,2024-06-02,0,,,,,,,,,,,,,,,,,6.4,6.5,5.5,5.5,6.5,4.25
876,Bologna,2024-06-02,0,,,,,,,,,,,,,,,,,6.4,6.5,5.5,5.5,6.5,4.25
877,Bologna,2024-06-02,0,,,,,,,,,,,,,,,,,6.4,6.5,5.5,5.5,6.5,4.25
878,Bologna,2024-06-02,0,,,,,,,,,,,,,,,,,6.4,6.5,5.5,5.5,6.5,4.25
879,Bologna,2024-06-02,0,,,,,,,,,,,,,,,,,6.4,6.5,5.5,5.5,6.5,4.25
880,Bologna,2024-06-02,0,,,,,,,,,,,,,,,,,6.4,6.5,5.5,5.5,6.5,4.25
881,Bologna,2024-06-02,0,,,,,,,,,,,,,,,,,6.4,6.5,5.5,5.5,6.5,4.25
882,Bologna,2024-06-02,0,,,,,,,,,,,,,,,,,6.4,6.5,5.5,5.5,6.5,4.25
883,Bologna,2024-06-02,0,,,,,,,,,,,,,,,,,6.4,6.5,5.5,5.5,6.5,4.25
884,Bologna,2024-06-02,0,894.0,,,,,,,,,,,,,,,,6.4,6.5,5.5,5.5,6.5,4.25
885,Bologna,2024-06-02,0,,,,,,,,,,,,,,,,,6.4,6.5,5.5,5.5,6.5,4.25
886,Bologna,2024-06-02,0,,,,,,,,,,,,,,,,,6.4,6.5,5.5,5.5,6.5,4.25
887,Bologna,2024-06-02,0,,,,,,,,,,,,,,,,,6.4,6.5,5.5,5.5,6.5,4.25
888,Bologna,2024-06-02,0,,,,,,,,,,,,,,,,,6.4,6.5,5.5,5.5,6.5,4.25
889,Bologna,2024-06-02,0,,,,,,,,,,,,,,,,,6.4,6.5,5.5,5.5,6.5,4.25
890,Bologna,2024-06-02,0,618.0,,,,,,,,,,,,,,,,6.4,6.5,5.5,5.5,6.5,4.25
891,Bologna,2024-06-02,0,820.0,,,,,,,,,,,,,,,,6.4,6.5,5.5,5.5,6.5,4.25
892,Bologna,2024-06-02,0,,,,,,,,,,,,,,,,,6.4,6.5,5.5,5.5,6.5,4.25
893,Bologna,2024-06-02,0,,,,,,,,,,,,,,,,,6.4,6.5,5.5,5.5,6.5,4.25
894,Bologna,2024-06-02,0,,,,,,,,,,,,,,,,,6.4,6.5,5.5,5.5,6.5,4.25
895,Bologna,2024-06-02,0,820.0,,,,,,,,,,,,,,,,6.4,6.5,5.5,5.5,6.5,4.25
896,Bologna,2024-06-02,0,,,,,,,,,,,,,,,,,6.4,6.5,5.5,5.5,6.5,4.25
897,Bologna,2024-06-02,0,782.0,,,,,,,,,,,,,,,,6.4,6.5,5.5,5.5,6.5,4.25
898,Bologna,2024-06-02,0,700.0,,,,,,,,,,,,,,,,6.4,6.5,5.5,5.5,6.5,4.25
899,Bologna,2024-06-02,0,,,,,,,,,,,,,,,,,6.4,6.5,5.5,5.5,6.5,4.25
900,Bologna,2024-06-02,0,,,,,,,,,,,,,,,,,6.4,6.5,5.5,5.5,6.5,4.25
901,Bologna,2024-06-02,0,,,,,,,,,,,,,,,,,6.4,6.5,5.5,5.5,6.5,4.25
902,Bologna,2024-06-02,0,,,,,,,,,,,,,,,,,6.4,6.5,5.5,5.5,6.5,4.25
903,Bologna,2024-06-02,0,671.0,,,,,,,,,,,,,,,,6.4,6.5,5.5,5.5,6.5,4.25
904,Bologna,2024-06-02,0,,,,,,,,,,,,,,,,,6.4,6.5,5.5,5.5,6.5,4.25
905,Bologna,2024-06-02,0,,,,,,,,,,,,,,,,,6.4,6.5,5.5,5.5,6.5,4.25
906,Bologna,2024-06-02,0,,,,,,,,,,,,,,,,,6.4,6.5,5.5,5.5,6.5,4.25
907,Bologna,2024-06-02,0,618.0,,,,,,,,,,,,,,,,6.4,6.5,5.5,5.5,6.5,4.25
908,Bologna,2024-06-02,0,,,,,,,,,,,,,,,,,6.4,6.5,5.5,5.5,6.5,4.25
909,Bologna,2024-06-02,0,,,,,,,,,,,,,,,,,6.4,6.5,5.5,5.5,6.5,4.25
910,Bologna,2024-06-02,0,,,,,,,,,,,,,,,,,6.4,6.5,5.5,5.5,6.5,4.25
911,Bologna,2024-06-02,0,,,,,,,,,,,,,,,,,6.4,6.5,5.5,5.5,6.5,4.25
912,Bologna,2024-06-02,0,,,,,,,,,,,,,,,,,6.4,6.5,5.5,5.5,6.5,4.25
913,Bologna,2024-06-02,0,,,,,,,,,,,,,,,,,6.4,6.5,5.5,5.5,6.5,4.25
914,Bologna,2024-06-02,0,,,,,,,,,,,,,,,,,6.4,6.5,5.5,5.5,6.5,4.25
915,Bologna,2024-06-02,0,,,,,,,,,,,,,,,,,6.4,6.5,5.5,5.5,6.5,4.25
916,Bologna,2024-06-02,0,,,,,,,,,,,,,,,,,6.4,6.5,5.5,5.5,6.5,4.25
917,Bologna,2024-06-02,0,,,,,,,,,,,,,,,,,6.4,6.5,5.5,5.5,6.5,4.25
918,Bologna,2024-06-02,0,,,,,,,,,,,,,,,,,6.4,6.5,5.5,5.5,6.5,4.25
919,Bologna,2024-06-02,0,894.0,,,,,,,,,,,,,,,,6.4,6.5,5.5,5.5,6.5,4.25
920,Bologna,2024-06-02,0,,,,,,,,,,,,,,,,,6.4,6.5,5.5,5.5,6.5,4.25
921,Bologna,2024-06-02,0,,,,,,,,,,,,,,,,,6.4,6.5,5.5,5.5,6.5,4.25
922,Bologna,2024-06-02,0,,,,,,,,,,,,,,,,,6.4,6.5,5.5,5.5,6.5,4.25
923,Bologna,2024-06-02,0,,,,,,,,,,,,,,,,,6.4,6.5,5.5,5.5,6.5,4.25
924,Bologna,2024-06-02,0,,,,,,,,,,,,,,,,,6.4,6.5,5.5,5.5,6.5,4.25
925,Bologna,2024-06-02,0,,,,,,,,,,,,,,,,,6.4,6.5,5.5,5.5,6.5,4.25
926,Bologna,2024-06-02,0,,,,,,,,,,,,,,,,,6.4,6.5,5.5,5.5,6.5,4.25
927,Bologna,2024-06-02,0,,,,,,,,,,,,,,,,,6.4,6.5,5.5,5.5,6.5,4.25
928,Bologna,2024-06-02,0,,,,,,,,,,,,,,,,,6.4,6.5,5.5,5.5,6.5,4.25
929,Bologna,2024-06-02,0,,,,,,,,,,,,,,,,,6.4,6.5,5.5,5.5,6.5,4.25
930,Bologna,2024-06-02,0,,,,,,,,,,,,,,,,,6.4,6.5,5.5,5.5,6.5,4.25
931,Bologna,2024-06-02,0,,,,,,,,,,,,,,,,,6.4,6.5,5.5,5.5,6.5,4.25
932,Bologna,2024-06-02,0,,,,,,,,,,,,,,,,,6.4,6.5,5.5,5.5,6.5,4.25
933,Bologna,2024-06-02,0,,,,,,,,,,,,,,,,,6.4,6.5,5.5,5.5,6.5,4.25
934,Bologna,2024-06-02,0,,,,,,,,,,,,,,,,,6.4,6.5,5.5,5.5,6.5,4.25
935,Bologna,2024-06-02,0,596.0,,,,,,,,,,,,,,,,6.4,6.5,5.5,5.5,6.5,4.25
936,Bologna,2024-06-02,0,1028.0,,,,,,,,,,,,,,,,6.4,6.5,5.5,5.5,6.5,4.25
937,Bologna,2024-06-02,0,,,,,,,,,,,,,,,,,6.4,6.5,5.5,5.5,6.5,4.25
938,Bologna,2024-06-02,0,,,,,,,,,,,,,,,,,6.4,6.5,5.5,5.5,6.5,4.25
939,Bologna,2024-06-02,0,,,,,,,,,,,,,,,,,6.4,6.5,5.5,5.5,6.5,4.25
940,Bologna,2024-06-02,0,,,,,,,,,,,,,,,,,6.4,6.5,5.5,5.5,6.5,4.25
941,Bologna,2024-06-02,0,,,,,,,,,,,,,,,,,6.4,6.5,5.5,5.5,6.5,4.25
942,Bologna,2024-06-02,0,,,,,,,,,,,,,,,,,6.4,6.5,5.5,5.5,6.5,4.25
943,Bologna,2024-06-02,0,,,,,,,,,,,,,,,,,6.4,6.5,5.5,5.5,6.5,4.25
944,Bologna,2024-06-02,0,,,,,,,,,,,,,,,,,6.4,6.5,5.5,5.5,6.5,4.25
945,Bologna,2024-06-02,0,,,,,,,,,,,,,,,,,6.4,6.5,5.5,5.5,6.5,4.25
946,Bologna,2024-06-02,0,969.0,,,,,,,,,,,,,,,,6.4,6.5,5.5,5.5,6.5,4.25
947,Bologna,2024-06-02,0,507.0,,,,,,,,,,,,,,,,6.4,6.5,5.5,5.5,6.5,4.25
948,Bologna,2024-06-02,0,,,,,,,,,,,,,,,,,6.4,6.5,5.5,5.5,6.5,4.25
949,Bologna,2024-06-02,0,,,,,,,,,,,,,,,,,6.4,6.5,5.5,5.5,6.5,4.25
950,Bologna,2024-06-02,0,,,,,,,,,,,,,,,,,6.4,6.5,5.5,5.5,6.5,4.25
951,Bologna,2024-06-02,0,,,,,,,,,,,,,,,,,6.4,6.5,5.5,5.5,6.5,4.25
952,Bologna,2024-06-02,0,,,,,,,,,,,,,,,,,6.4,6.5,5.5,5.5,6.5,4.25
953,Bologna,2024-06-02,0,,,,,,,,,,,,,,,,,6.4,6.5,5.5,5.5,6.5,4.25
954,Bologna,2024-06-02,0,,,,,,,,,,,,,,,,,6.4,6.5,5.5,5.5,6.5,4.25
955,Bologna,2024-06-02,0,,,,,,,,,,,,,,,,,6.4,6.5,5.5,5.5,6.5,4.25
956,Bologna,2024-06-02,0,,,,,,,,,,,,,,,,,6.4,6.5,5.5,5.5,6.5,4.25
957,Bologna,2024-06-02,0,,,,,,,,,,,,,,,,,6.4,6.5,5.5,5.5,6.5,4.25
958,Bologna,2024-06-02,0,1028.0,,,,,,,,,,,,,,,,6.4,6.5,5.5,5.5,6.5,4.25
959,Bologna,2024-06-02,0,,,,,,,,,,,,,,,,,6.4,6.5,5.5,5.5,6.5,4.25
960,Bologna,2024-06-02,0,,,,,,,,,,,,,,,,,6.4,6.5,5.5,5.5,6.5,4.25
961,Bologna,2024-06-02,0,,,,,,,,,,,,,,,,,6.4,6.5,5.5,5.5,6.5,4.25
962,Bologna,2024-06-02,0,,,,,,,,,,,,,,,,,6.4,6.5,5.5,5.5,6.5,4.25
963,Bologna,2024-06-02,0,,,,,,,,,,,,,,,,,6.4,6.5,5.5,5.5,6.5,4.25
964,Bologna,2024-06-02,0,,,,,,,,,,,,,,,,,6.4,6.5,5.5,5.5,6.5,4.25
965,Bologna,2024-06-02,0,,,,,,,,,,,,,,,,,6.4,6.5,5.5,5.5,6.5,4.25
966,Bologna,2024-06-02,0,,,,,,,,,,,,,,,,,6.4,6.5,5.5,5.5,6.5,4.25
967,Bologna,2024-06-02,0,,,,,,,,,,,,,,,,,6.4,6.5,5.5,5.5,6.5,4.25
968,Bologna,2024-06-02,0,,,,,,,,,,,,,,,,,6.4,6.5,5.5,5.5,6.5,4.25
969,Bologna,2024-06-02,0,,,,,,,,,,,,,,,,,6.4,6.5,5.5,5.5,6.5,4.25
970,Bologna,2024-06-02,0,,,,,,,,,,,,,,,,,6.4,6.5,5.5,5.5,6.5,4.25
971,Bologna,2024-06-02,0,,,,,,,,,,,,,,,,,6.4,6.5,5.5,5.5,6.5,4.25
972,Bologna,2024-06-02,0,,,,,,,,,,,,,,,,,6.4,6.5,5.5,5.5,6.5,4.25
973,Bologna,2024-06-02,0,,,,,,,,,,,,,,,,,6.4,6.5,5.5,5.5,6.5,4.25
974,Bologna,2024-06-02,0,,,,,,,,,,,,,,,,,6.4,6.5,5.5,5.5,6.5,4.25
975,Bologna,2024-06-02,0,,,,,,,,,,,,,,,,,6.4,6.5,5.5,5.5,6.5,4.25
976,Bologna,2024-06-02,0,,,,,,,,,,,,,,,,,6.4,6.5,5.5,5.5,6.5,4.25
977,Bologna,2024-06-02,0,,,,,,,,,,,,,,,,,6.4,6.5,5.5,5.5,6.5,4.25
978,Bologna,2024-06-02,0,,,,,,,,,,,,,,,,,6.4,6.5,5.5,5.5,6.5,4.25
979,Bologna,2024-06-02,0,,,,,,,,,,,,,,,,,6.4,6.5,5.5,5.5,6.5,4.25
980,Bologna,2024-06-02,0,,,,,,,,,,,,,,,,,6.4,6.5,5.5,5.5,6.5,4.25
981,Bologna,2024-06-02,0,,,,,,,,,,,,,,,,,6.4,6.5,5.5,5.5,6.5,4.25
982,Bologna,2024-06-02,0,,,,,,,,,,,,,,,,,6.4,6.5,5.5,5.5,6.5,4.25
983,Bologna,2024-06-02,0,,,,,,,,,,,,,,,,,6.4,6.5,5.5,5.5,6.5,4.25
984,Bologna,2024-06-02,0,,,,,,,,,,,,,,,,,6.4,6.5,5.5,5.5,6.5,4.25
985,Bologna,2024-06-02,0,,,,,,,,,,,,,,,,,6.4,6.5,5.5,5.5,6.5,4.25
986,Bologna,2024-06-02,0,,,,,,,,,,,,,,,,,6.4,6.5,5.5,5.5,6.5,4.25
987,Bologna,2024-06-02,0,,,,,,,,,,,,,,,,,6.4,6.5,5.5,5.5,6.5,4.25
988,Bologna,2024-06-02,0,,,,,,,,,,,,,,,,,6.4,6.5,5.5,5.5,6.5,4.25
989,Bologna,2024-06-02,0,,,,,,,,,,,,,,,,,6.4,6.5,5.5,5.5,6.5,4.25
990,Bologna,2024-06-02,0,,,,,,,,,,,,,,,,,6.4,6.5,5.5,5.5,6.5,4.25
991,Bologna,2024-06-02,0,,,,,,,,,,,,,,,,,6.4,6.5,5.5,5.5,6.5,4.25
992,Bologna,2024-06-02,0,,,,,,,,,,,,,,,,,6.4,6.5,5.5,5.5,6.5,4.25
993,Bologna,2024-06-02,0,,,,,,,,,,,,,,,,,6.4,6.5,5.5,5.5,6.5,4.25
994,Bologna,2024-06-02,0,1118.0,,,,,,,,,,,,,,,,6.4,6.5,5.5,5.5,6.5,4.25
995,Bologna,2024-06-02,0,,,,,,,,,,,,,,,,,6.4,6.5,5.5,5.5,6.5,4.25
996,Bologna,2024-06-02,0,,,,,,,,,,,,,,,,,6.4,6.5,5.5,5.5,6.5,4.25
997,Bologna,2024-06-02,0,,,,,,,,,,,,,,,,,6.4,6.5,5.5,5.5,6.5,4.25
998,Bologna,2024-06-02,0,,,,,,,,,,,,,,,,,6.4,6.5,5.5,5.5,6.5,4.25
999,Bologna,2024-06-02,0,,,,,,,,,,,,,,,,,6.4,6.5,5.5,5.5,6.5,4.25
1000,Bologna,2024-06-02,0,745.0,,,,,,,,,,,,,,,,6.4,6.5,5.5,5.5,6.5,4.25
1001,Bologna,2024-06-02,0,745.0,,,,,,,,,,,,,,,,6.4,6.5,5.5,5.5,6.5,4.25
1002,Bologna,2024-06-02,0,,,,,,,,,,,,,,,,,6.4,6.5,5.5,5.5,6.5,4.25
1003,Bologna,2024-06-02,0,1028.0,,,,,,,,,,,,,,,,6.4,6.5,5.5,5.5,6.5,4.25
1004,Bologna,2024-06-02,0,,,,,,,,,,,,,,,,,6.4,6.5,5.5,5.5,6.5,4.25
1005,Bologna,2024-06-02,0,,,,,,,,,,,,,,,,,6.4,6.5,5.5,5.5,6.5,4.25
1006,Bologna,2024-06-02,0,,,,,,,,,,,,,,,,,6.4,6.5,5.5,5.5,6.5,4.25
1007,Bologna,2024-06-02,0,,,,,,,,,,,,,,,,,6.4,6.5,5.5,5.5,6.5,4.25
1008,Bologna,2024-06-02,0,,,,,,,,,,,,,,,,,6.4,6.5,5.5,5.5,6.5,4.25
1009,Bologna,2024-06-02,0,,,,,,,,,,,,,,,,,6.4,6.5,5.5,5.5,6.5,4.25
1010,Bologna,2024-06-02,0,,,,,,,,,,,,,,,,,6.4,6.5,5.5,5.5,6.5,4.25
1011,Bologna,2024-06-02,0,,,,,,,,,,,,,,,,,6.4,6.5,5.5,5.5,6.5,4.25
1012,Bologna,2024-06-02,0,,,,,,,,,,,,,,,,,6.4,6.5,5.5,5.5,6.5,4.25
1013,Bologna,2024-06-02,0,,,,,,,,,,,,,,,,,6.4,6.5,5.5,5.5,6.5,4.25
1014,Bologna,2024-06-02,0,,,,,,,,,,,,,,,,,6.4,6.5,5.5,5.5,6.5,4.25
1015,Bologna,2024-06-02,0,,,,,,,,,,,,,,,,,6.4,6.5,5.5,5.5,6.5,4.25
1016,Bologna,2024-06-02,0,,,,,,,,,,,,,,,,,6.4,6.5,5.5,5.5,6.5,4.25
1017,Bologna,2024-06-02,0,,,,,,,,,,,,,,,,,6.4,6.5,5.5,5.5,6.5,4.25
1018,Bologna,2024-06-02,0,,,,,,,,,,,,,,,,,6.4,6.5,5.5,5.5,6.5,4.25
1019,Bologna,2024-06-02,0,,,,,,,,,,,,,,,,,6.4,6.5,5.5,5.5,6.5,4.25
1020,Bologna,2024-06-02,0,522.0,,,,,,,,,,,,,,,,6.4,6.5,5.5,5.5,6.5,4.25
1021,Bologna,2024-06-02,0,,,,,,,,,,,,,,,,,6.4,6.5,5.5,5.5,6.5,4.25
1022,Bologna,2024-06-02,0,447.0,,,,,,,,,,,,,,,,6.4,6.5,5.5,5.5,6.5,4.25
1023,Bologna,2024-06-02,0,,,,,,,,,,,,,,,,,6.4,6.5,5.5,5.5,6.5,4.25
1024,Bologna,2024-06-02,0,738.0,,,,,,,,,,,,,,,,6.4,6.5,5.5,5.5,6.5,4.25
1025,Bologna,2024-06-02,0,,,,,,,,,,,,,,,,,6.4,6.5,5.5,5.5,6.5,4.25
1026,Bologna,2024-06-02,0,,,,,,,,,,,,,,,,,6.4,6.5,5.5,5.5,6.5,4.25
1027,Bologna,2024-06-02,0,,,,,,,,,,,,,,,,,6.4,6.5,5.5,5.5,6.5,4.25
1028,Bologna,2024-06-02,0,,,,,,,,,,,,,,,,,6.4,6.5,5.5,5.5,6.5,4.25
1029,Bologna,2024-06-02,0,,,,,,,,,,,,,,,,,6.4,6.5,5.5,5.5,6.5,4.25
1030,Bologna,2024-06-02,0,,,,,,,,,,,,,,,,,6.4,6.5,5.5,5.5,6.5,4.25
1031,Bologna,2024-06-02,0,,,,,,,,,,,,,,,,,6.4,6.5,5.5,5.5,6.5,4.25
1032,Bologna,2024-06-02,0,,,,,,,,,,,,,,,,,6.4,6.5,5.5,5.5,6.5,4.25
1033,Bologna,2024-06-02,0,,,,,,,,,,,,,,,,,6.4,6.5,5.5,5.5,6.5,4.25
1034,Bologna,2024-06-02,0,,,,,,,,,,,,,,,,,6.4,6.5,5.5,5.5,6.5,4.25
1035,Bologna,2024-06-02,0,,,,,,,,,,,,,,,,,6.4,6.5,5.5,5.5,6.5,4.25
1036,Bologna,2024-06-02,0,,,,,,,,,,,,,,,,,6.4,6.5,5.5,5.5,6.5,4.25
1037,Bologna,2024-06-02,0,,,,,,,,,,,,,,,,,6.4,6.5,5.5,5.5,6.5,4.25
1038,Bologna,2024-06-02,0,,,,,,,,,,,,,,,,,6.4,6.5,5.5,5.5,6.5,4.25
1039,Bologna,2024-06-02,0,,,,,,,,,,,,,,,,,6.4,6.5,5.5,5.5,6.5,4.25
1040,Bologna,2024-06-02,0,,,,,,,,,,,,,,,,,6.4,6.5,5.5,5.5,6.5,4.25
1041,Bologna,2024-06-02,0,,,,,,,,,,,,,,,,,6.4,6.5,5.5,5.5,6.5,4.25
1042,Bologna,2024-06-02,0,,,,,,,,,,,,,,,,,6.4,6.5,5.5,5.5,6.5,4.25
1043,Bologna,2024-06-02,0,,,,,,,,,,,,,,,,,6.4,6.5,5.5,5.5,6.5,4.25
1044,Bologna,2024-06-02,0,,,,,,,,,,,,,,,,,6.4,6.5,5.5,5.5,6.5,4.25
1045,Bologna,2024-06-02,0,,,,,,,,,,,,,,,,,6.4,6.5,5.5,5.5,6.5,4.25
1046,Bologna,2024-06-02,0,,,,,,,,,,,,,,,,,6.4,6.5,5.5,5.5,6.5,4.25
1047,Bologna,2024-06-02,0,,,,,,,,,,,,,,,,,6.4,6.5,5.5,5.5,6.5,4.25
1048,Bologna,2024-06-02,0,,,,,,,,,,,,,,,,,6.4,6.5,5.5,5.5,6.5,4.25
1049,Bologna,2024-06-02,0,,,,,,,,,,,,,,,,,6.4,6.5,5.5,5.5,6.5,4.25
1050,Bologna,2024-06-02,0,,,,,,,,,,,,,,,,,6.4,6.5,5.5,5.5,6.5,4.25
1051,Bologna,2024-06-02,0,,,,,,,,,,,,,,,,,6.4,6.5,5.5,5.5,6.5,4.25
1052,Bologna,2024-06-02,0,,,,,,,,,,,,,,,,,6.4,6.5,5.5,5.5,6.5,4.25
1053,Bologna,2024-06-02,0,,,,,,,,,,,,,,,,,6.4,6.5,5.5,5.5,6.5,4.25
1054,Bologna,2024-06-02,0,,,,,,,,,,,,,,,,,6.4,6.5,5.5,5.5,6.5,4.25
1055,Bologna,2024-06-02,0,,,,,,,,,,,,,,,,,6.4,6.5,5.5,5.5,6.5,4.25
1056,Bologna,2024-06-02,0,,,,,,,,,,,,,,,,,6.4,6.5,5.5,5.5,6.5,4.25
1057,Bologna,2024-06-02,0,,,,,,,,,,,,,,,,,6.4,6.5,5.5,5.5,6.5,4.25
1058,Bologna,2024-06-02,0,,,,,,,,,,,,,,,,,6.4,6.5,5.5,5.5,6.5,4.25
1059,Bologna,2024-06-02,0,,,,,,,,,,,,,,,,,6.4,6.5,5.5,5.5,6.5,4.25
1060,Bologna,2024-06-02,0,1118.0,,,,,,,,,,,,,,,,6.4,6.5,5.5,5.5,6.5,4.25
1061,Bologna,2024-06-02,0,,,,,,,,,,,,,,,,,6.4,6.5,5.5,5.5,6.5,4.25
1062,Bologna,2024-06-02,0,,,,,,,,,,,,,,,,,6.4,6.5,5.5,5.5,6.5,4.25
1063,Bologna,2024-06-02,0,,,,,,,,,,,,,,,,,6.4,6.5,5.5,5.5,6.5,4.25
1064,Bologna,2024-06-02,0,,,,,,,,,,,,,,,,,6.4,6.5,5.5,5.5,6.5,4.25
1065,Bologna,2024-06-02,0,,,,,,,,,,,,,,,,,6.4,6.5,5.5,5.5,6.5,4.25
1066,Bologna,2024-06-02,0,,,,,,,,,,,,,,,,,6.4,6.5,5.5,5.5,6.5,4.25
1067,Bologna,2024-06-02,0,,,,,,,,,,,,,,,,,6.4,6.5,5.5,5.5,6.5,4.25
1068,Bologna,2024-06-02,0,,,,,,,,,,,,,,,,,6.4,6.5,5.5,5.5,6.5,4.25
1069,Bologna,2024-06-02,0,,,,,,,,,,,,,,,,,6.4,6.5,5.5,5.5,6.5,4.25
1070,Bologna,2024-06-02,0,,,,,,,,,,,,,,,,,6.4,6.5,5.5,5.5,6.5,4.25
1071,Bologna,2024-06-02,0,,,,,,,,,,,,,,,,,6.4,6.5,5.5,5.5,6.5,4.25
1072,Bologna,2024-06-02,0,,,,,,,,,,,,,,,,,6.4,6.5,5.5,5.5,6.5,4.25
1073,Bologna,2024-06-02,0,,,,,,,,,,,,,,,,,6.4,6.5,5.5,5.5,6.5,4.25
1074,Bologna,2024-06-02,0,,,,,,,,,,,,,,,,,6.4,6.5,5.5,5.5,6.5,4.25
1075,Bologna,2024-06-02,0,,,,,,,,,,,,,,,,,6.4,6.5,5.5,5.5,6.5,4.25
1076,Bologna,2024-06-02,0,,,,,,,,,,,,,,,,,6.4,6.5,5.5,5.5,6.5,4.25
1077,Bologna,2024-06-02,0,,,,,,,,,,,,,,,,,6.4,6.5,5.5,5.5,6.5,4.25
1078,Bologna,2024-06-02,0,,,,,,,,,,,,,,,,,6.4,6.5,5.5,5.5,6.5,4.25
1079,Bologna,2024-06-02,0,,,,,,,,,,,,,,,,,6.4,6.5,5.5,5.5,6.5,4.25
1080,Bologna,2024-06-02,0,,,,,,,,,,,,,,,,,6.4,6.5,5.5,5.5,6.5,4.25
1081,Bologna,2024-06-02,0,,,,,,,,,,,,,,,,,6.4,6.5,5.5,5.5,6.5,4.25
1082,Bologna,2024-06-02,0,1118.0,,,,,,,,,,,,,,,,6.4,6.5,5.5,5.5,6.5,4.25
1083,Bologna,2024-06-02,0,,,,,,,,,,,,,,,,,6.4,6.5,5.5,5.5,6.5,4.25
1084,Bologna,2024-06-02,0,,,,,,,,,,,,,,,,,6.4,6.5,5.5,5.5,6.5,4.25
1085,Bologna,2024-06-02,0,,,,,,,,,,,,,,,,,6.4,6.5,5.5,5.5,6.5,4.25
1086,Bologna,2024-06-02,0,,,,,,,,,,,,,,,,,6.4,6.5,5.5,5.5,6.5,4.25
1087,Bologna,2024-06-02,0,1565.0,,,,,,,,,,,,,,,,6.4,6.5,5.5,5.5,6.5,4.25
1088,Bologna,2024-06-02,0,,,,,,,,,,,,,,,,,6.4,6.5,5.5,5.5,6.5,4.25
1089,Bologna,2024-06-02,0,,,,,,,,,,,,,,,,,6.4,6.5,5.5,5.5,6.5,4.25
1090,Bologna,2024-06-02,0,,,,,,,,,,,,,,,,,6.4,6.5,5.5,5.5,6.5,4.25
1091,Bologna,2024-06-02,0,,,,,,,,,,,,,,,,,6.4,6.5,5.5,5.5,6.5,4.25
1092,Bologna,2024-06-02,0,,,,,,,,,,,,,,,,,6.4,6.5,5.5,5.5,6.5,4.25
1093,Bologna,2024-06-02,0,,,,,,,,,,,,,,,,,6.4,6.5,5.5,5.5,6.5,4.25
1094,Bologna,2024-06-02,0,,,,,,,,,,,,,,,,,6.4,6.5,5.5,5.5,6.5,4.25
1095,Bologna,2024-06-02,0,,,,,,,,,,,,,,,,,6.4,6.5,5.5,5.5,6.5,4.25
1096,Bologna,2024-06-02,0,,,,,,,,,,,,,,,,,6.4,6.5,5.5,5.5,6.5,4.25
1097,Bologna,2024-06-02,0,,,,,,,,,,,,,,,,,6.4,6.5,5.5,5.5,6.5,4.25
1098,Bologna,2024-06-02,0,,,,,,,,,,,,,,,,,6.4,6.5,5.5,5.5,6.5,4.25
1099,Bologna,2024-06-02,0,,,,,,,,,,,,,,,,,6.4,6.5,5.5,5.5,6.5,4.25
1100,Bologna,2024-06-02,0,,,,,,,,,,,,,,,,,6.4,6.5,5.5,5.5,6.5,4.25
1101,Bologna,2024-06-02,0,,,,,,,,,,,,,,,,,6.4,6.5,5.5,5.5,6.5,4.25
1102,Bologna,2024-06-02,0,,,,,,,,,,,,,,,,,6.4,6.5,5.5,5.5,6.5,4.25
1103,Bologna,2024-06-02,0,,,,,,,,,,,,,,,,,6.4,6.5,5.5,5.5,6.5,4.25
1104,Bologna,2024-06-02,0,,,,,,,,,,,,,,,,,6.4,6.5,5.5,5.5,6.5,4.25
1105,Bologna,2024-06-02,0,,,,,,,,,,,,,,,,,6.4,6.5,5.5,5.5,6.5,4.25
1106,Bologna,2024-06-02,0,,,,,,,,,,,,,,,,,6.4,6.5,5.5,5.5,6.5,4.25
1107,Bologna,2024-06-02,0,,,,,,,,,,,,,,,,,6.4,6.5,5.5,5.5,6.5,4.25
1108,Bologna,2024-06-02,0,1118.0,,,,,,,,,,,,,,,,6.4,6.5,5.5,5.5,6.5,4.25
1109,Bologna,2024-06-02,0,1490.0,,,,,,,,,,,,,,,,6.4,6.5,5.5,5.5,6.5,4.25
1110,Bologna,2024-06-02,0,,,,,,,,,,,,,,,,,6.4,6.5,5.5,5.5,6.5,4.25
1111,Bologna,2024-06-02,0,,,,,,,,,,,,,,,,,6.4,6.5,5.5,5.5,6.5,4.25
1112,Bologna,2024-06-02,0,,,,,,,,,,,,,,,,,6.4,6.5,5.5,5.5,6.5,4.25
1113,Bologna,2024-06-02,0,,,,,,,,,,,,,,,,,6.4,6.5,5.5,5.5,6.5,4.25
1114,Bologna,2024-06-02,0,1490.0,,,,,,,,,,,,,,,,6.4,6.5,5.5,5.5,6.5,4.25
1115,Bologna,2024-06-02,0,,,,,,,,,,,,,,,,,6.4,6.5,5.5,5.5,6.5,4.25
1116,Bologna,2024-06-02,0,,,,,,,,,,,,,,,,,6.4,6.5,5.5,5.5,6.5,4.25
1117,Bologna,2024-06-02,0,,,,,,,,,,,,,,,,,6.4,6.5,5.5,5.5,6.5,4.25
1118,Bologna,2024-06-02,0,,,,,,,,,,,,,,,,,6.4,6.5,5.5,5.5,6.5,4.25
1119,Bologna,2024-06-02,0,,,,,,,,,,,,,,,,,6.4,6.5,5.5,5.5,6.5,4.25
1120,Bologna,2024-06-02,0,,,,,,,,,,,,,,,,,6.4,6.5,5.5,5.5,6.5,4.25
1121,Bologna,2024-06-02,0,,,,,,,,,,,,,,,,,6.4,6.5,5.5,5.5,6.5,4.25
1122,Bologna,2024-06-02,0,1118.0,,,,,,,,,,,,,,,,6.4,6.5,5.5,5.5,6.5,4.25
1123,Bologna,2024-06-02,0,,,,,,,,,,,,,,,,,6.4,6.5,5.5,5.5,6.5,4.25
1124,Bologna,2024-06-02,0,1192.0,,,,,,,,,,,,,,,,6.4,6.5,5.5,5.5,6.5,4.25
1125,Bologna,2024-06-02,0,,,,,,,,,,,,,,,,,6.4,6.5,5.5,5.5,6.5,4.25
1126,Bologna,2024-06-02,0,,,,,,,,,,,,,,,,,6.4,6.5,5.5,5.5,6.5,4.25
1127,Bologna,2024-06-02,0,,,,,,,,,,,,,,,,,6.4,6.5,5.5,5.5,6.5,4.25
1128,Bologna,2024-06-02,0,,,,,,,,,,,,,,,,,6.4,6.5,5.5,5.5,6.5,4.25
1129,Bologna,2024-06-02,0,,,,,,,,,,,,,,,,,6.4,6.5,5.5,5.5,6.5,4.25
1130,Bologna,2024-06-02,0,,,,,,,,,,,,,,,,,6.4,6.5,5.5,5.5,6.5,4.25
1131,Bologna,2024-06-02,0,,,,,,,,,,,,,,,,,6.4,6.5,5.5,5.5,6.5,4.25
1132,Bologna,2024-06-02,0,,,,,,,,,,,,,,,,,6.4,6.5,5.5,5.5,6.5,4.25
1133,Bologna,2024-06-02,0,,,,,,,,,,,,,,,,,6.4,6.5,5.5,5.5,6.5,4.25
1134,Bologna,2024-06-02,0,1267.0,,,,,,,,,,,,,,,,6.4,6.5,5.5,5.5,6.5,4.25
1135,Bologna,2024-06-02,0,,,,,,,,,,,,,,,,,6.4,6.5,5.5,5.5,6.5,4.25
1136,Bologna,2024-06-02,0,1863.0,,,,,,,,,,,,,,,,6.4,6.5,5.5,5.5,6.5,4.25
1137,Bologna,2024-06-02,0,,,,,,,,,,,,,,,,,6.4,6.5,5.5,5.5,6.5,4.25
1138,Bologna,2024-06-02,0,,,,,,,,,,,,,,,,,6.4,6.5,5.5,5.5,6.5,4.25
1139,Bologna,2024-06-02,0,,,,,,,,,,,,,,,,,6.4,6.5,5.5,5.5,6.5,4.25
1140,Bologna,2024-06-02,0,,,,,,,,,,,,,,,,,6.4,6.5,5.5,5.5,6.5,4.25
1141,Bologna,2024-06-02,0,,,,,,,,,,,,,,,,,6.4,6.5,5.5,5.5,6.5,4.25
1142,Bologna,2024-06-02,0,,,,,,,,,,,,,,,,,6.4,6.5,5.5,5.5,6.5,4.25
1143,Bologna,2024-06-02,0,,,,,,,,,,,,,,,,,6.4,6.5,5.5,5.5,6.5,4.25
1144,Bologna,2024-06-02,0,,,,,,,,,,,,,,,,,6.4,6.5,5.5,5.5,6.5,4.25
1145,Bologna,2024-06-02,0,,,,,,,,,,,,,,,,,6.4,6.5,5.5,5.5,6.5,4.25
1146,Bologna,2024-06-02,0,,,,,,,,,,,,,,,,,6.4,6.5,5.5,5.5,6.5,4.25
1147,Bologna,2024-06-02,0,1863.0,,,,,,,,,,,,,,,,6.4,6.5,5.5,5.5,6.5,4.25
1148,Bologna,2024-06-02,0,,,,,,,,,,,,,,,,,6.4,6.5,5.5,5.5,6.5,4.25
1149,Bologna,2024-06-02,0,,,,,,,,,,,,,,,,,6.4,6.5,5.5,5.5,6.5,4.25
1150,Bologna,2024-06-02,0,,,,,,,,,,,,,,,,,6.4,6.5,5.5,5.5,6.5,4.25
1151,Bologna,2024-06-02,0,,,,,,,,,,,,,,,,,6.4,6.5,5.5,5.5,6.5,4.25
1152,Bologna,2024-06-02,0,,,,,,,,,,,,,,,,,6.4,6.5,5.5,5.5,6.5,4.25
1153,Bologna,2024-06-02,0,,,,,,,,,,,,,,,,,6.4,6.5,5.5,5.5,6.5,4.25
1154,Bologna,2024-06-02,0,1043.0,,,,,,,,,,,,,,,,6.4,6.5,5.5,5.5,6.5,4.25
1155,Bologna,2024-06-02,0,,,,,,,,,,,,,,,,,6.4,6.5,5.5,5.5,6.5,4.25
1156,Bologna,2024-06-02,0,,,,,,,,,,,,,,,,,6.4,6.5,5.5,5.5,6.5,4.25
1157,Bologna,2024-06-02,0,1736.0,,,,,,,,,,,,,,,,6.4,6.5,5.5,5.5,6.5,4.25
1158,Bologna,2024-06-02,0,,,,,,,,,,,,,,,,,6.4,6.5,5.5,5.5,6.5,4.25
1159,Bologna,2024-06-02,0,,,,,,,,,,,,,,,,,6.4,6.5,5.5,5.5,6.5,4.25
1160,Bologna,2024-06-02,0,,,,,,,,,,,,,,,,,6.4,6.5,5.5,5.5,6.5,4.25
1161,Bologna,2024-06-02,0,,,,,,,,,,,,,,,,,6.4,6.5,5.5,5.5,6.5,4.25
1162,Bologna,2024-06-02,0,,,,,,,,,,,,,,,,,6.4,6.5,5.5,5.5,6.5,4.25
1163,Bologna,2024-06-02,0,,,,,,,,,,,,,,,,,6.4,6.5,5.5,5.5,6.5,4.25
1164,Bologna,2024-06-02,0,,,,,,,,,,,,,,,,,6.4,6.5,5.5,5.5,6.5,4.25
1165,Bologna,2024-06-02,0,,,,,,,,,,,,,,,,,6.4,6.5,5.5,5.5,6.5,4.25
1166,Bologna,2024-06-02,0,,,,,,,,,,,,,,,,,6.4,6.5,5.5,5.5,6.5,4.25
1167,Bologna,2024-06-02,0,,,,,,,,,,,,,,,,,6.4,6.5,5.5,5.5,6.5,4.25
1168,Bologna,2024-06-02,0,,,,,,,,,,,,,,,,,6.4,6.5,5.5,5.5,6.5,4.25
1169,Bologna,2024-06-02,0,,,,,,,,,,,,,,,,,6.4,6.5,5.5,5.5,6.5,4.25
1170,Bologna,2024-06-02,0,,,,,,,,,,,,,,,,,6.4,6.5,5.5,5.5,6.5,4.25
1171,Bologna,2024-06-02,0,,,,,,,,,,,,,,,,,6.4,6.5,5.5,5.5,6.5,4.25
1172,Bologna,2024-06-02,0,,,,,,,,,,,,,,,,,6.4,6.5,5.5,5.5,6.5,4.25
1173,Bologna,2024-06-02,0,,,,,,,,,,,,,,,,,6.4,6.5,5.5,5.5,6.5,4.25
1174,Bologna,2024-06-02,0,,,,,,,,,,,,,,,,,6.4,6.5,5.5,5.5,6.5,4.25
1175,Bologna,2024-06-02,0,,,,,,,,,,,,,,,,,6.4,6.5,5.5,5.5,6.5,4.25
1176,Bologna,2024-06-02,0,1483.0,,,,,,,,,,,,,,,,6.4,6.5,5.5,5.5,6.5,4.25
1177,Bologna,2024-06-02,0,,,,,,,,,,,,,,,,,6.4,6.5,5.5,5.5,6.5,4.25
1178,Bologna,2024-06-02,0,,,,,,,,,,,,,,,,,6.4,6.5,5.5,5.5,6.5,4.25
1179,Bologna,2024-06-02,0,,,,,,,,,,,,,,,,,6.4,6.5,5.5,5.5,6.5,4.25
1180,Bologna,2024-06-02,0,,,,,,,,,,,,,,,,,6.4,6.5,5.5,5.5,6.5,4.25
1181,Bologna,2024-06-02,0,,,,,,,,,,,,,,,,,6.4,6.5,5.5,5.5,6.5,4.25
1182,Bologna,2024-06-02,0,,,,,,,,,,,,,,,,,6.4,6.5,5.5,5.5,6.5,4.25
1183,Bologna,2024-06-02,0,,,,,,,,,,,,,,,,,6.4,6.5,5.5,5.5,6.5,4.25
1184,Bologna,2024-06-02,0,1118.0,,,,,,,,,,,,,,,,6.4,6.5,5.5,5.5,6.5,4.25
1185,Bologna,2024-06-02,0,,,,,,,,,,,,,,,,,6.4,6.5,5.5,5.5,6.5,4.25
1186,Bologna,2024-06-02,0,,,,,,,,,,,,,,,,,6.4,6.5,5.5,5.5,6.5,4.25
1187,Bologna,2024-06-02,0,,,,,,,,,,,,,,,,,6.4,6.5,5.5,5.5,6.5,4.25
1188,Bologna,2024-06-02,0,1863.0,,,,,,,,,,,,,,,,6.4,6.5,5.5,5.5,6.5,4.25
1189,Bologna,2024-06-02,0,,,,,,,,,,,,,,,,,6.4,6.5,5.5,5.5,6.5,4.25
1190,Bologna,2024-06-02,0,,,,,,,,,,,,,,,,,6.4,6.5,5.5,5.5,6.5,4.25
1191,Bologna,2024-06-02,0,,,,,,,,,,,,,,,,,6.4,6.5,5.5,5.5,6.5,4.25
1192,Bologna,2024-06-02,0,1863.0,,,,,,,,,,,,,,,,6.4,6.5,5.5,5.5,6.5,4.25
1193,Bologna,2024-06-02,0,,,,,,,,,,,,,,,,,6.4,6.5,5.5,5.5,6.5,4.25
1194,Bologna,2024-06-02,0,745.0,,,,,,,,,,,,,,,,6.4,6.5,5.5,5.5,6.5,4.25
1195,Bologna,2024-06-02,0,,,,,,,,,,,,,,,,,6.4,6.5,5.5,5.5,6.5,4.25
1196,Bologna,2024-06-02,0,,,,,,,,,,,,,,,,,6.4,6.5,5.5,5.5,6.5,4.25
1197,Bologna,2024-06-02,0,522.0,,,,,,,,,,,,,,,,6.4,6.5,5.5,5.5,6.5,4.25
1198,Bologna,2024-06-02,0,1490.0,,,,,,,,,,,,,,,,6.4,6.5,5.5,5.5,6.5,4.25
1199,Bologna,2024-06-02,0,,,,,,,,,,,,,,,,,6.4,6.5,5.5,5.5,6.5,4.25
1200,Bologna,2024-06-02,0,,,,,,,,,,,,,,,,,6.4,6.5,5.5,5.5,6.5,4.25
1201,Bologna,2024-06-02,0,,,,,,,,,,,,,,,,,6.4,6.5,5.5,5.5,6.5,4.25
