,city,date,treat,price,rating,omtaler,gæster,familie,røgalarm,køleskab,ting i nærheden,hårtørrer,vaskemaskine,underholdning,tv,opvaskemasine,sengetøj,shampoo,kaffe,Sights,Safety,Shopping,Location,Climate,Affordability
0,Stockholm,2024-05-17,1,375.0,4.86,88,2.0,1.0,1.0,1.0,1.0,,,,,,,,,6.75,8.75,6.25,9.0,5.0,1.5
1,Stockholm,2024-05-17,1,,,,,,1.0,1.0,,1.0,1.0,1.0,1.0,1.0,,,,6.75,8.75,6.25,9.0,5.0,1.5
2,Stockholm,2024-05-17,1,,,,,,1.0,,1.0,,1.0,1.0,1.0,,,,,6.75,8.75,6.25,9.0,5.0,1.5
3,Stockholm,2024-05-17,1,,,,,,1.0,1.0,1.0,,,,,1.0,1.0,,,6.75,8.75,6.25,9.0,5.0,1.5
4,Stockholm,2024-05-17,1,,,,,,1.0,1.0,1.0,1.0,,1.0,1.0,,,,,6.75,8.75,6.25,9.0,5.0,1.5
5,Stockholm,2024-05-17,1,,,,,1.0,1.0,1.0,1.0,1.0,,1.0,1.0,1.0,,1.0,1.0,6.75,8.75,6.25,9.0,5.0,1.5
6,Stockholm,2024-05-17,1,,,,,,1.0,1.0,1.0,1.0,,,,1.0,,,,6.75,8.75,6.25,9.0,5.0,1.5
7,Stockholm,2024-05-17,1,,,,,,1.0,1.0,,1.0,,1.0,,1.0,1.0,,,6.75,8.75,6.25,9.0,5.0,1.5
8,Stockholm,2024-05-17,1,,,,,1.0,1.0,1.0,1.0,1.0,,1.0,,1.0,,,1.0,6.75,8.75,6.25,9.0,5.0,1.5
9,Stockholm,2024-05-17,1,,,,,,1.0,,,,1.0,1.0,1.0,,,,,6.75,8.75,6.25,9.0,5.0,1.5
10,Stockholm,2024-05-17,1,,,,,,1.0,1.0,1.0,1.0,,1.0,,1.0,1.0,1.0,,6.75,8.75,6.25,9.0,5.0,1.5
11,Stockholm,2024-05-17,1,,,,,,1.0,1.0,1.0,,1.0,,,1.0,1.0,,,6.75,8.75,6.25,9.0,5.0,1.5
12,Stockholm,2024-05-17,1,,,,,,1.0,,,1.0,1.0,1.0,1.0,,,,,6.75,8.75,6.25,9.0,5.0,1.5
13,Stockholm,2024-05-17,1,,,,,,1.0,1.0,,1.0,,1.0,,1.0,1.0,,,6.75,8.75,6.25,9.0,5.0,1.5
14,Stockholm,2024-05-17,1,,,,,,,,,,,,,,,,,6.75,8.75,6.25,9.0,5.0,1.5
15,Stockholm,2024-05-17,1,,,,,1.0,1.0,1.0,1.0,1.0,,1.0,,1.0,,1.0,1.0,6.75,8.75,6.25,9.0,5.0,1.5
16,Stockholm,2024-05-17,1,273.0,,,,,,1.0,1.0,1.0,1.0,,,,1.0,1.0,,6.75,8.75,6.25,9.0,5.0,1.5
17,Stockholm,2024-05-17,1,320.0,,,,,1.0,1.0,,1.0,,1.0,1.0,1.0,,1.0,1.0,6.75,8.75,6.25,9.0,5.0,1.5
18,Stockholm,2024-05-17,1,,,,4.0,,,,1.0,,1.0,,,,,,,6.75,8.75,6.25,9.0,5.0,1.5
19,Stockholm,2024-05-17,1,,,,,1.0,1.0,1.0,,1.0,1.0,,,1.0,1.0,,,6.75,8.75,6.25,9.0,5.0,1.5
20,Stockholm,2024-05-17,1,238.0,,,,,1.0,1.0,1.0,,1.0,,,1.0,1.0,,,6.75,8.75,6.25,9.0,5.0,1.5
21,Stockholm,2024-05-17,1,,,,,,,,1.0,1.0,1.0,,,,,1.0,,6.75,8.75,6.25,9.0,5.0,1.5
22,Stockholm,2024-05-17,1,,,,,,1.0,1.0,,1.0,,1.0,1.0,1.0,1.0,,,6.75,8.75,6.25,9.0,5.0,1.5
23,Stockholm,2024-05-17,1,191.0,,,,,,1.0,1.0,1.0,,,,,,1.0,,6.75,8.75,6.25,9.0,5.0,1.5
24,Stockholm,2024-05-17,1,,,,,,1.0,1.0,,1.0,1.0,,,1.0,,1.0,,6.75,8.75,6.25,9.0,5.0,1.5
25,Stockholm,2024-05-17,1,,,,,1.0,,1.0,1.0,,1.0,,,,,,,6.75,8.75,6.25,9.0,5.0,1.5
26,Stockholm,2024-05-17,1,238.0,,,,,1.0,1.0,,1.0,1.0,1.0,1.0,1.0,1.0,1.0,1.0,6.75,8.75,6.25,9.0,5.0,1.5
27,Stockholm,2024-05-17,1,172.0,,,,,1.0,,1.0,1.0,,1.0,1.0,1.0,,1.0,1.0,6.75,8.75,6.25,9.0,5.0,1.5
28,Stockholm,2024-05-17,1,,,,,,1.0,,,1.0,1.0,1.0,,,,,,6.75,8.75,6.25,9.0,5.0,1.5
29,Stockholm,2024-05-17,1,349.0,,,,,,1.0,,1.0,1.0,,,1.0,1.0,,,6.75,8.75,6.25,9.0,5.0,1.5
30,Stockholm,2024-05-17,1,,,,,,1.0,1.0,1.0,1.0,1.0,1.0,1.0,,,,,6.75,8.75,6.25,9.0,5.0,1.5
31,Stockholm,2024-05-17,1,,,,,,1.0,1.0,1.0,1.0,,,,1.0,,,,6.75,8.75,6.25,9.0,5.0,1.5
32,Stockholm,2024-05-17,1,140.0,,,,1.0,,1.0,1.0,1.0,,1.0,,1.0,1.0,1.0,,6.75,8.75,6.25,9.0,5.0,1.5
33,Stockholm,2024-05-17,1,,,,,,1.0,,1.0,1.0,,1.0,,1.0,,1.0,1.0,6.75,8.75,6.25,9.0,5.0,1.5
34,Stockholm,2024-05-17,1,309.0,,,,,,,1.0,,1.0,1.0,,,,,,6.75,8.75,6.25,9.0,5.0,1.5
35,Stockholm,2024-05-17,1,233.0,,,,,1.0,,,,,,,,,,,6.75,8.75,6.25,9.0,5.0,1.5
36,Stockholm,2024-05-17,1,,,,,,1.0,1.0,,,,1.0,1.0,,,,,6.75,8.75,6.25,9.0,5.0,1.5
37,Stockholm,2024-05-17,1,,,,,,1.0,1.0,1.0,1.0,1.0,1.0,1.0,1.0,1.0,1.0,,6.75,8.75,6.25,9.0,5.0,1.5
38,Stockholm,2024-05-17,1,349.0,,,,,1.0,1.0,,,1.0,,,1.0,,,,6.75,8.75,6.25,9.0,5.0,1.5
39,Stockholm,2024-05-17,1,,,,,,1.0,1.0,,1.0,,1.0,1.0,,,1.0,,6.75,8.75,6.25,9.0,5.0,1.5
40,Stockholm,2024-05-17,1,,,,,,1.0,1.0,,,1.0,1.0,,,,,,6.75,8.75,6.25,9.0,5.0,1.5
41,Stockholm,2024-05-17,1,,,,,1.0,1.0,1.0,1.0,1.0,,1.0,1.0,1.0,,1.0,1.0,6.75,8.75,6.25,9.0,5.0,1.5
42,Stockholm,2024-05-17,1,,,,,1.0,1.0,1.0,1.0,,,,,,1.0,1.0,,6.75,8.75,6.25,9.0,5.0,1.5
43,Stockholm,2024-05-17,1,318.0,,,,,,,,,,,,,,,,6.75,8.75,6.25,9.0,5.0,1.5
44,Stockholm,2024-05-17,1,,,,,,1.0,1.0,1.0,1.0,,1.0,,,1.0,1.0,1.0,6.75,8.75,6.25,9.0,5.0,1.5
45,Stockholm,2024-05-17,1,,,,,1.0,1.0,,,1.0,1.0,1.0,1.0,,,,,6.75,8.75,6.25,9.0,5.0,1.5
46,Stockholm,2024-05-17,1,,,,,,,,,,,1.0,1.0,,,,,6.75,8.75,6.25,9.0,5.0,1.5
47,Stockholm,2024-05-17,1,159.0,,,,,1.0,1.0,,,1.0,,,,,,,6.75,8.75,6.25,9.0,5.0,1.5
48,Stockholm,2024-05-17,1,,,,,,1.0,1.0,,,,1.0,,1.0,1.0,,,6.75,8.75,6.25,9.0,5.0,1.5
49,Stockholm,2024-05-17,1,,,,,,1.0,1.0,1.0,1.0,,1.0,,1.0,1.0,,1.0,6.75,8.75,6.25,9.0,5.0,1.5
50,Stockholm,2024-05-17,1,485.0,,,,,1.0,1.0,,1.0,1.0,,,,,,,6.75,8.75,6.25,9.0,5.0,1.5
51,Stockholm,2024-05-17,1,184.0,,,,1.0,1.0,1.0,,,,1.0,,,,,,6.75,8.75,6.25,9.0,5.0,1.5
52,Stockholm,2024-05-17,1,,,,,1.0,1.0,1.0,1.0,1.0,,,,1.0,1.0,1.0,1.0,6.75,8.75,6.25,9.0,5.0,1.5
53,Stockholm,2024-05-17,1,349.0,,,,,1.0,,,,,1.0,,,,,,6.75,8.75,6.25,9.0,5.0,1.5
54,Stockholm,2024-05-17,1,,,,,1.0,1.0,,1.0,1.0,1.0,1.0,1.0,,,1.0,,6.75,8.75,6.25,9.0,5.0,1.5
55,Stockholm,2024-05-17,1,639.0,,,,1.0,1.0,1.0,,1.0,,1.0,1.0,,,,,6.75,8.75,6.25,9.0,5.0,1.5
56,Stockholm,2024-05-17,1,235.0,,,,,1.0,1.0,,,,,,,,,,6.75,8.75,6.25,9.0,5.0,1.5
57,Stockholm,2024-05-17,1,,,,,1.0,,1.0,,,1.0,1.0,1.0,1.0,1.0,,,6.75,8.75,6.25,9.0,5.0,1.5
58,Stockholm,2024-05-17,1,,,,,,,,,,,1.0,1.0,,,,,6.75,8.75,6.25,9.0,5.0,1.5
59,Stockholm,2024-05-17,1,,,,,,,1.0,,,1.0,1.0,1.0,,,,,6.75,8.75,6.25,9.0,5.0,1.5
60,Stockholm,2024-05-17,1,241.0,,,,,1.0,,,,1.0,1.0,1.0,,,,,6.75,8.75,6.25,9.0,5.0,1.5
61,Stockholm,2024-05-17,1,,,,,1.0,1.0,1.0,1.0,1.0,,1.0,,1.0,1.0,1.0,,6.75,8.75,6.25,9.0,5.0,1.5
62,Stockholm,2024-05-17,1,,,,,,1.0,1.0,,1.0,1.0,1.0,1.0,1.0,,1.0,1.0,6.75,8.75,6.25,9.0,5.0,1.5
63,Stockholm,2024-05-17,1,,,,,1.0,1.0,1.0,,1.0,,1.0,1.0,1.0,,1.0,1.0,6.75,8.75,6.25,9.0,5.0,1.5
64,Stockholm,2024-05-17,1,,,,,,1.0,1.0,,1.0,1.0,,,1.0,,1.0,,6.75,8.75,6.25,9.0,5.0,1.5
65,Stockholm,2024-05-17,1,,,,,,,1.0,,,,1.0,,1.0,1.0,1.0,,6.75,8.75,6.25,9.0,5.0,1.5
66,Stockholm,2024-05-17,1,,,,,,1.0,,,,,,,,,,,6.75,8.75,6.25,9.0,5.0,1.5
67,Stockholm,2024-05-17,1,,,,,,1.0,,,,1.0,1.0,1.0,,,,,6.75,8.75,6.25,9.0,5.0,1.5
68,Stockholm,2024-05-17,1,,,,,,1.0,1.0,1.0,,1.0,1.0,1.0,,,,,6.75,8.75,6.25,9.0,5.0,1.5
69,Stockholm,2024-05-17,1,,,,,,,,,,1.0,1.0,1.0,,,,,6.75,8.75,6.25,9.0,5.0,1.5
70,Stockholm,2024-05-17,1,,,,,,,,,,1.0,1.0,1.0,,,,,6.75,8.75,6.25,9.0,5.0,1.5
71,Stockholm,2024-05-17,1,,,,,,1.0,1.0,,1.0,1.0,1.0,1.0,,,1.0,,6.75,8.75,6.25,9.0,5.0,1.5
72,Stockholm,2024-05-17,1,349.0,,,,,1.0,,,1.0,1.0,1.0,1.0,,,1.0,,6.75,8.75,6.25,9.0,5.0,1.5
73,Stockholm,2024-05-17,1,381.0,,,,,1.0,,,1.0,1.0,,,,,1.0,,6.75,8.75,6.25,9.0,5.0,1.5
74,Stockholm,2024-05-17,1,,,,,,1.0,,,1.0,1.0,1.0,1.0,,,1.0,,6.75,8.75,6.25,9.0,5.0,1.5
75,Stockholm,2024-05-17,1,,,,,,,,,,1.0,,,,,,,6.75,8.75,6.25,9.0,5.0,1.5
76,Stockholm,2024-05-17,1,,,,,,,1.0,1.0,1.0,1.0,1.0,1.0,1.0,1.0,1.0,,6.75,8.75,6.25,9.0,5.0,1.5
77,Stockholm,2024-05-17,1,,,,,,,,,,,1.0,1.0,,,,,6.75,8.75,6.25,9.0,5.0,1.5
78,Stockholm,2024-05-17,1,,,,,,1.0,,,,,,,,,,,6.75,8.75,6.25,9.0,5.0,1.5
79,Stockholm,2024-05-17,1,,,,,,1.0,,,,1.0,,,,,,,6.75,8.75,6.25,9.0,5.0,1.5
80,Stockholm,2024-05-17,1,,,,,,,1.0,,,1.0,,,1.0,,1.0,,6.75,8.75,6.25,9.0,5.0,1.5
81,Stockholm,2024-05-17,1,,,,,,1.0,,,1.0,,1.0,1.0,,,,,6.75,8.75,6.25,9.0,5.0,1.5
82,Stockholm,2024-05-17,1,,,,,,1.0,,1.0,,,,,,,,,6.75,8.75,6.25,9.0,5.0,1.5
83,Stockholm,2024-05-17,1,475.0,,,,,1.0,,1.0,,1.0,,,,,,,6.75,8.75,6.25,9.0,5.0,1.5
84,Stockholm,2024-05-17,1,286.0,,,,,,,,,1.0,1.0,1.0,,,,,6.75,8.75,6.25,9.0,5.0,1.5
85,Stockholm,2024-05-17,1,617.0,,,,,1.0,1.0,,1.0,1.0,1.0,1.0,,,1.0,,6.75,8.75,6.25,9.0,5.0,1.5
86,Stockholm,2024-05-17,1,438.0,,,,,1.0,1.0,1.0,1.0,,1.0,,1.0,,1.0,1.0,6.75,8.75,6.25,9.0,5.0,1.5
87,Stockholm,2024-05-17,1,,,,,,,,,1.0,1.0,1.0,1.0,,1.0,1.0,,6.75,8.75,6.25,9.0,5.0,1.5
88,Stockholm,2024-05-17,1,222.0,,,,,1.0,,1.0,,1.0,1.0,1.0,,,,,6.75,8.75,6.25,9.0,5.0,1.5
89,Stockholm,2024-05-17,1,,,,,,1.0,,1.0,,1.0,1.0,1.0,,,,,6.75,8.75,6.25,9.0,5.0,1.5
90,Stockholm,2024-05-17,1,203.0,,,,,1.0,,,,1.0,1.0,1.0,,,,,6.75,8.75,6.25,9.0,5.0,1.5
91,Stockholm,2024-05-17,1,,,,6.0,,1.0,1.0,,,1.0,1.0,1.0,,,,,6.75,8.75,6.25,9.0,5.0,1.5
92,Stockholm,2024-05-17,1,589.0,,,2.0,1.0,1.0,1.0,1.0,1.0,,1.0,1.0,1.0,1.0,,,6.75,8.75,6.25,9.0,5.0,1.5
93,Stockholm,2024-05-17,1,307.0,,,2.0,1.0,1.0,,1.0,1.0,,1.0,,,,,,6.75,8.75,6.25,9.0,5.0,1.5
94,Stockholm,2024-05-17,1,362.0,,,2.0,1.0,1.0,1.0,1.0,1.0,,1.0,,1.0,1.0,,,6.75,8.75,6.25,9.0,5.0,1.5
95,Stockholm,2024-05-17,1,632.0,,,,,,,,,,,,,,,,6.75,8.75,6.25,9.0,5.0,1.5
96,Stockholm,2024-05-17,1,,,,,,,,,,,,,,,,,6.75,8.75,6.25,9.0,5.0,1.5
97,Stockholm,2024-05-17,1,,,,,,,,,,,,,,,,,6.75,8.75,6.25,9.0,5.0,1.5
98,Stockholm,2024-05-17,1,,,,,,,,,,,,,,,,,6.75,8.75,6.25,9.0,5.0,1.5
99,Stockholm,2024-05-17,1,286.0,,,,,,,,,,,,,,,,6.75,8.75,6.25,9.0,5.0,1.5
100,Stockholm,2024-05-17,1,,,,,,,,,,,,,,,,,6.75,8.75,6.25,9.0,5.0,1.5
101,Stockholm,2024-05-17,1,,,,,,,,,,,,,,,,,6.75,8.75,6.25,9.0,5.0,1.5
102,Stockholm,2024-05-17,1,,,,,,,,,,,,,,,,,6.75,8.75,6.25,9.0,5.0,1.5
103,Stockholm,2024-05-17,1,318.0,,,,,,,,,,,,,,,,6.75,8.75,6.25,9.0,5.0,1.5
104,Stockholm,2024-05-17,1,,,,,,,,,,,,,,,,,6.75,8.75,6.25,9.0,5.0,1.5
105,Stockholm,2024-05-17,1,,,,,,,,,,,,,,,,,6.75,8.75,6.25,9.0,5.0,1.5
106,Stockholm,2024-05-17,1,,,,,,,,,,,,,,,,,6.75,8.75,6.25,9.0,5.0,1.5
107,Stockholm,2024-05-17,1,,,,,,,,,,,,,,,,,6.75,8.75,6.25,9.0,5.0,1.5
108,Stockholm,2024-05-17,1,,,,,,,,,,,,,,,,,6.75,8.75,6.25,9.0,5.0,1.5
109,Stockholm,2024-05-17,1,,,,,,,,,,,,,,,,,6.75,8.75,6.25,9.0,5.0,1.5
110,Stockholm,2024-05-17,1,,,,,,,,,,,,,,,,,6.75,8.75,6.25,9.0,5.0,1.5
111,Stockholm,2024-05-17,1,407.0,,,,,,,,,,,,,,,,6.75,8.75,6.25,9.0,5.0,1.5
112,Stockholm,2024-05-17,1,,,,,,,,,,,,,,,,,6.75,8.75,6.25,9.0,5.0,1.5
113,Stockholm,2024-05-17,1,,,,,,,,,,,,,,,,,6.75,8.75,6.25,9.0,5.0,1.5
114,Stockholm,2024-05-17,1,,,,,,,,,,,,,,,,,6.75,8.75,6.25,9.0,5.0,1.5
115,Stockholm,2024-05-17,1,362.0,,,,,,,,,,,,,,,,6.75,8.75,6.25,9.0,5.0,1.5
116,Stockholm,2024-05-17,1,305.0,,,,,,,,,,,,,,,,6.75,8.75,6.25,9.0,5.0,1.5
117,Stockholm,2024-05-17,1,191.0,,,,,,,,,,,,,,,,6.75,8.75,6.25,9.0,5.0,1.5
118,Stockholm,2024-05-17,1,,,,,,,,,,,,,,,,,6.75,8.75,6.25,9.0,5.0,1.5
119,Stockholm,2024-05-17,1,440.0,,,,,,,,,,,,,,,,6.75,8.75,6.25,9.0,5.0,1.5
120,Stockholm,2024-05-17,1,349.0,,,,,,,,,,,,,,,,6.75,8.75,6.25,9.0,5.0,1.5
121,Stockholm,2024-05-17,1,315.0,,,,,,,,,,,,,,,,6.75,8.75,6.25,9.0,5.0,1.5
122,Stockholm,2024-05-17,1,,,,,,,,,,,,,,,,,6.75,8.75,6.25,9.0,5.0,1.5
123,Stockholm,2024-05-17,1,,,,,,,,,,,,,,,,,6.75,8.75,6.25,9.0,5.0,1.5
124,Stockholm,2024-05-17,1,,,,,,,,,,,,,,,,,6.75,8.75,6.25,9.0,5.0,1.5
125,Stockholm,2024-05-17,1,288.0,,,,,,,,,,,,,,,,6.75,8.75,6.25,9.0,5.0,1.5
126,Stockholm,2024-05-17,1,,,,,,,,,,,,,,,,,6.75,8.75,6.25,9.0,5.0,1.5
127,Stockholm,2024-05-17,1,,,,,,,,,,,,,,,,,6.75,8.75,6.25,9.0,5.0,1.5
128,Stockholm,2024-05-17,1,381.0,,,,,,,,,,,,,,,,6.75,8.75,6.25,9.0,5.0,1.5
129,Stockholm,2024-05-17,1,,,,,,,,,,,,,,,,,6.75,8.75,6.25,9.0,5.0,1.5
130,Stockholm,2024-05-17,1,,,,,,,,,,,,,,,,,6.75,8.75,6.25,9.0,5.0,1.5
131,Stockholm,2024-05-17,1,,,,,,,,,,,,,,,,,6.75,8.75,6.25,9.0,5.0,1.5
132,Stockholm,2024-05-17,1,283.0,,,,,,,,,,,,,,,,6.75,8.75,6.25,9.0,5.0,1.5
133,Stockholm,2024-05-17,1,,,,,,,,,,,,,,,,,6.75,8.75,6.25,9.0,5.0,1.5
134,Stockholm,2024-05-17,1,,,,,,,,,,,,,,,,,6.75,8.75,6.25,9.0,5.0,1.5
135,Stockholm,2024-05-17,1,,,,,,,,,,,,,,,,,6.75,8.75,6.25,9.0,5.0,1.5
136,Stockholm,2024-05-17,1,114.0,,,,,,,,,,,,,,,,6.75,8.75,6.25,9.0,5.0,1.5
137,Stockholm,2024-05-17,1,,,,,,,,,,,,,,,,,6.75,8.75,6.25,9.0,5.0,1.5
138,Stockholm,2024-05-17,1,244.0,,,,,,,,,,,,,,,,6.75,8.75,6.25,9.0,5.0,1.5
139,Stockholm,2024-05-17,1,,,,,,,,,,,,,,,,,6.75,8.75,6.25,9.0,5.0,1.5
140,Stockholm,2024-05-17,1,451.0,,,,,,,,,,,,,,,,6.75,8.75,6.25,9.0,5.0,1.5
141,Stockholm,2024-05-17,1,,,,,,,,,,,,,,,,,6.75,8.75,6.25,9.0,5.0,1.5
142,Stockholm,2024-05-17,1,,,,,,,,,,,,,,,,,6.75,8.75,6.25,9.0,5.0,1.5
143,Stockholm,2024-05-17,1,,,,,,,,,,,,,,,,,6.75,8.75,6.25,9.0,5.0,1.5
144,Stockholm,2024-05-17,1,,,,,,,,,,,,,,,,,6.75,8.75,6.25,9.0,5.0,1.5
145,Stockholm,2024-05-17,1,229.0,,,,,,,,,,,,,,,,6.75,8.75,6.25,9.0,5.0,1.5
146,Stockholm,2024-05-17,1,,,,,,,,,,,,,,,,,6.75,8.75,6.25,9.0,5.0,1.5
147,Stockholm,2024-05-17,1,,,,,,,,,,,,,,,,,6.75,8.75,6.25,9.0,5.0,1.5
148,Stockholm,2024-05-17,1,,,,,,,,,,,,,,,,,6.75,8.75,6.25,9.0,5.0,1.5
149,Stockholm,2024-05-17,1,198.0,,,,,,,,,,,,,,,,6.75,8.75,6.25,9.0,5.0,1.5
150,Stockholm,2024-05-17,1,,,,,,,,,,,,,,,,,6.75,8.75,6.25,9.0,5.0,1.5
151,Stockholm,2024-05-17,1,,,,,,,,,,,,,,,,,6.75,8.75,6.25,9.0,5.0,1.5
152,Stockholm,2024-05-17,1,419.0,,,,,,,,,,,,,,,,6.75,8.75,6.25,9.0,5.0,1.5
153,Stockholm,2024-05-17,1,,,,,,,,,,,,,,,,,6.75,8.75,6.25,9.0,5.0,1.5
154,Stockholm,2024-05-17,1,,,,,,,,,,,,,,,,,6.75,8.75,6.25,9.0,5.0,1.5
155,Stockholm,2024-05-17,1,,,,,,,,,,,,,,,,,6.75,8.75,6.25,9.0,5.0,1.5
156,Stockholm,2024-05-17,1,,,,,,,,,,,,,,,,,6.75,8.75,6.25,9.0,5.0,1.5
157,Stockholm,2024-05-17,1,,,,,,,,,,,,,,,,,6.75,8.75,6.25,9.0,5.0,1.5
158,Stockholm,2024-05-17,1,525.0,,,,,,,,,,,,,,,,6.75,8.75,6.25,9.0,5.0,1.5
159,Stockholm,2024-05-17,1,,,,,,,,,,,,,,,,,6.75,8.75,6.25,9.0,5.0,1.5
160,Stockholm,2024-05-17,1,604.0,,,,,,,,,,,,,,,,6.75,8.75,6.25,9.0,5.0,1.5
161,Stockholm,2024-05-17,1,,,,,,,,,,,,,,,,,6.75,8.75,6.25,9.0,5.0,1.5
162,Stockholm,2024-05-17,1,,,,,,,,,,,,,,,,,6.75,8.75,6.25,9.0,5.0,1.5
163,Stockholm,2024-05-17,1,,,,,,,,,,,,,,,,,6.75,8.75,6.25,9.0,5.0,1.5
164,Stockholm,2024-05-17,1,,,,,,,,,,,,,,,,,6.75,8.75,6.25,9.0,5.0,1.5
165,Stockholm,2024-05-17,1,,,,,,,,,,,,,,,,,6.75,8.75,6.25,9.0,5.0,1.5
166,Stockholm,2024-05-17,1,,,,,,,,,,,,,,,,,6.75,8.75,6.25,9.0,5.0,1.5
167,Stockholm,2024-05-17,1,254.0,,,,,,,,,,,,,,,,6.75,8.75,6.25,9.0,5.0,1.5
168,Stockholm,2024-05-17,1,,,,,,,,,,,,,,,,,6.75,8.75,6.25,9.0,5.0,1.5
169,Stockholm,2024-05-17,1,,,,,,,,,,,,,,,,,6.75,8.75,6.25,9.0,5.0,1.5
170,Stockholm,2024-05-17,1,,,,,,,,,,,,,,,,,6.75,8.75,6.25,9.0,5.0,1.5
171,Stockholm,2024-05-17,1,,,,,,,,,,,,,,,,,6.75,8.75,6.25,9.0,5.0,1.5
172,Stockholm,2024-05-17,1,477.0,,,,,,,,,,,,,,,,6.75,8.75,6.25,9.0,5.0,1.5
173,Stockholm,2024-05-17,1,,,,,,,,,,,,,,,,,6.75,8.75,6.25,9.0,5.0,1.5
174,Stockholm,2024-05-17,1,,,,,,,,,,,,,,,,,6.75,8.75,6.25,9.0,5.0,1.5
175,Stockholm,2024-05-17,1,,,,,,,,,,,,,,,,,6.75,8.75,6.25,9.0,5.0,1.5
176,Stockholm,2024-05-17,1,,,,,,,,,,,,,,,,,6.75,8.75,6.25,9.0,5.0,1.5
177,Stockholm,2024-05-17,1,,,,,,,,,,,,,,,,,6.75,8.75,6.25,9.0,5.0,1.5
178,Stockholm,2024-05-17,1,,,,,,,,,,,,,,,,,6.75,8.75,6.25,9.0,5.0,1.5
179,Stockholm,2024-05-17,1,,,,,,,,,,,,,,,,,6.75,8.75,6.25,9.0,5.0,1.5
180,Stockholm,2024-05-17,1,244.0,,,,,,,,,,,,,,,,6.75,8.75,6.25,9.0,5.0,1.5
181,Stockholm,2024-05-17,1,351.0,,,,,,,,,,,,,,,,6.75,8.75,6.25,9.0,5.0,1.5
182,Stockholm,2024-05-17,1,222.0,,,,,,,,,,,,,,,,6.75,8.75,6.25,9.0,5.0,1.5
183,Stockholm,2024-05-17,1,,,,,,,,,,,,,,,,,6.75,8.75,6.25,9.0,5.0,1.5
184,Stockholm,2024-05-17,1,,,,,,,,,,,,,,,,,6.75,8.75,6.25,9.0,5.0,1.5
185,Stockholm,2024-05-17,1,,,,,,,,,,,,,,,,,6.75,8.75,6.25,9.0,5.0,1.5
186,Stockholm,2024-05-17,1,,,,,,,,,,,,,,,,,6.75,8.75,6.25,9.0,5.0,1.5
187,Stockholm,2024-05-17,1,477.0,,,,,,,,,,,,,,,,6.75,8.75,6.25,9.0,5.0,1.5
188,Stockholm,2024-05-17,1,,,,,,,,,,,,,,,,,6.75,8.75,6.25,9.0,5.0,1.5
189,Stockholm,2024-05-17,1,,,,,,,,,,,,,,,,,6.75,8.75,6.25,9.0,5.0,1.5
190,Stockholm,2024-05-17,1,,,,,,,,,,,,,,,,,6.75,8.75,6.25,9.0,5.0,1.5
191,Stockholm,2024-05-17,1,,,,,,,,,,,,,,,,,6.75,8.75,6.25,9.0,5.0,1.5
192,Stockholm,2024-05-17,1,339.0,,,,,,,,,,,,,,,,6.75,8.75,6.25,9.0,5.0,1.5
193,Stockholm,2024-05-17,1,,,,,,,,,,,,,,,,,6.75,8.75,6.25,9.0,5.0,1.5
194,Stockholm,2024-05-17,1,457.0,,,,,,,,,,,,,,,,6.75,8.75,6.25,9.0,5.0,1.5
195,Stockholm,2024-05-17,1,,,,,,,,,,,,,,,,,6.75,8.75,6.25,9.0,5.0,1.5
196,Stockholm,2024-05-17,1,,,,,,,,,,,,,,,,,6.75,8.75,6.25,9.0,5.0,1.5
197,Stockholm,2024-05-17,1,642.0,,,,,,,,,,,,,,,,6.75,8.75,6.25,9.0,5.0,1.5
198,Stockholm,2024-05-17,1,,,,,,,,,,,,,,,,,6.75,8.75,6.25,9.0,5.0,1.5
199,Stockholm,2024-05-17,1,,,,,,,,,,,,,,,,,6.75,8.75,6.25,9.0,5.0,1.5
200,Stockholm,2024-05-17,1,150.0,,,,,,,,,,,,,,,,6.75,8.75,6.25,9.0,5.0,1.5
201,Stockholm,2024-05-17,1,,,,,,,,,,,,,,,,,6.75,8.75,6.25,9.0,5.0,1.5
202,Stockholm,2024-05-17,1,222.0,,,,,,,,,,,,,,,,6.75,8.75,6.25,9.0,5.0,1.5
203,Stockholm,2024-05-17,1,,,,,,,,,,,,,,,,,6.75,8.75,6.25,9.0,5.0,1.5
204,Stockholm,2024-05-17,1,,,,,,,,,,,,,,,,,6.75,8.75,6.25,9.0,5.0,1.5
205,Stockholm,2024-05-17,1,,,,,,,,,,,,,,,,,6.75,8.75,6.25,9.0,5.0,1.5
206,Stockholm,2024-05-17,1,,,,,,,,,,,,,,,,,6.75,8.75,6.25,9.0,5.0,1.5
207,Stockholm,2024-05-17,1,,,,,,,,,,,,,,,,,6.75,8.75,6.25,9.0,5.0,1.5
208,Stockholm,2024-05-17,1,255.0,,,,,,,,,,,,,,,,6.75,8.75,6.25,9.0,5.0,1.5
209,Stockholm,2024-05-17,1,445.0,,,,,,,,,,,,,,,,6.75,8.75,6.25,9.0,5.0,1.5
210,Stockholm,2024-05-17,1,,,,,,,,,,,,,,,,,6.75,8.75,6.25,9.0,5.0,1.5
211,Stockholm,2024-05-17,1,508.0,,,,,,,,,,,,,,,,6.75,8.75,6.25,9.0,5.0,1.5
212,Stockholm,2024-05-17,1,381.0,,,,,,,,,,,,,,,,6.75,8.75,6.25,9.0,5.0,1.5
213,Stockholm,2024-05-17,1,508.0,,,,,,,,,,,,,,,,6.75,8.75,6.25,9.0,5.0,1.5
214,Stockholm,2024-05-17,1,,,,,,,,,,,,,,,,,6.75,8.75,6.25,9.0,5.0,1.5
215,Stockholm,2024-05-17,1,,,,,,,,,,,,,,,,,6.75,8.75,6.25,9.0,5.0,1.5
216,Stockholm,2024-05-17,1,286.0,,,,,,,,,,,,,,,,6.75,8.75,6.25,9.0,5.0,1.5
217,Stockholm,2024-05-17,1,,,,,,,,,,,,,,,,,6.75,8.75,6.25,9.0,5.0,1.5
218,Stockholm,2024-05-17,1,,,,,,,,,,,,,,,,,6.75,8.75,6.25,9.0,5.0,1.5
219,Stockholm,2024-05-17,1,671.0,,,,,,,,,,,,,,,,6.75,8.75,6.25,9.0,5.0,1.5
220,Stockholm,2024-05-17,1,,,,,,,,,,,,,,,,,6.75,8.75,6.25,9.0,5.0,1.5
221,Stockholm,2024-05-17,1,,,,,,,,,,,,,,,,,6.75,8.75,6.25,9.0,5.0,1.5
222,Stockholm,2024-05-17,1,,,,,,,,,,,,,,,,,6.75,8.75,6.25,9.0,5.0,1.5
223,Stockholm,2024-05-17,1,,,,,,,,,,,,,,,,,6.75,8.75,6.25,9.0,5.0,1.5
224,Stockholm,2024-05-17,1,671.0,,,,,,,,,,,,,,,,6.75,8.75,6.25,9.0,5.0,1.5
225,Stockholm,2024-05-17,1,,,,,,,,,,,,,,,,,6.75,8.75,6.25,9.0,5.0,1.5
226,Stockholm,2024-05-17,1,527.0,,,,,,,,,,,,,,,,6.75,8.75,6.25,9.0,5.0,1.5
227,Stockholm,2024-05-17,1,,,,,,,,,,,,,,,,,6.75,8.75,6.25,9.0,5.0,1.5
228,Stockholm,2024-05-17,1,,,,,,,,,,,,,,,,,6.75,8.75,6.25,9.0,5.0,1.5
229,Stockholm,2024-05-17,1,572.0,,,,,,,,,,,,,,,,6.75,8.75,6.25,9.0,5.0,1.5
230,Stockholm,2024-05-17,1,,,,,,,,,,,,,,,,,6.75,8.75,6.25,9.0,5.0,1.5
231,Stockholm,2024-05-17,1,,,,,,,,,,,,,,,,,6.75,8.75,6.25,9.0,5.0,1.5
232,Stockholm,2024-05-17,1,219.0,,,,,,,,,,,,,,,,6.75,8.75,6.25,9.0,5.0,1.5
233,Stockholm,2024-05-17,1,388.0,,,,,,,,,,,,,,,,6.75,8.75,6.25,9.0,5.0,1.5
234,Stockholm,2024-05-17,1,,,,,,,,,,,,,,,,,6.75,8.75,6.25,9.0,5.0,1.5
235,Stockholm,2024-05-17,1,,,,,,,,,,,,,,,,,6.75,8.75,6.25,9.0,5.0,1.5
236,Stockholm,2024-05-17,1,,,,,,,,,,,,,,,,,6.75,8.75,6.25,9.0,5.0,1.5
237,Stockholm,2024-05-17,1,,,,,,,,,,,,,,,,,6.75,8.75,6.25,9.0,5.0,1.5
238,Stockholm,2024-05-17,1,,,,,,,,,,,,,,,,,6.75,8.75,6.25,9.0,5.0,1.5
239,Stockholm,2024-05-17,1,,,,,,,,,,,,,,,,,6.75,8.75,6.25,9.0,5.0,1.5
240,Stockholm,2024-05-17,1,,,,,,,,,,,,,,,,,6.75,8.75,6.25,9.0,5.0,1.5
241,Stockholm,2024-05-17,1,,,,,,,,,,,,,,,,,6.75,8.75,6.25,9.0,5.0,1.5
242,Stockholm,2024-05-17,1,,,,,,,,,,,,,,,,,6.75,8.75,6.25,9.0,5.0,1.5
243,Stockholm,2024-05-17,1,572.0,,,,,,,,,,,,,,,,6.75,8.75,6.25,9.0,5.0,1.5
244,Stockholm,2024-05-17,1,,,,,,,,,,,,,,,,,6.75,8.75,6.25,9.0,5.0,1.5
245,Stockholm,2024-05-17,1,530.0,,,,,,,,,,,,,,,,6.75,8.75,6.25,9.0,5.0,1.5
246,Stockholm,2024-05-17,1,,,,,,,,,,,,,,,,,6.75,8.75,6.25,9.0,5.0,1.5
247,Stockholm,2024-05-17,1,604.0,,,,,,,,,,,,,,,,6.75,8.75,6.25,9.0,5.0,1.5
248,Stockholm,2024-05-17,1,222.0,,,,,,,,,,,,,,,,6.75,8.75,6.25,9.0,5.0,1.5
249,Stockholm,2024-05-17,1,317.0,,,,,,,,,,,,,,,,6.75,8.75,6.25,9.0,5.0,1.5
250,Stockholm,2024-05-17,1,,,,,,,,,,,,,,,,,6.75,8.75,6.25,9.0,5.0,1.5
251,Stockholm,2024-05-17,1,,,,,,,,,,,,,,,,,6.75,8.75,6.25,9.0,5.0,1.5
252,Stockholm,2024-05-17,1,,,,,,,,,,,,,,,,,6.75,8.75,6.25,9.0,5.0,1.5
253,Stockholm,2024-05-17,1,,,,,,,,,,,,,,,,,6.75,8.75,6.25,9.0,5.0,1.5
254,Stockholm,2024-05-17,1,,,,,,,,,,,,,,,,,6.75,8.75,6.25,9.0,5.0,1.5
255,Stockholm,2024-05-17,1,,,,,,,,,,,,,,,,,6.75,8.75,6.25,9.0,5.0,1.5
256,Stockholm,2024-05-17,1,742.0,,,,,,,,,,,,,,,,6.75,8.75,6.25,9.0,5.0,1.5
257,Stockholm,2024-05-17,1,,,,,,,,,,,,,,,,,6.75,8.75,6.25,9.0,5.0,1.5
258,Stockholm,2024-05-17,1,,,,,,,,,,,,,,,,,6.75,8.75,6.25,9.0,5.0,1.5
259,Stockholm,2024-05-17,1,,,,,,,,,,,,,,,,,6.75,8.75,6.25,9.0,5.0,1.5
260,Stockholm,2024-05-17,1,286.0,,,,,,,,,,,,,,,,6.75,8.75,6.25,9.0,5.0,1.5
261,Stockholm,2024-05-17,1,,,,,,,,,,,,,,,,,6.75,8.75,6.25,9.0,5.0,1.5
262,Stockholm,2024-05-17,1,,,,,,,,,,,,,,,,,6.75,8.75,6.25,9.0,5.0,1.5
263,Stockholm,2024-05-17,1,,,,,,,,,,,,,,,,,6.75,8.75,6.25,9.0,5.0,1.5
264,Stockholm,2024-05-17,1,,,,,,,,,,,,,,,,,6.75,8.75,6.25,9.0,5.0,1.5
265,Stockholm,2024-05-17,1,,,,,,,,,,,,,,,,,6.75,8.75,6.25,9.0,5.0,1.5
266,Stockholm,2024-05-17,1,,,,,,,,,,,,,,,,,6.75,8.75,6.25,9.0,5.0,1.5
267,Stockholm,2024-05-17,1,,,,,,,,,,,,,,,,,6.75,8.75,6.25,9.0,5.0,1.5
268,Stockholm,2024-05-17,1,,,,,,,,,,,,,,,,,6.75,8.75,6.25,9.0,5.0,1.5
269,Stockholm,2024-05-17,1,,,,,,,,,,,,,,,,,6.75,8.75,6.25,9.0,5.0,1.5
270,Stockholm,2024-05-17,1,,,,,,,,,,,,,,,,,6.75,8.75,6.25,9.0,5.0,1.5
271,Stockholm,2024-05-17,1,,,,,,,,,,,,,,,,,6.75,8.75,6.25,9.0,5.0,1.5
272,Stockholm,2024-05-17,1,,,,,,,,,,,,,,,,,6.75,8.75,6.25,9.0,5.0,1.5
273,Stockholm,2024-05-17,1,,,,,,,,,,,,,,,,,6.75,8.75,6.25,9.0,5.0,1.5
274,Stockholm,2024-05-17,1,,,,,,,,,,,,,,,,,6.75,8.75,6.25,9.0,5.0,1.5
275,Stockholm,2024-05-17,1,,,,,,,,,,,,,,,,,6.75,8.75,6.25,9.0,5.0,1.5
276,Stockholm,2024-05-17,1,,,,,,,,,,,,,,,,,6.75,8.75,6.25,9.0,5.0,1.5
277,Stockholm,2024-05-17,1,,,,,,,,,,,,,,,,,6.75,8.75,6.25,9.0,5.0,1.5
278,Stockholm,2024-05-17,1,,,,,,,,,,,,,,,,,6.75,8.75,6.25,9.0,5.0,1.5
279,Stockholm,2024-05-17,1,,,,,,,,,,,,,,,,,6.75,8.75,6.25,9.0,5.0,1.5
280,Stockholm,2024-05-17,1,,,,,,,,,,,,,,,,,6.75,8.75,6.25,9.0,5.0,1.5
281,Stockholm,2024-05-17,1,,,,,,,,,,,,,,,,,6.75,8.75,6.25,9.0,5.0,1.5
282,Stockholm,2024-05-17,1,,,,,,,,,,,,,,,,,6.75,8.75,6.25,9.0,5.0,1.5
283,Stockholm,2024-05-17,1,,,,,,,,,,,,,,,,,6.75,8.75,6.25,9.0,5.0,1.5
284,Stockholm,2024-05-17,1,,,,,,,,,,,,,,,,,6.75,8.75,6.25,9.0,5.0,1.5
285,Stockholm,2024-05-17,1,,,,,,,,,,,,,,,,,6.75,8.75,6.25,9.0,5.0,1.5
286,Stockholm,2024-05-17,1,,,,,,,,,,,,,,,,,6.75,8.75,6.25,9.0,5.0,1.5
287,Stockholm,2024-05-17,1,,,,,,,,,,,,,,,,,6.75,8.75,6.25,9.0,5.0,1.5
288,Stockholm,2024-05-17,1,,,,,,,,,,,,,,,,,6.75,8.75,6.25,9.0,5.0,1.5
289,Stockholm,2024-05-17,1,,,,,,,,,,,,,,,,,6.75,8.75,6.25,9.0,5.0,1.5
290,Stockholm,2024-05-17,1,,,,,,,,,,,,,,,,,6.75,8.75,6.25,9.0,5.0,1.5
291,Stockholm,2024-05-17,1,,,,,,,,,,,,,,,,,6.75,8.75,6.25,9.0,5.0,1.5
292,Stockholm,2024-05-17,1,,,,,,,,,,,,,,,,,6.75,8.75,6.25,9.0,5.0,1.5
293,Stockholm,2024-05-17,1,,,,,,,,,,,,,,,,,6.75,8.75,6.25,9.0,5.0,1.5
294,Stockholm,2024-05-17,1,,,,,,,,,,,,,,,,,6.75,8.75,6.25,9.0,5.0,1.5
295,Stockholm,2024-05-17,1,,,,,,,,,,,,,,,,,6.75,8.75,6.25,9.0,5.0,1.5
296,Stockholm,2024-05-17,1,,,,,,,,,,,,,,,,,6.75,8.75,6.25,9.0,5.0,1.5
297,Stockholm,2024-05-17,1,,,,,,,,,,,,,,,,,6.75,8.75,6.25,9.0,5.0,1.5
298,Stockholm,2024-05-17,1,,,,,,,,,,,,,,,,,6.75,8.75,6.25,9.0,5.0,1.5
299,Stockholm,2024-05-17,1,,,,,,,,,,,,,,,,,6.75,8.75,6.25,9.0,5.0,1.5
300,Stockholm,2024-05-17,1,,,,,,,,,,,,,,,,,6.75,8.75,6.25,9.0,5.0,1.5
301,Stockholm,2024-05-17,1,,,,,,,,,,,,,,,,,6.75,8.75,6.25,9.0,5.0,1.5
302,Stockholm,2024-05-17,1,,,,,,,,,,,,,,,,,6.75,8.75,6.25,9.0,5.0,1.5
303,Stockholm,2024-05-17,1,,,,,,,,,,,,,,,,,6.75,8.75,6.25,9.0,5.0,1.5
304,Stockholm,2024-05-17,1,,,,,,,,,,,,,,,,,6.75,8.75,6.25,9.0,5.0,1.5
305,Stockholm,2024-05-17,1,,,,,,,,,,,,,,,,,6.75,8.75,6.25,9.0,5.0,1.5
306,Stockholm,2024-05-17,1,,,,,,,,,,,,,,,,,6.75,8.75,6.25,9.0,5.0,1.5
307,Stockholm,2024-05-17,1,,,,,,,,,,,,,,,,,6.75,8.75,6.25,9.0,5.0,1.5
308,Stockholm,2024-05-17,1,,,,,,,,,,,,,,,,,6.75,8.75,6.25,9.0,5.0,1.5
309,Stockholm,2024-05-17,1,,,,,,,,,,,,,,,,,6.75,8.75,6.25,9.0,5.0,1.5
310,Stockholm,2024-05-17,1,,,,,,,,,,,,,,,,,6.75,8.75,6.25,9.0,5.0,1.5
311,Stockholm,2024-05-17,1,,,,,,,,,,,,,,,,,6.75,8.75,6.25,9.0,5.0,1.5
312,Stockholm,2024-05-17,1,,,,,,,,,,,,,,,,,6.75,8.75,6.25,9.0,5.0,1.5
313,Stockholm,2024-05-17,1,,,,,,,,,,,,,,,,,6.75,8.75,6.25,9.0,5.0,1.5
314,Stockholm,2024-05-17,1,,,,,,,,,,,,,,,,,6.75,8.75,6.25,9.0,5.0,1.5
315,Stockholm,2024-05-17,1,,,,,,,,,,,,,,,,,6.75,8.75,6.25,9.0,5.0,1.5
316,Stockholm,2024-05-17,1,,,,,,,,,,,,,,,,,6.75,8.75,6.25,9.0,5.0,1.5
317,Stockholm,2024-05-17,1,,,,,,,,,,,,,,,,,6.75,8.75,6.25,9.0,5.0,1.5
318,Stockholm,2024-05-17,1,,,,,,,,,,,,,,,,,6.75,8.75,6.25,9.0,5.0,1.5
319,Stockholm,2024-05-17,1,,,,,,,,,,,,,,,,,6.75,8.75,6.25,9.0,5.0,1.5
320,Stockholm,2024-05-17,1,,,,,,,,,,,,,,,,,6.75,8.75,6.25,9.0,5.0,1.5
321,Stockholm,2024-05-17,1,,,,,,,,,,,,,,,,,6.75,8.75,6.25,9.0,5.0,1.5
322,Stockholm,2024-05-17,1,,,,,,,,,,,,,,,,,6.75,8.75,6.25,9.0,5.0,1.5
323,Stockholm,2024-05-17,1,,,,,,,,,,,,,,,,,6.75,8.75,6.25,9.0,5.0,1.5
324,Stockholm,2024-05-17,1,,,,,,,,,,,,,,,,,6.75,8.75,6.25,9.0,5.0,1.5
325,Stockholm,2024-05-17,1,,,,,,,,,,,,,,,,,6.75,8.75,6.25,9.0,5.0,1.5
326,Stockholm,2024-05-17,1,,,,,,,,,,,,,,,,,6.75,8.75,6.25,9.0,5.0,1.5
327,Stockholm,2024-05-17,1,,,,,,,,,,,,,,,,,6.75,8.75,6.25,9.0,5.0,1.5
328,Stockholm,2024-05-17,1,,,,,,,,,,,,,,,,,6.75,8.75,6.25,9.0,5.0,1.5
329,Stockholm,2024-05-17,1,,,,,,,,,,,,,,,,,6.75,8.75,6.25,9.0,5.0,1.5
330,Stockholm,2024-05-17,1,,,,,,,,,,,,,,,,,6.75,8.75,6.25,9.0,5.0,1.5
331,Stockholm,2024-05-17,1,,,,,,,,,,,,,,,,,6.75,8.75,6.25,9.0,5.0,1.5
332,Stockholm,2024-05-17,1,,,,,,,,,,,,,,,,,6.75,8.75,6.25,9.0,5.0,1.5
333,Stockholm,2024-05-17,1,,,,,,,,,,,,,,,,,6.75,8.75,6.25,9.0,5.0,1.5
334,Stockholm,2024-05-17,1,,,,,,,,,,,,,,,,,6.75,8.75,6.25,9.0,5.0,1.5
335,Stockholm,2024-05-17,1,,,,,,,,,,,,,,,,,6.75,8.75,6.25,9.0,5.0,1.5
336,Stockholm,2024-05-17,1,,,,,,,,,,,,,,,,,6.75,8.75,6.25,9.0,5.0,1.5
337,Stockholm,2024-05-17,1,,,,,,,,,,,,,,,,,6.75,8.75,6.25,9.0,5.0,1.5
338,Stockholm,2024-05-17,1,,,,,,,,,,,,,,,,,6.75,8.75,6.25,9.0,5.0,1.5
339,Stockholm,2024-05-17,1,,,,,,,,,,,,,,,,,6.75,8.75,6.25,9.0,5.0,1.5
340,Stockholm,2024-05-17,1,,,,,,,,,,,,,,,,,6.75,8.75,6.25,9.0,5.0,1.5
341,Stockholm,2024-05-17,1,,,,,,,,,,,,,,,,,6.75,8.75,6.25,9.0,5.0,1.5
342,Stockholm,2024-05-17,1,,,,,,,,,,,,,,,,,6.75,8.75,6.25,9.0,5.0,1.5
343,Stockholm,2024-05-17,1,,,,,,,,,,,,,,,,,6.75,8.75,6.25,9.0,5.0,1.5
344,Stockholm,2024-05-17,1,,,,,,,,,,,,,,,,,6.75,8.75,6.25,9.0,5.0,1.5
345,Stockholm,2024-05-17,1,,,,,,,,,,,,,,,,,6.75,8.75,6.25,9.0,5.0,1.5
346,Stockholm,2024-05-17,1,,,,,,,,,,,,,,,,,6.75,8.75,6.25,9.0,5.0,1.5
347,Stockholm,2024-05-17,1,,,,,,,,,,,,,,,,,6.75,8.75,6.25,9.0,5.0,1.5
348,Stockholm,2024-05-17,1,,,,,,,,,,,,,,,,,6.75,8.75,6.25,9.0,5.0,1.5
349,Stockholm,2024-05-17,1,,,,,,,,,,,,,,,,,6.75,8.75,6.25,9.0,5.0,1.5
350,Stockholm,2024-05-17,1,,,,,,,,,,,,,,,,,6.75,8.75,6.25,9.0,5.0,1.5
351,Stockholm,2024-05-17,1,,,,,,,,,,,,,,,,,6.75,8.75,6.25,9.0,5.0,1.5
352,Stockholm,2024-05-17,1,,,,,,,,,,,,,,,,,6.75,8.75,6.25,9.0,5.0,1.5
353,Stockholm,2024-05-17,1,,,,,,,,,,,,,,,,,6.75,8.75,6.25,9.0,5.0,1.5
354,Stockholm,2024-05-17,1,,,,,,,,,,,,,,,,,6.75,8.75,6.25,9.0,5.0,1.5
355,Stockholm,2024-05-17,1,,,,,,,,,,,,,,,,,6.75,8.75,6.25,9.0,5.0,1.5
356,Stockholm,2024-05-17,1,,,,,,,,,,,,,,,,,6.75,8.75,6.25,9.0,5.0,1.5
357,Stockholm,2024-05-17,1,,,,,,,,,,,,,,,,,6.75,8.75,6.25,9.0,5.0,1.5
358,Stockholm,2024-05-17,1,,,,,,,,,,,,,,,,,6.75,8.75,6.25,9.0,5.0,1.5
359,Stockholm,2024-05-17,1,,,,,,,,,,,,,,,,,6.75,8.75,6.25,9.0,5.0,1.5
360,Stockholm,2024-05-17,1,,,,,,,,,,,,,,,,,6.75,8.75,6.25,9.0,5.0,1.5
361,Stockholm,2024-05-17,1,,,,,,,,,,,,,,,,,6.75,8.75,6.25,9.0,5.0,1.5
362,Stockholm,2024-05-17,1,,,,,,,,,,,,,,,,,6.75,8.75,6.25,9.0,5.0,1.5
363,Stockholm,2024-05-17,1,,,,,,,,,,,,,,,,,6.75,8.75,6.25,9.0,5.0,1.5
364,Stockholm,2024-05-17,1,,,,,,,,,,,,,,,,,6.75,8.75,6.25,9.0,5.0,1.5
365,Stockholm,2024-05-17,1,,,,,,,,,,,,,,,,,6.75,8.75,6.25,9.0,5.0,1.5
366,Stockholm,2024-05-17,1,,,,,,,,,,,,,,,,,6.75,8.75,6.25,9.0,5.0,1.5
367,Stockholm,2024-05-17,1,,,,,,,,,,,,,,,,,6.75,8.75,6.25,9.0,5.0,1.5
368,Stockholm,2024-05-17,1,,,,,,,,,,,,,,,,,6.75,8.75,6.25,9.0,5.0,1.5
369,Stockholm,2024-05-17,1,,,,,,,,,,,,,,,,,6.75,8.75,6.25,9.0,5.0,1.5
370,Stockholm,2024-05-17,1,,,,,,,,,,,,,,,,,6.75,8.75,6.25,9.0,5.0,1.5
371,Stockholm,2024-05-17,1,,,,,,,,,,,,,,,,,6.75,8.75,6.25,9.0,5.0,1.5
372,Stockholm,2024-05-17,1,,,,,,,,,,,,,,,,,6.75,8.75,6.25,9.0,5.0,1.5
373,Stockholm,2024-05-17,1,,,,,,,,,,,,,,,,,6.75,8.75,6.25,9.0,5.0,1.5
374,Stockholm,2024-05-17,1,,,,,,,,,,,,,,,,,6.75,8.75,6.25,9.0,5.0,1.5
375,Stockholm,2024-05-17,1,,,,,,,,,,,,,,,,,6.75,8.75,6.25,9.0,5.0,1.5
376,Stockholm,2024-05-17,1,,,,,,,,,,,,,,,,,6.75,8.75,6.25,9.0,5.0,1.5
377,Stockholm,2024-05-17,1,,,,,,,,,,,,,,,,,6.75,8.75,6.25,9.0,5.0,1.5
378,Stockholm,2024-05-17,1,,,,,,,,,,,,,,,,,6.75,8.75,6.25,9.0,5.0,1.5
379,Stockholm,2024-05-17,1,,,,,,,,,,,,,,,,,6.75,8.75,6.25,9.0,5.0,1.5
380,Stockholm,2024-05-17,1,1461.0,,,,,,,,,,,,,,,,6.75,8.75,6.25,9.0,5.0,1.5
381,Stockholm,2024-05-17,1,,,,,,,,,,,,,,,,,6.75,8.75,6.25,9.0,5.0,1.5
382,Stockholm,2024-05-17,1,762.0,,,,,,,,,,,,,,,,6.75,8.75,6.25,9.0,5.0,1.5
383,Stockholm,2024-05-17,1,,,,,,,,,,,,,,,,,6.75,8.75,6.25,9.0,5.0,1.5
384,Stockholm,2024-05-17,1,,,,,,,,,,,,,,,,,6.75,8.75,6.25,9.0,5.0,1.5
385,Stockholm,2024-05-17,1,,,,,,,,,,,,,,,,,6.75,8.75,6.25,9.0,5.0,1.5
386,Stockholm,2024-05-17,1,,,,,,,,,,,,,,,,,6.75,8.75,6.25,9.0,5.0,1.5
387,Stockholm,2024-05-17,1,,,,,,,,,,,,,,,,,6.75,8.75,6.25,9.0,5.0,1.5
388,Stockholm,2024-05-17,1,,,,,,,,,,,,,,,,,6.75,8.75,6.25,9.0,5.0,1.5
389,Stockholm,2024-05-17,1,,,,,,,,,,,,,,,,,6.75,8.75,6.25,9.0,5.0,1.5
390,Stockholm,2024-05-17,1,,,,,,,,,,,,,,,,,6.75,8.75,6.25,9.0,5.0,1.5
391,Stockholm,2024-05-17,1,,,,,,,,,,,,,,,,,6.75,8.75,6.25,9.0,5.0,1.5
392,Stockholm,2024-05-17,1,,,,,,,,,,,,,,,,,6.75,8.75,6.25,9.0,5.0,1.5
393,Stockholm,2024-05-17,1,,,,,,,,,,,,,,,,,6.75,8.75,6.25,9.0,5.0,1.5
394,Stockholm,2024-05-17,1,,,,,,,,,,,,,,,,,6.75,8.75,6.25,9.0,5.0,1.5
395,Stockholm,2024-05-17,1,,,,,,,,,,,,,,,,,6.75,8.75,6.25,9.0,5.0,1.5
396,Stockholm,2024-05-17,1,,,,,,,,,,,,,,,,,6.75,8.75,6.25,9.0,5.0,1.5
397,Stockholm,2024-05-17,1,,,,,,,,,,,,,,,,,6.75,8.75,6.25,9.0,5.0,1.5
398,Stockholm,2024-05-17,1,,,,,,,,,,,,,,,,,6.75,8.75,6.25,9.0,5.0,1.5
399,Stockholm,2024-05-17,1,,,,,,,,,,,,,,,,,6.75,8.75,6.25,9.0,5.0,1.5
400,Stockholm,2024-05-17,1,,,,,,,,,,,,,,,,,6.75,8.75,6.25,9.0,5.0,1.5
401,Stockholm,2024-05-17,1,784.0,,,,,,,,,,,,,,,,6.75,8.75,6.25,9.0,5.0,1.5
402,Stockholm,2024-05-17,1,,,,,,,,,,,,,,,,,6.75,8.75,6.25,9.0,5.0,1.5
403,Stockholm,2024-05-17,1,,,,,,,,,,,,,,,,,6.75,8.75,6.25,9.0,5.0,1.5
404,Stockholm,2024-05-17,1,,,,,,,,,,,,,,,,,6.75,8.75,6.25,9.0,5.0,1.5
405,Stockholm,2024-05-17,1,,,,,,,,,,,,,,,,,6.75,8.75,6.25,9.0,5.0,1.5
406,Stockholm,2024-05-17,1,,,,,,,,,,,,,,,,,6.75,8.75,6.25,9.0,5.0,1.5
407,Stockholm,2024-05-17,1,,,,,,,,,,,,,,,,,6.75,8.75,6.25,9.0,5.0,1.5
408,Stockholm,2024-05-17,1,,,,,,,,,,,,,,,,,6.75,8.75,6.25,9.0,5.0,1.5
409,Stockholm,2024-05-17,1,,,,,,,,,,,,,,,,,6.75,8.75,6.25,9.0,5.0,1.5
410,Stockholm,2024-05-17,1,,,,,,,,,,,,,,,,,6.75,8.75,6.25,9.0,5.0,1.5
411,Stockholm,2024-05-17,1,,,,,,,,,,,,,,,,,6.75,8.75,6.25,9.0,5.0,1.5
412,Stockholm,2024-05-17,1,1271.0,,,,,,,,,,,,,,,,6.75,8.75,6.25,9.0,5.0,1.5
413,Stockholm,2024-05-17,1,,,,,,,,,,,,,,,,,6.75,8.75,6.25,9.0,5.0,1.5
414,Stockholm,2024-05-17,1,,,,,,,,,,,,,,,,,6.75,8.75,6.25,9.0,5.0,1.5
415,Stockholm,2024-05-17,1,1271.0,,,,,,,,,,,,,,,,6.75,8.75,6.25,9.0,5.0,1.5
416,Stockholm,2024-05-17,1,,,,,,,,,,,,,,,,,6.75,8.75,6.25,9.0,5.0,1.5
417,Stockholm,2024-05-17,1,,,,,,,,,,,,,,,,,6.75,8.75,6.25,9.0,5.0,1.5
418,Stockholm,2024-05-17,1,,,,,,,,,,,,,,,,,6.75,8.75,6.25,9.0,5.0,1.5
419,Stockholm,2024-05-17,1,,,,,,,,,,,,,,,,,6.75,8.75,6.25,9.0,5.0,1.5
420,Stockholm,2024-05-17,1,,,,,,,,,,,,,,,,,6.75,8.75,6.25,9.0,5.0,1.5
421,Stockholm,2024-05-17,1,,,,,,,,,,,,,,,,,6.75,8.75,6.25,9.0,5.0,1.5
422,Stockholm,2024-05-17,1,,,,,,,,,,,,,,,,,6.75,8.75,6.25,9.0,5.0,1.5
423,Stockholm,2024-05-17,1,,,,,,,,,,,,,,,,,6.75,8.75,6.25,9.0,5.0,1.5
424,Stockholm,2024-05-17,1,,,,,,,,,,,,,,,,,6.75,8.75,6.25,9.0,5.0,1.5
425,Stockholm,2024-05-17,1,,,,,,,,,,,,,,,,,6.75,8.75,6.25,9.0,5.0,1.5
426,Stockholm,2024-05-17,1,,,,,,,,,,,,,,,,,6.75,8.75,6.25,9.0,5.0,1.5
427,Stockholm,2024-05-17,1,,,,,,,,,,,,,,,,,6.75,8.75,6.25,9.0,5.0,1.5
428,Stockholm,2024-05-17,1,,,,,,,,,,,,,,,,,6.75,8.75,6.25,9.0,5.0,1.5
429,Stockholm,2024-05-17,1,,,,,,,,,,,,,,,,,6.75,8.75,6.25,9.0,5.0,1.5
430,Stockholm,2024-05-17,1,,,,,,,,,,,,,,,,,6.75,8.75,6.25,9.0,5.0,1.5
431,Stockholm,2024-05-17,1,,,,,,,,,,,,,,,,,6.75,8.75,6.25,9.0,5.0,1.5
432,Stockholm,2024-05-17,1,,,,,,,,,,,,,,,,,6.75,8.75,6.25,9.0,5.0,1.5
433,Stockholm,2024-05-17,1,,,,,,,,,,,,,,,,,6.75,8.75,6.25,9.0,5.0,1.5
434,Stockholm,2024-05-17,1,,,,,,,,,,,,,,,,,6.75,8.75,6.25,9.0,5.0,1.5
435,Stockholm,2024-05-17,1,1970.0,,,,,,,,,,,,,,,,6.75,8.75,6.25,9.0,5.0,1.5
436,Stockholm,2024-05-17,1,,,,,,,,,,,,,,,,,6.75,8.75,6.25,9.0,5.0,1.5
437,Stockholm,2024-05-17,1,,,,,,,,,,,,,,,,,6.75,8.75,6.25,9.0,5.0,1.5
438,Stockholm,2024-05-17,1,,,,,,,,,,,,,,,,,6.75,8.75,6.25,9.0,5.0,1.5
439,Stockholm,2024-05-17,1,,,,,,,,,,,,,,,,,6.75,8.75,6.25,9.0,5.0,1.5
440,Stockholm,2024-05-17,1,,,,,,,,,,,,,,,,,6.75,8.75,6.25,9.0,5.0,1.5
441,Stockholm,2024-05-17,1,,,,,,,,,,,,,,,,,6.75,8.75,6.25,9.0,5.0,1.5
442,Stockholm,2024-05-17,1,,,,,,,,,,,,,,,,,6.75,8.75,6.25,9.0,5.0,1.5
443,Stockholm,2024-05-17,1,,,,,,,,,,,,,,,,,6.75,8.75,6.25,9.0,5.0,1.5
444,Stockholm,2024-05-17,1,,,,,,,,,,,,,,,,,6.75,8.75,6.25,9.0,5.0,1.5
445,Stockholm,2024-05-17,1,,,,,,,,,,,,,,,,,6.75,8.75,6.25,9.0,5.0,1.5
446,Stockholm,2024-05-17,1,,,,,,,,,,,,,,,,,6.75,8.75,6.25,9.0,5.0,1.5
447,Stockholm,2024-05-17,1,,,,,,,,,,,,,,,,,6.75,8.75,6.25,9.0,5.0,1.5
448,Stockholm,2024-05-17,1,,,,,,,,,,,,,,,,,6.75,8.75,6.25,9.0,5.0,1.5
449,Stockholm,2024-05-17,1,,,,,,,,,,,,,,,,,6.75,8.75,6.25,9.0,5.0,1.5
450,Stockholm,2024-05-17,1,,,,,,,,,,,,,,,,,6.75,8.75,6.25,9.0,5.0,1.5
451,Stockholm,2024-05-17,1,,,,,,,,,,,,,,,,,6.75,8.75,6.25,9.0,5.0,1.5
452,Stockholm,2024-05-17,1,,,,,,,,,,,,,,,,,6.75,8.75,6.25,9.0,5.0,1.5
453,Stockholm,2024-05-17,1,,,,,,,,,,,,,,,,,6.75,8.75,6.25,9.0,5.0,1.5
454,Stockholm,2024-05-17,1,,,,,,,,,,,,,,,,,6.75,8.75,6.25,9.0,5.0,1.5
455,Stockholm,2024-05-17,1,,,,,,,,,,,,,,,,,6.75,8.75,6.25,9.0,5.0,1.5
456,Stockholm,2024-05-17,1,,,,,,,,,,,,,,,,,6.75,8.75,6.25,9.0,5.0,1.5
457,Stockholm,2024-05-17,1,,,,,,,,,,,,,,,,,6.75,8.75,6.25,9.0,5.0,1.5
458,Stockholm,2024-05-17,1,,,,,,,,,,,,,,,,,6.75,8.75,6.25,9.0,5.0,1.5
459,Stockholm,2024-05-17,1,,,,,,,,,,,,,,,,,6.75,8.75,6.25,9.0,5.0,1.5
460,Stockholm,2024-05-17,1,,,,,,,,,,,,,,,,,6.75,8.75,6.25,9.0,5.0,1.5
461,Stockholm,2024-05-17,1,,,,,,,,,,,,,,,,,6.75,8.75,6.25,9.0,5.0,1.5
462,Stockholm,2024-05-17,1,,,,,,,,,,,,,,,,,6.75,8.75,6.25,9.0,5.0,1.5
463,Stockholm,2024-05-17,1,,,,,,,,,,,,,,,,,6.75,8.75,6.25,9.0,5.0,1.5
464,Stockholm,2024-05-17,1,,,,,,,,,,,,,,,,,6.75,8.75,6.25,9.0,5.0,1.5
465,Stockholm,2024-05-17,1,,,,,,,,,,,,,,,,,6.75,8.75,6.25,9.0,5.0,1.5
466,Stockholm,2024-05-17,1,,,,,,,,,,,,,,,,,6.75,8.75,6.25,9.0,5.0,1.5
467,Stockholm,2024-05-17,1,,,,,,,,,,,,,,,,,6.75,8.75,6.25,9.0,5.0,1.5
468,Stockholm,2024-05-17,1,,,,,,,,,,,,,,,,,6.75,8.75,6.25,9.0,5.0,1.5
469,Stockholm,2024-05-17,1,,,,,,,,,,,,,,,,,6.75,8.75,6.25,9.0,5.0,1.5
470,Stockholm,2024-05-17,1,,,,,,,,,,,,,,,,,6.75,8.75,6.25,9.0,5.0,1.5
471,Stockholm,2024-05-17,1,,,,,,,,,,,,,,,,,6.75,8.75,6.25,9.0,5.0,1.5
472,Stockholm,2024-05-17,1,,,,,,,,,,,,,,,,,6.75,8.75,6.25,9.0,5.0,1.5
473,Stockholm,2024-05-17,1,,,,,,,,,,,,,,,,,6.75,8.75,6.25,9.0,5.0,1.5
474,Stockholm,2024-05-17,1,,,,,,,,,,,,,,,,,6.75,8.75,6.25,9.0,5.0,1.5
475,Stockholm,2024-05-17,1,,,,,,,,,,,,,,,,,6.75,8.75,6.25,9.0,5.0,1.5
476,Stockholm,2024-05-17,1,,,,,,,,,,,,,,,,,6.75,8.75,6.25,9.0,5.0,1.5
477,Stockholm,2024-05-17,1,,,,,,,,,,,,,,,,,6.75,8.75,6.25,9.0,5.0,1.5
478,Stockholm,2024-05-17,1,,,,,,,,,,,,,,,,,6.75,8.75,6.25,9.0,5.0,1.5
479,Stockholm,2024-05-17,1,,,,,,,,,,,,,,,,,6.75,8.75,6.25,9.0,5.0,1.5
480,Stockholm,2024-05-17,1,,,,,,,,,,,,,,,,,6.75,8.75,6.25,9.0,5.0,1.5
481,Stockholm,2024-05-17,1,,,,,,,,,,,,,,,,,6.75,8.75,6.25,9.0,5.0,1.5
482,Stockholm,2024-05-17,1,,,,,,,,,,,,,,,,,6.75,8.75,6.25,9.0,5.0,1.5
483,Stockholm,2024-05-17,1,,,,,,,,,,,,,,,,,6.75,8.75,6.25,9.0,5.0,1.5
484,Stockholm,2024-05-17,1,,,,,,,,,,,,,,,,,6.75,8.75,6.25,9.0,5.0,1.5
485,Stockholm,2024-05-17,1,,,,,,,,,,,,,,,,,6.75,8.75,6.25,9.0,5.0,1.5
486,Stockholm,2024-05-17,1,,,,,,,,,,,,,,,,,6.75,8.75,6.25,9.0,5.0,1.5
487,Stockholm,2024-05-17,1,,,,,,,,,,,,,,,,,6.75,8.75,6.25,9.0,5.0,1.5
488,Stockholm,2024-05-17,1,,,,,,,,,,,,,,,,,6.75,8.75,6.25,9.0,5.0,1.5
489,Stockholm,2024-05-17,1,,,,,,,,,,,,,,,,,6.75,8.75,6.25,9.0,5.0,1.5
490,Stockholm,2024-05-17,1,,,,,,,,,,,,,,,,,6.75,8.75,6.25,9.0,5.0,1.5
491,Stockholm,2024-05-17,1,,,,,,,,,,,,,,,,,6.75,8.75,6.25,9.0,5.0,1.5
492,Stockholm,2024-05-17,1,,,,,,,,,,,,,,,,,6.75,8.75,6.25,9.0,5.0,1.5
493,Stockholm,2024-05-17,1,,,,,,,,,,,,,,,,,6.75,8.75,6.25,9.0,5.0,1.5
494,Stockholm,2024-05-17,1,,,,,,,,,,,,,,,,,6.75,8.75,6.25,9.0,5.0,1.5
495,Stockholm,2024-05-17,1,,,,,,,,,,,,,,,,,6.75,8.75,6.25,9.0,5.0,1.5
496,Stockholm,2024-05-17,1,,,,,,,,,,,,,,,,,6.75,8.75,6.25,9.0,5.0,1.5
497,Stockholm,2024-05-17,1,,,,,,,,,,,,,,,,,6.75,8.75,6.25,9.0,5.0,1.5
498,Stockholm,2024-05-17,1,,,,,,,,,,,,,,,,,6.75,8.75,6.25,9.0,5.0,1.5
499,Stockholm,2024-05-17,1,,,,,,,,,,,,,,,,,6.75,8.75,6.25,9.0,5.0,1.5
500,Stockholm,2024-05-17,1,,,,,,,,,,,,,,,,,6.75,8.75,6.25,9.0,5.0,1.5
501,Stockholm,2024-05-17,1,,,,,,,,,,,,,,,,,6.75,8.75,6.25,9.0,5.0,1.5
502,Stockholm,2024-05-17,1,,,,,,,,,,,,,,,,,6.75,8.75,6.25,9.0,5.0,1.5
503,Stockholm,2024-05-17,1,,,,,,,,,,,,,,,,,6.75,8.75,6.25,9.0,5.0,1.5
504,Stockholm,2024-05-17,1,,,,,,,,,,,,,,,,,6.75,8.75,6.25,9.0,5.0,1.5
505,Stockholm,2024-05-17,1,,,,,,,,,,,,,,,,,6.75,8.75,6.25,9.0,5.0,1.5
506,Stockholm,2024-05-17,1,,,,,,,,,,,,,,,,,6.75,8.75,6.25,9.0,5.0,1.5
507,Stockholm,2024-05-17,1,,,,,,,,,,,,,,,,,6.75,8.75,6.25,9.0,5.0,1.5
508,Stockholm,2024-05-17,1,,,,,,,,,,,,,,,,,6.75,8.75,6.25,9.0,5.0,1.5
509,Stockholm,2024-05-17,1,,,,,,,,,,,,,,,,,6.75,8.75,6.25,9.0,5.0,1.5
510,Stockholm,2024-05-17,1,,,,,,,,,,,,,,,,,6.75,8.75,6.25,9.0,5.0,1.5
511,Stockholm,2024-05-17,1,,,,,,,,,,,,,,,,,6.75,8.75,6.25,9.0,5.0,1.5
512,Stockholm,2024-05-17,1,,,,,,,,,,,,,,,,,6.75,8.75,6.25,9.0,5.0,1.5
513,Stockholm,2024-05-17,1,,,,,,,,,,,,,,,,,6.75,8.75,6.25,9.0,5.0,1.5
514,Stockholm,2024-05-17,1,,,,,,,,,,,,,,,,,6.75,8.75,6.25,9.0,5.0,1.5
515,Stockholm,2024-05-17,1,,,,,,,,,,,,,,,,,6.75,8.75,6.25,9.0,5.0,1.5
516,Stockholm,2024-05-17,1,,,,,,,,,,,,,,,,,6.75,8.75,6.25,9.0,5.0,1.5
517,Stockholm,2024-05-17,1,,,,,,,,,,,,,,,,,6.75,8.75,6.25,9.0,5.0,1.5
518,Stockholm,2024-05-17,1,,,,,,,,,,,,,,,,,6.75,8.75,6.25,9.0,5.0,1.5
519,Stockholm,2024-05-17,1,,,,,,,,,,,,,,,,,6.75,8.75,6.25,9.0,5.0,1.5
520,Stockholm,2024-05-17,1,,,,,,,,,,,,,,,,,6.75,8.75,6.25,9.0,5.0,1.5
521,Stockholm,2024-05-17,1,,,,,,,,,,,,,,,,,6.75,8.75,6.25,9.0,5.0,1.5
522,Stockholm,2024-05-17,1,,,,,,,,,,,,,,,,,6.75,8.75,6.25,9.0,5.0,1.5
523,Stockholm,2024-05-17,1,,,,,,,,,,,,,,,,,6.75,8.75,6.25,9.0,5.0,1.5
524,Stockholm,2024-05-17,1,,,,,,,,,,,,,,,,,6.75,8.75,6.25,9.0,5.0,1.5
525,Stockholm,2024-05-17,1,,,,,,,,,,,,,,,,,6.75,8.75,6.25,9.0,5.0,1.5
526,Stockholm,2024-05-17,1,,,,,,,,,,,,,,,,,6.75,8.75,6.25,9.0,5.0,1.5
527,Stockholm,2024-05-17,1,,,,,,,,,,,,,,,,,6.75,8.75,6.25,9.0,5.0,1.5
528,Stockholm,2024-05-17,1,,,,,,,,,,,,,,,,,6.75,8.75,6.25,9.0,5.0,1.5
529,Stockholm,2024-05-17,1,,,,,,,,,,,,,,,,,6.75,8.75,6.25,9.0,5.0,1.5
530,Stockholm,2024-05-17,1,,,,,,,,,,,,,,,,,6.75,8.75,6.25,9.0,5.0,1.5
531,Stockholm,2024-05-17,1,,,,,,,,,,,,,,,,,6.75,8.75,6.25,9.0,5.0,1.5
532,Stockholm,2024-05-17,1,,,,,,,,,,,,,,,,,6.75,8.75,6.25,9.0,5.0,1.5
533,Stockholm,2024-05-17,1,,,,,,,,,,,,,,,,,6.75,8.75,6.25,9.0,5.0,1.5
534,Stockholm,2024-05-17,1,,,,,,,,,,,,,,,,,6.75,8.75,6.25,9.0,5.0,1.5
535,Stockholm,2024-05-17,1,,,,,,,,,,,,,,,,,6.75,8.75,6.25,9.0,5.0,1.5
536,Stockholm,2024-05-17,1,,,,,,,,,,,,,,,,,6.75,8.75,6.25,9.0,5.0,1.5
537,Stockholm,2024-05-17,1,,,,,,,,,,,,,,,,,6.75,8.75,6.25,9.0,5.0,1.5
538,Stockholm,2024-05-17,1,,,,,,,,,,,,,,,,,6.75,8.75,6.25,9.0,5.0,1.5
539,Stockholm,2024-05-17,1,,,,,,,,,,,,,,,,,6.75,8.75,6.25,9.0,5.0,1.5
540,Stockholm,2024-05-17,1,2764.0,,,,,,,,,,,,,,,,6.75,8.75,6.25,9.0,5.0,1.5
541,Stockholm,2024-05-17,1,,,,,,,,,,,,,,,,,6.75,8.75,6.25,9.0,5.0,1.5
542,Stockholm,2024-05-17,1,,,,,,,,,,,,,,,,,6.75,8.75,6.25,9.0,5.0,1.5
543,Stockholm,2024-05-17,1,,,,,,,,,,,,,,,,,6.75,8.75,6.25,9.0,5.0,1.5
544,Stockholm,2024-05-17,1,,,,,,,,,,,,,,,,,6.75,8.75,6.25,9.0,5.0,1.5
545,Stockholm,2024-05-17,1,,,,,,,,,,,,,,,,,6.75,8.75,6.25,9.0,5.0,1.5
546,Stockholm,2024-05-17,1,,,,,,,,,,,,,,,,,6.75,8.75,6.25,9.0,5.0,1.5
547,Stockholm,2024-05-17,1,,,,,,,,,,,,,,,,,6.75,8.75,6.25,9.0,5.0,1.5
548,Stockholm,2024-05-17,1,,,,,,,,,,,,,,,,,6.75,8.75,6.25,9.0,5.0,1.5
549,Stockholm,2024-05-17,1,,,,,,,,,,,,,,,,,6.75,8.75,6.25,9.0,5.0,1.5
550,Stockholm,2024-05-17,1,3088.0,,,,,,,,,,,,,,,,6.75,8.75,6.25,9.0,5.0,1.5
551,Stockholm,2024-05-17,1,,,,,,,,,,,,,,,,,6.75,8.75,6.25,9.0,5.0,1.5
552,Stockholm,2024-05-17,1,,,,,,,,,,,,,,,,,6.75,8.75,6.25,9.0,5.0,1.5
553,Stockholm,2024-05-17,1,,,,,,,,,,,,,,,,,6.75,8.75,6.25,9.0,5.0,1.5
554,Stockholm,2024-05-17,1,,,,,,,,,,,,,,,,,6.75,8.75,6.25,9.0,5.0,1.5
555,Stockholm,2024-05-17,1,,,,,,,,,,,,,,,,,6.75,8.75,6.25,9.0,5.0,1.5
556,Stockholm,2024-05-17,1,,,,,,,,,,,,,,,,,6.75,8.75,6.25,9.0,5.0,1.5
557,Stockholm,2024-05-17,1,,,,,,,,,,,,,,,,,6.75,8.75,6.25,9.0,5.0,1.5
558,Stockholm,2024-05-17,1,,,,,,,,,,,,,,,,,6.75,8.75,6.25,9.0,5.0,1.5
559,Stockholm,2024-05-17,1,,,,,,,,,,,,,,,,,6.75,8.75,6.25,9.0,5.0,1.5
560,Stockholm,2024-05-17,1,,,,,,,,,,,,,,,,,6.75,8.75,6.25,9.0,5.0,1.5
561,Stockholm,2024-05-17,1,,,,,,,,,,,,,,,,,6.75,8.75,6.25,9.0,5.0,1.5
562,Stockholm,2024-05-17,1,,,,,,,,,,,,,,,,,6.75,8.75,6.25,9.0,5.0,1.5
563,Stockholm,2024-05-17,1,,,,,,,,,,,,,,,,,6.75,8.75,6.25,9.0,5.0,1.5
564,Stockholm,2024-05-17,1,,,,,,,,,,,,,,,,,6.75,8.75,6.25,9.0,5.0,1.5
565,Stockholm,2024-05-17,1,,,,,,,,,,,,,,,,,6.75,8.75,6.25,9.0,5.0,1.5
566,Stockholm,2024-05-17,1,,,,,,,,,,,,,,,,,6.75,8.75,6.25,9.0,5.0,1.5
567,Stockholm,2024-05-17,1,2650.0,,,,,,,,,,,,,,,,6.75,8.75,6.25,9.0,5.0,1.5
568,Stockholm,2024-05-17,1,,,,,,,,,,,,,,,,,6.75,8.75,6.25,9.0,5.0,1.5
569,Stockholm,2024-05-17,1,,,,,,,,,,,,,,,,,6.75,8.75,6.25,9.0,5.0,1.5
570,Stockholm,2024-05-17,1,,,,,,,,,,,,,,,,,6.75,8.75,6.25,9.0,5.0,1.5
571,Stockholm,2024-05-17,1,,,,,,,,,,,,,,,,,6.75,8.75,6.25,9.0,5.0,1.5
572,Stockholm,2024-05-17,1,,,,,,,,,,,,,,,,,6.75,8.75,6.25,9.0,5.0,1.5
573,Stockholm,2024-05-17,1,,,,,,,,,,,,,,,,,6.75,8.75,6.25,9.0,5.0,1.5
574,Stockholm,2024-05-17,1,,,,,,,,,,,,,,,,,6.75,8.75,6.25,9.0,5.0,1.5
575,Stockholm,2024-05-17,1,,,,,,,,,,,,,,,,,6.75,8.75,6.25,9.0,5.0,1.5
576,Stockholm,2024-05-17,1,,,,,,,,,,,,,,,,,6.75,8.75,6.25,9.0,5.0,1.5
577,Stockholm,2024-05-17,1,,,,,,,,,,,,,,,,,6.75,8.75,6.25,9.0,5.0,1.5
578,Stockholm,2024-05-17,1,,,,,,,,,,,,,,,,,6.75,8.75,6.25,9.0,5.0,1.5
579,Stockholm,2024-05-17,1,,,,,,,,,,,,,,,,,6.75,8.75,6.25,9.0,5.0,1.5
580,Stockholm,2024-05-17,1,,,,,,,,,,,,,,,,,6.75,8.75,6.25,9.0,5.0,1.5
581,Stockholm,2024-05-17,1,,,,,,,,,,,,,,,,,6.75,8.75,6.25,9.0,5.0,1.5
582,Stockholm,2024-05-17,1,,,,,,,,,,,,,,,,,6.75,8.75,6.25,9.0,5.0,1.5
583,Stockholm,2024-05-17,1,,,,,,,,,,,,,,,,,6.75,8.75,6.25,9.0,5.0,1.5
584,Stockholm,2024-05-17,1,,,,,,,,,,,,,,,,,6.75,8.75,6.25,9.0,5.0,1.5
585,Stockholm,2024-05-17,1,,,,,,,,,,,,,,,,,6.75,8.75,6.25,9.0,5.0,1.5
586,Stockholm,2024-05-17,1,,,,,,,,,,,,,,,,,6.75,8.75,6.25,9.0,5.0,1.5
587,Stockholm,2024-05-17,1,,,,,,,,,,,,,,,,,6.75,8.75,6.25,9.0,5.0,1.5
588,Stockholm,2024-05-17,1,,,,,,,,,,,,,,,,,6.75,8.75,6.25,9.0,5.0,1.5
589,Stockholm,2024-05-17,1,,,,,,,,,,,,,,,,,6.75,8.75,6.25,9.0,5.0,1.5
590,Stockholm,2024-05-17,1,,,,,,,,,,,,,,,,,6.75,8.75,6.25,9.0,5.0,1.5
