,city,date,treat,price,rating,omtaler,gæster,hårtørrer,shampoo,underholdning,køleskab,opvaskemasine,kaffe,ting i nærheden,vaskemaskine,sengetøj,familie,tv,røgalarm,Sights,Safety,Shopping,Location,Climate,Affordability
0,Warsaw,2024-08-01,1,370.0,5.0,5,4.0,1.0,1.0,1.0,1.0,1.0,1.0,1.0,,,,,,6.5,7.0,5.75,5.75,5.75,5.0
1,Warsaw,2024-08-01,1,,,,,1.0,1.0,,1.0,1.0,1.0,,1.0,1.0,1.0,,,6.5,7.0,5.75,5.75,5.75,5.0
2,Warsaw,2024-08-01,1,,,,,1.0,1.0,1.0,1.0,1.0,,1.0,,1.0,1.0,1.0,,6.5,7.0,5.75,5.75,5.75,5.0
3,Warsaw,2024-08-01,1,,,,,1.0,,1.0,,,,,,,,1.0,,6.5,7.0,5.75,5.75,5.75,5.0
4,Warsaw,2024-08-01,1,,,,,1.0,,,,,,,1.0,,,,,6.5,7.0,5.75,5.75,5.75,5.0
5,Warsaw,2024-08-01,1,,,,,,,,,,,,1.0,,,,,6.5,7.0,5.75,5.75,5.75,5.0
6,Warsaw,2024-08-01,1,,,,,1.0,1.0,1.0,,,,,1.0,,,1.0,1.0,6.5,7.0,5.75,5.75,5.75,5.0
7,Warsaw,2024-08-01,1,,,,,1.0,,,,,,,1.0,,1.0,,,6.5,7.0,5.75,5.75,5.75,5.0
8,Warsaw,2024-08-01,1,,,,,1.0,,,1.0,,,1.0,1.0,1.0,,,1.0,6.5,7.0,5.75,5.75,5.75,5.0
9,Warsaw,2024-08-01,1,,,,,1.0,,,,,,,,,,,,6.5,7.0,5.75,5.75,5.75,5.0
10,Warsaw,2024-08-01,1,,,,,1.0,1.0,,,,,,1.0,,,,,6.5,7.0,5.75,5.75,5.75,5.0
11,Warsaw,2024-08-01,1,,,,,,,,,,,,1.0,,,,,6.5,7.0,5.75,5.75,5.75,5.0
12,Warsaw,2024-08-01,1,,,,,1.0,,1.0,1.0,,1.0,,1.0,,,,,6.5,7.0,5.75,5.75,5.75,5.0
13,Warsaw,2024-08-01,1,,,,,,,,,,1.0,,1.0,,,,,6.5,7.0,5.75,5.75,5.75,5.0
14,Warsaw,2024-08-01,1,,,,,,,,,,,,1.0,,,,,6.5,7.0,5.75,5.75,5.75,5.0
15,Warsaw,2024-08-01,1,,,,,1.0,,1.0,,,,,1.0,1.0,,1.0,1.0,6.5,7.0,5.75,5.75,5.75,5.0
16,Warsaw,2024-08-01,1,,,,,1.0,,1.0,1.0,,,,,,,1.0,,6.5,7.0,5.75,5.75,5.75,5.0
17,Warsaw,2024-08-01,1,,,,,1.0,,1.0,1.0,,,,,1.0,,1.0,,6.5,7.0,5.75,5.75,5.75,5.0
18,Warsaw,2024-08-01,1,268.0,,,,1.0,1.0,,1.0,,,,1.0,,,,,6.5,7.0,5.75,5.75,5.75,5.0
19,Warsaw,2024-08-01,1,,,,,1.0,,1.0,,,,,,,,,1.0,6.5,7.0,5.75,5.75,5.75,5.0
20,Warsaw,2024-08-01,1,,,,,,,,,,,,1.0,,,,1.0,6.5,7.0,5.75,5.75,5.75,5.0
21,Warsaw,2024-08-01,1,,,,,,1.0,1.0,1.0,,,1.0,1.0,,,1.0,,6.5,7.0,5.75,5.75,5.75,5.0
22,Warsaw,2024-08-01,1,,,,,1.0,1.0,1.0,1.0,,,1.0,1.0,1.0,1.0,,,6.5,7.0,5.75,5.75,5.75,5.0
23,Warsaw,2024-08-01,1,,,,,,1.0,1.0,1.0,,1.0,,,1.0,,,,6.5,7.0,5.75,5.75,5.75,5.0
24,Warsaw,2024-08-01,1,,,,,1.0,,1.0,1.0,,,,,,,,,6.5,7.0,5.75,5.75,5.75,5.0
25,Warsaw,2024-08-01,1,,,,,,,,,,,,,,,,,6.5,7.0,5.75,5.75,5.75,5.0
26,Warsaw,2024-08-01,1,,,,,1.0,1.0,1.0,1.0,,,,,1.0,1.0,1.0,,6.5,7.0,5.75,5.75,5.75,5.0
27,Warsaw,2024-08-01,1,,,,,,,,,,,,,,,,,6.5,7.0,5.75,5.75,5.75,5.0
28,Warsaw,2024-08-01,1,,,,,1.0,1.0,,1.0,1.0,1.0,,,,,,,6.5,7.0,5.75,5.75,5.75,5.0
29,Warsaw,2024-08-01,1,,,,,1.0,1.0,1.0,,,,,1.0,,,,,6.5,7.0,5.75,5.75,5.75,5.0
30,Warsaw,2024-08-01,1,,,,,,,,,,,,,,,,,6.5,7.0,5.75,5.75,5.75,5.0
31,Warsaw,2024-08-01,1,,,,,1.0,1.0,1.0,1.0,1.0,1.0,,,,1.0,,,6.5,7.0,5.75,5.75,5.75,5.0
32,Warsaw,2024-08-01,1,,,,,,,,,,,,1.0,,,,,6.5,7.0,5.75,5.75,5.75,5.0
33,Warsaw,2024-08-01,1,162.0,,,,1.0,1.0,1.0,1.0,,1.0,1.0,1.0,1.0,1.0,1.0,1.0,6.5,7.0,5.75,5.75,5.75,5.0
34,Warsaw,2024-08-01,1,,,,,,,,,,,,1.0,,,,,6.5,7.0,5.75,5.75,5.75,5.0
35,Warsaw,2024-08-01,1,,,,,,,1.0,1.0,,,,1.0,,,1.0,,6.5,7.0,5.75,5.75,5.75,5.0
36,Warsaw,2024-08-01,1,,,,,,,,,,,,,,,,,6.5,7.0,5.75,5.75,5.75,5.0
37,Warsaw,2024-08-01,1,,,,,,,,1.0,,,,,1.0,,,,6.5,7.0,5.75,5.75,5.75,5.0
38,Warsaw,2024-08-01,1,209.0,,,,,,,1.0,,,,,,,,,6.5,7.0,5.75,5.75,5.75,5.0
39,Warsaw,2024-08-01,1,,,,,,,,,,,,1.0,,,,,6.5,7.0,5.75,5.75,5.75,5.0
40,Warsaw,2024-08-01,1,126.0,,,,1.0,1.0,1.0,1.0,,,,,,1.0,1.0,,6.5,7.0,5.75,5.75,5.75,5.0
41,Warsaw,2024-08-01,1,151.0,,,,1.0,,1.0,,,,,,,1.0,1.0,,6.5,7.0,5.75,5.75,5.75,5.0
42,Warsaw,2024-08-01,1,,,,,1.0,,1.0,1.0,,,,,,1.0,1.0,,6.5,7.0,5.75,5.75,5.75,5.0
43,Warsaw,2024-08-01,1,,,,,1.0,,1.0,1.0,,,,,,1.0,1.0,,6.5,7.0,5.75,5.75,5.75,5.0
44,Warsaw,2024-08-01,1,,,,,1.0,,,,,,,1.0,,1.0,,,6.5,7.0,5.75,5.75,5.75,5.0
45,Warsaw,2024-08-01,1,,,,,,,1.0,,,,,1.0,,,1.0,,6.5,7.0,5.75,5.75,5.75,5.0
46,Warsaw,2024-08-01,1,,,,,,,,,,,,1.0,,,,,6.5,7.0,5.75,5.75,5.75,5.0
47,Warsaw,2024-08-01,1,,,,2.0,1.0,,1.0,1.0,,,,,1.0,,1.0,,6.5,7.0,5.75,5.75,5.75,5.0
48,Warsaw,2024-08-01,1,,,,,1.0,1.0,1.0,1.0,1.0,,1.0,,1.0,,,1.0,6.5,7.0,5.75,5.75,5.75,5.0
49,Warsaw,2024-08-01,1,,,,,1.0,,1.0,,,,1.0,1.0,,,,1.0,6.5,7.0,5.75,5.75,5.75,5.0
50,Warsaw,2024-08-01,1,,,,2.0,1.0,1.0,1.0,,,,,1.0,,,1.0,,6.5,7.0,5.75,5.75,5.75,5.0
51,Warsaw,2024-08-01,1,,,,2.0,1.0,1.0,1.0,1.0,,,,1.0,,,1.0,,6.5,7.0,5.75,5.75,5.75,5.0
52,Warsaw,2024-08-01,1,,,,,1.0,1.0,1.0,1.0,1.0,,1.0,,1.0,,,1.0,6.5,7.0,5.75,5.75,5.75,5.0
53,Warsaw,2024-08-01,1,,,,,1.0,1.0,1.0,1.0,,,1.0,,,,1.0,1.0,6.5,7.0,5.75,5.75,5.75,5.0
54,Warsaw,2024-08-01,1,,,,,,,,,,,,,,,,,6.5,7.0,5.75,5.75,5.75,5.0
55,Warsaw,2024-08-01,1,,,,,,,,,,,,,,,,,6.5,7.0,5.75,5.75,5.75,5.0
56,Warsaw,2024-08-01,1,,,,,,,,,,,,,,,,,6.5,7.0,5.75,5.75,5.75,5.0
57,Warsaw,2024-08-01,1,,,,,,,,,,,,,,,,,6.5,7.0,5.75,5.75,5.75,5.0
58,Warsaw,2024-08-01,1,,,,,,,,,,,,,,,,,6.5,7.0,5.75,5.75,5.75,5.0
59,Warsaw,2024-08-01,1,,,,,,,,,,,,,,,,,6.5,7.0,5.75,5.75,5.75,5.0
60,Warsaw,2024-08-01,1,,,,,,,,,,,,,,,,,6.5,7.0,5.75,5.75,5.75,5.0
61,Warsaw,2024-08-01,1,,,,,,,,,,,,,,,,,6.5,7.0,5.75,5.75,5.75,5.0
62,Warsaw,2024-08-01,1,,,,,,,,,,,,,,,,,6.5,7.0,5.75,5.75,5.75,5.0
63,Warsaw,2024-08-01,1,,,,,,,,,,,,,,,,,6.5,7.0,5.75,5.75,5.75,5.0
64,Warsaw,2024-08-01,1,,,,,,,,,,,,,,,,,6.5,7.0,5.75,5.75,5.75,5.0
65,Warsaw,2024-08-01,1,,,,,,,,,,,,,,,,,6.5,7.0,5.75,5.75,5.75,5.0
66,Warsaw,2024-08-01,1,,,,,,,,,,,,,,,,,6.5,7.0,5.75,5.75,5.75,5.0
67,Warsaw,2024-08-01,1,,,,,,,,,,,,,,,,,6.5,7.0,5.75,5.75,5.75,5.0
68,Warsaw,2024-08-01,1,301.0,,,,,,,,,,,,,,,,6.5,7.0,5.75,5.75,5.75,5.0
69,Warsaw,2024-08-01,1,,,,,,,,,,,,,,,,,6.5,7.0,5.75,5.75,5.75,5.0
70,Warsaw,2024-08-01,1,,,,,,,,,,,,,,,,,6.5,7.0,5.75,5.75,5.75,5.0
71,Warsaw,2024-08-01,1,,,,,,,,,,,,,,,,,6.5,7.0,5.75,5.75,5.75,5.0
72,Warsaw,2024-08-01,1,,,,,,,,,,,,,,,,,6.5,7.0,5.75,5.75,5.75,5.0
73,Warsaw,2024-08-01,1,,,,,,,,,,,,,,,,,6.5,7.0,5.75,5.75,5.75,5.0
74,Warsaw,2024-08-01,1,,,,,,,,,,,,,,,,,6.5,7.0,5.75,5.75,5.75,5.0
75,Warsaw,2024-08-01,1,,,,,,,,,,,,,,,,,6.5,7.0,5.75,5.75,5.75,5.0
76,Warsaw,2024-08-01,1,,,,,,,,,,,,,,,,,6.5,7.0,5.75,5.75,5.75,5.0
77,Warsaw,2024-08-01,1,171.0,,,,,,,,,,,,,,,,6.5,7.0,5.75,5.75,5.75,5.0
78,Warsaw,2024-08-01,1,,,,,,,,,,,,,,,,,6.5,7.0,5.75,5.75,5.75,5.0
79,Warsaw,2024-08-01,1,,,,,,,,,,,,,,,,,6.5,7.0,5.75,5.75,5.75,5.0
80,Warsaw,2024-08-01,1,,,,,,,,,,,,,,,,,6.5,7.0,5.75,5.75,5.75,5.0
81,Warsaw,2024-08-01,1,,,,,,,,,,,,,,,,,6.5,7.0,5.75,5.75,5.75,5.0
82,Warsaw,2024-08-01,1,,,,,,,,,,,,,,,,,6.5,7.0,5.75,5.75,5.75,5.0
83,Warsaw,2024-08-01,1,,,,,,,,,,,,,,,,,6.5,7.0,5.75,5.75,5.75,5.0
84,Warsaw,2024-08-01,1,276.0,,,,,,,,,,,,,,,,6.5,7.0,5.75,5.75,5.75,5.0
85,Warsaw,2024-08-01,1,,,,,,,,,,,,,,,,,6.5,7.0,5.75,5.75,5.75,5.0
86,Warsaw,2024-08-01,1,,,,,,,,,,,,,,,,,6.5,7.0,5.75,5.75,5.75,5.0
87,Warsaw,2024-08-01,1,225.0,,,,,,,,,,,,,,,,6.5,7.0,5.75,5.75,5.75,5.0
88,Warsaw,2024-08-01,1,,,,,,,,,,,,,,,,,6.5,7.0,5.75,5.75,5.75,5.0
89,Warsaw,2024-08-01,1,,,,,,,,,,,,,,,,,6.5,7.0,5.75,5.75,5.75,5.0
90,Warsaw,2024-08-01,1,,,,,,,,,,,,,,,,,6.5,7.0,5.75,5.75,5.75,5.0
91,Warsaw,2024-08-01,1,,,,,,,,,,,,,,,,,6.5,7.0,5.75,5.75,5.75,5.0
92,Warsaw,2024-08-01,1,,,,,,,,,,,,,,,,,6.5,7.0,5.75,5.75,5.75,5.0
93,Warsaw,2024-08-01,1,,,,,,,,,,,,,,,,,6.5,7.0,5.75,5.75,5.75,5.0
94,Warsaw,2024-08-01,1,,,,,,,,,,,,,,,,,6.5,7.0,5.75,5.75,5.75,5.0
95,Warsaw,2024-08-01,1,,,,,,,,,,,,,,,,,6.5,7.0,5.75,5.75,5.75,5.0
96,Warsaw,2024-08-01,1,,,,,,,,,,,,,,,,,6.5,7.0,5.75,5.75,5.75,5.0
97,Warsaw,2024-08-01,1,,,,,,,,,,,,,,,,,6.5,7.0,5.75,5.75,5.75,5.0
98,Warsaw,2024-08-01,1,,,,,,,,,,,,,,,,,6.5,7.0,5.75,5.75,5.75,5.0
99,Warsaw,2024-08-01,1,,,,,,,,,,,,,,,,,6.5,7.0,5.75,5.75,5.75,5.0
100,Warsaw,2024-08-01,1,225.0,,,,,,,,,,,,,,,,6.5,7.0,5.75,5.75,5.75,5.0
101,Warsaw,2024-08-01,1,,,,,,,,,,,,,,,,,6.5,7.0,5.75,5.75,5.75,5.0
102,Warsaw,2024-08-01,1,,,,,,,,,,,,,,,,,6.5,7.0,5.75,5.75,5.75,5.0
103,Warsaw,2024-08-01,1,,,,,,,,,,,,,,,,,6.5,7.0,5.75,5.75,5.75,5.0
104,Warsaw,2024-08-01,1,,,,,,,,,,,,,,,,,6.5,7.0,5.75,5.75,5.75,5.0
105,Warsaw,2024-08-01,1,,,,,,,,,,,,,,,,,6.5,7.0,5.75,5.75,5.75,5.0
106,Warsaw,2024-08-01,1,155.0,,,,,,,,,,,,,,,,6.5,7.0,5.75,5.75,5.75,5.0
107,Warsaw,2024-08-01,1,,,,,,,,,,,,,,,,,6.5,7.0,5.75,5.75,5.75,5.0
108,Warsaw,2024-08-01,1,,,,,,,,,,,,,,,,,6.5,7.0,5.75,5.75,5.75,5.0
109,Warsaw,2024-08-01,1,,,,,,,,,,,,,,,,,6.5,7.0,5.75,5.75,5.75,5.0
110,Warsaw,2024-08-01,1,285.0,,,,,,,,,,,,,,,,6.5,7.0,5.75,5.75,5.75,5.0
111,Warsaw,2024-08-01,1,,,,,,,,,,,,,,,,,6.5,7.0,5.75,5.75,5.75,5.0
112,Warsaw,2024-08-01,1,,,,,,,,,,,,,,,,,6.5,7.0,5.75,5.75,5.75,5.0
113,Warsaw,2024-08-01,1,,,,,,,,,,,,,,,,,6.5,7.0,5.75,5.75,5.75,5.0
114,Warsaw,2024-08-01,1,,,,,,,,,,,,,,,,,6.5,7.0,5.75,5.75,5.75,5.0
115,Warsaw,2024-08-01,1,192.0,,,,,,,,,,,,,,,,6.5,7.0,5.75,5.75,5.75,5.0
116,Warsaw,2024-08-01,1,,,,,,,,,,,,,,,,,6.5,7.0,5.75,5.75,5.75,5.0
117,Warsaw,2024-08-01,1,276.0,,,,,,,,,,,,,,,,6.5,7.0,5.75,5.75,5.75,5.0
118,Warsaw,2024-08-01,1,,,,,,,,,,,,,,,,,6.5,7.0,5.75,5.75,5.75,5.0
119,Warsaw,2024-08-01,1,,,,,,,,,,,,,,,,,6.5,7.0,5.75,5.75,5.75,5.0
120,Warsaw,2024-08-01,1,,,,,,,,,,,,,,,,,6.5,7.0,5.75,5.75,5.75,5.0
121,Warsaw,2024-08-01,1,,,,,,,,,,,,,,,,,6.5,7.0,5.75,5.75,5.75,5.0
122,Warsaw,2024-08-01,1,,,,,,,,,,,,,,,,,6.5,7.0,5.75,5.75,5.75,5.0
123,Warsaw,2024-08-01,1,,,,,,,,,,,,,,,,,6.5,7.0,5.75,5.75,5.75,5.0
124,Warsaw,2024-08-01,1,,,,,,,,,,,,,,,,,6.5,7.0,5.75,5.75,5.75,5.0
125,Warsaw,2024-08-01,1,,,,,,,,,,,,,,,,,6.5,7.0,5.75,5.75,5.75,5.0
126,Warsaw,2024-08-01,1,,,,,,,,,,,,,,,,,6.5,7.0,5.75,5.75,5.75,5.0
127,Warsaw,2024-08-01,1,,,,,,,,,,,,,,,,,6.5,7.0,5.75,5.75,5.75,5.0
128,Warsaw,2024-08-01,1,,,,,,,,,,,,,,,,,6.5,7.0,5.75,5.75,5.75,5.0
129,Warsaw,2024-08-01,1,,,,,,,,,,,,,,,,,6.5,7.0,5.75,5.75,5.75,5.0
130,Warsaw,2024-08-01,1,,,,,,,,,,,,,,,,,6.5,7.0,5.75,5.75,5.75,5.0
131,Warsaw,2024-08-01,1,,,,,,,,,,,,,,,,,6.5,7.0,5.75,5.75,5.75,5.0
132,Warsaw,2024-08-01,1,,,,,,,,,,,,,,,,,6.5,7.0,5.75,5.75,5.75,5.0
133,Warsaw,2024-08-01,1,,,,,,,,,,,,,,,,,6.5,7.0,5.75,5.75,5.75,5.0
134,Warsaw,2024-08-01,1,,,,,,,,,,,,,,,,,6.5,7.0,5.75,5.75,5.75,5.0
135,Warsaw,2024-08-01,1,251.0,,,,,,,,,,,,,,,,6.5,7.0,5.75,5.75,5.75,5.0
136,Warsaw,2024-08-01,1,,,,,,,,,,,,,,,,,6.5,7.0,5.75,5.75,5.75,5.0
137,Warsaw,2024-08-01,1,,,,,,,,,,,,,,,,,6.5,7.0,5.75,5.75,5.75,5.0
138,Warsaw,2024-08-01,1,134.0,,,,,,,,,,,,,,,,6.5,7.0,5.75,5.75,5.75,5.0
139,Warsaw,2024-08-01,1,,,,,,,,,,,,,,,,,6.5,7.0,5.75,5.75,5.75,5.0
140,Warsaw,2024-08-01,1,,,,,,,,,,,,,,,,,6.5,7.0,5.75,5.75,5.75,5.0
141,Warsaw,2024-08-01,1,,,,,,,,,,,,,,,,,6.5,7.0,5.75,5.75,5.75,5.0
142,Warsaw,2024-08-01,1,,,,,,,,,,,,,,,,,6.5,7.0,5.75,5.75,5.75,5.0
143,Warsaw,2024-08-01,1,,,,,,,,,,,,,,,,,6.5,7.0,5.75,5.75,5.75,5.0
144,Warsaw,2024-08-01,1,,,,,,,,,,,,,,,,,6.5,7.0,5.75,5.75,5.75,5.0
145,Warsaw,2024-08-01,1,,,,,,,,,,,,,,,,,6.5,7.0,5.75,5.75,5.75,5.0
146,Warsaw,2024-08-01,1,,,,,,,,,,,,,,,,,6.5,7.0,5.75,5.75,5.75,5.0
147,Warsaw,2024-08-01,1,,,,,,,,,,,,,,,,,6.5,7.0,5.75,5.75,5.75,5.0
148,Warsaw,2024-08-01,1,,,,,,,,,,,,,,,,,6.5,7.0,5.75,5.75,5.75,5.0
149,Warsaw,2024-08-01,1,,,,,,,,,,,,,,,,,6.5,7.0,5.75,5.75,5.75,5.0
150,Warsaw,2024-08-01,1,,,,,,,,,,,,,,,,,6.5,7.0,5.75,5.75,5.75,5.0
151,Warsaw,2024-08-01,1,149.0,,,,,,,,,,,,,,,,6.5,7.0,5.75,5.75,5.75,5.0
152,Warsaw,2024-08-01,1,,,,,,,,,,,,,,,,,6.5,7.0,5.75,5.75,5.75,5.0
153,Warsaw,2024-08-01,1,,,,,,,,,,,,,,,,,6.5,7.0,5.75,5.75,5.75,5.0
154,Warsaw,2024-08-01,1,,,,,,,,,,,,,,,,,6.5,7.0,5.75,5.75,5.75,5.0
155,Warsaw,2024-08-01,1,,,,,,,,,,,,,,,,,6.5,7.0,5.75,5.75,5.75,5.0
156,Warsaw,2024-08-01,1,,,,,,,,,,,,,,,,,6.5,7.0,5.75,5.75,5.75,5.0
157,Warsaw,2024-08-01,1,,,,,,,,,,,,,,,,,6.5,7.0,5.75,5.75,5.75,5.0
158,Warsaw,2024-08-01,1,,,,,,,,,,,,,,,,,6.5,7.0,5.75,5.75,5.75,5.0
159,Warsaw,2024-08-01,1,,,,,,,,,,,,,,,,,6.5,7.0,5.75,5.75,5.75,5.0
160,Warsaw,2024-08-01,1,,,,,,,,,,,,,,,,,6.5,7.0,5.75,5.75,5.75,5.0
161,Warsaw,2024-08-01,1,,,,,,,,,,,,,,,,,6.5,7.0,5.75,5.75,5.75,5.0
162,Warsaw,2024-08-01,1,,,,,,,,,,,,,,,,,6.5,7.0,5.75,5.75,5.75,5.0
163,Warsaw,2024-08-01,1,,,,,,,,,,,,,,,,,6.5,7.0,5.75,5.75,5.75,5.0
164,Warsaw,2024-08-01,1,,,,,,,,,,,,,,,,,6.5,7.0,5.75,5.75,5.75,5.0
165,Warsaw,2024-08-01,1,,,,,,,,,,,,,,,,,6.5,7.0,5.75,5.75,5.75,5.0
166,Warsaw,2024-08-01,1,,,,,,,,,,,,,,,,,6.5,7.0,5.75,5.75,5.75,5.0
167,Warsaw,2024-08-01,1,,,,,,,,,,,,,,,,,6.5,7.0,5.75,5.75,5.75,5.0
168,Warsaw,2024-08-01,1,,,,,,,,,,,,,,,,,6.5,7.0,5.75,5.75,5.75,5.0
169,Warsaw,2024-08-01,1,,,,,,,,,,,,,,,,,6.5,7.0,5.75,5.75,5.75,5.0
170,Warsaw,2024-08-01,1,,,,,,,,,,,,,,,,,6.5,7.0,5.75,5.75,5.75,5.0
171,Warsaw,2024-08-01,1,,,,,,,,,,,,,,,,,6.5,7.0,5.75,5.75,5.75,5.0
172,Warsaw,2024-08-01,1,258.0,,,,,,,,,,,,,,,,6.5,7.0,5.75,5.75,5.75,5.0
173,Warsaw,2024-08-01,1,,,,,,,,,,,,,,,,,6.5,7.0,5.75,5.75,5.75,5.0
174,Warsaw,2024-08-01,1,335.0,,,,,,,,,,,,,,,,6.5,7.0,5.75,5.75,5.75,5.0
175,Warsaw,2024-08-01,1,,,,,,,,,,,,,,,,,6.5,7.0,5.75,5.75,5.75,5.0
176,Warsaw,2024-08-01,1,326.0,,,,,,,,,,,,,,,,6.5,7.0,5.75,5.75,5.75,5.0
177,Warsaw,2024-08-01,1,,,,,,,,,,,,,,,,,6.5,7.0,5.75,5.75,5.75,5.0
178,Warsaw,2024-08-01,1,218.0,,,,,,,,,,,,,,,,6.5,7.0,5.75,5.75,5.75,5.0
179,Warsaw,2024-08-01,1,,,,,,,,,,,,,,,,,6.5,7.0,5.75,5.75,5.75,5.0
180,Warsaw,2024-08-01,1,,,,,,,,,,,,,,,,,6.5,7.0,5.75,5.75,5.75,5.0
181,Warsaw,2024-08-01,1,,,,,,,,,,,,,,,,,6.5,7.0,5.75,5.75,5.75,5.0
182,Warsaw,2024-08-01,1,385.0,,,,,,,,,,,,,,,,6.5,7.0,5.75,5.75,5.75,5.0
183,Warsaw,2024-08-01,1,,,,,,,,,,,,,,,,,6.5,7.0,5.75,5.75,5.75,5.0
184,Warsaw,2024-08-01,1,,,,,,,,,,,,,,,,,6.5,7.0,5.75,5.75,5.75,5.0
185,Warsaw,2024-08-01,1,201.0,,,,,,,,,,,,,,,,6.5,7.0,5.75,5.75,5.75,5.0
186,Warsaw,2024-08-01,1,,,,,,,,,,,,,,,,,6.5,7.0,5.75,5.75,5.75,5.0
187,Warsaw,2024-08-01,1,,,,,,,,,,,,,,,,,6.5,7.0,5.75,5.75,5.75,5.0
188,Warsaw,2024-08-01,1,,,,,,,,,,,,,,,,,6.5,7.0,5.75,5.75,5.75,5.0
189,Warsaw,2024-08-01,1,,,,,,,,,,,,,,,,,6.5,7.0,5.75,5.75,5.75,5.0
190,Warsaw,2024-08-01,1,,,,,,,,,,,,,,,,,6.5,7.0,5.75,5.75,5.75,5.0
191,Warsaw,2024-08-01,1,,,,,,,,,,,,,,,,,6.5,7.0,5.75,5.75,5.75,5.0
192,Warsaw,2024-08-01,1,,,,,,,,,,,,,,,,,6.5,7.0,5.75,5.75,5.75,5.0
193,Warsaw,2024-08-01,1,401.0,,,,,,,,,,,,,,,,6.5,7.0,5.75,5.75,5.75,5.0
194,Warsaw,2024-08-01,1,,,,,,,,,,,,,,,,,6.5,7.0,5.75,5.75,5.75,5.0
195,Warsaw,2024-08-01,1,151.0,,,,,,,,,,,,,,,,6.5,7.0,5.75,5.75,5.75,5.0
196,Warsaw,2024-08-01,1,,,,,,,,,,,,,,,,,6.5,7.0,5.75,5.75,5.75,5.0
197,Warsaw,2024-08-01,1,,,,,,,,,,,,,,,,,6.5,7.0,5.75,5.75,5.75,5.0
198,Warsaw,2024-08-01,1,,,,,,,,,,,,,,,,,6.5,7.0,5.75,5.75,5.75,5.0
199,Warsaw,2024-08-01,1,266.0,,,,,,,,,,,,,,,,6.5,7.0,5.75,5.75,5.75,5.0
200,Warsaw,2024-08-01,1,,,,,,,,,,,,,,,,,6.5,7.0,5.75,5.75,5.75,5.0
201,Warsaw,2024-08-01,1,335.0,,,,,,,,,,,,,,,,6.5,7.0,5.75,5.75,5.75,5.0
202,Warsaw,2024-08-01,1,,,,,,,,,,,,,,,,,6.5,7.0,5.75,5.75,5.75,5.0
203,Warsaw,2024-08-01,1,,,,,,,,,,,,,,,,,6.5,7.0,5.75,5.75,5.75,5.0
204,Warsaw,2024-08-01,1,,,,,,,,,,,,,,,,,6.5,7.0,5.75,5.75,5.75,5.0
205,Warsaw,2024-08-01,1,,,,,,,,,,,,,,,,,6.5,7.0,5.75,5.75,5.75,5.0
206,Warsaw,2024-08-01,1,251.0,,,,,,,,,,,,,,,,6.5,7.0,5.75,5.75,5.75,5.0
207,Warsaw,2024-08-01,1,,,,,,,,,,,,,,,,,6.5,7.0,5.75,5.75,5.75,5.0
208,Warsaw,2024-08-01,1,,,,,,,,,,,,,,,,,6.5,7.0,5.75,5.75,5.75,5.0
209,Warsaw,2024-08-01,1,,,,,,,,,,,,,,,,,6.5,7.0,5.75,5.75,5.75,5.0
210,Warsaw,2024-08-01,1,201.0,,,,,,,,,,,,,,,,6.5,7.0,5.75,5.75,5.75,5.0
211,Warsaw,2024-08-01,1,,,,,,,,,,,,,,,,,6.5,7.0,5.75,5.75,5.75,5.0
212,Warsaw,2024-08-01,1,184.0,,,,,,,,,,,,,,,,6.5,7.0,5.75,5.75,5.75,5.0
213,Warsaw,2024-08-01,1,176.0,,,,,,,,,,,,,,,,6.5,7.0,5.75,5.75,5.75,5.0
214,Warsaw,2024-08-01,1,,,,,,,,,,,,,,,,,6.5,7.0,5.75,5.75,5.75,5.0
215,Warsaw,2024-08-01,1,,,,,,,,,,,,,,,,,6.5,7.0,5.75,5.75,5.75,5.0
216,Warsaw,2024-08-01,1,,,,,,,,,,,,,,,,,6.5,7.0,5.75,5.75,5.75,5.0
217,Warsaw,2024-08-01,1,,,,,,,,,,,,,,,,,6.5,7.0,5.75,5.75,5.75,5.0
218,Warsaw,2024-08-01,1,,,,,,,,,,,,,,,,,6.5,7.0,5.75,5.75,5.75,5.0
219,Warsaw,2024-08-01,1,,,,,,,,,,,,,,,,,6.5,7.0,5.75,5.75,5.75,5.0
220,Warsaw,2024-08-01,1,,,,,,,,,,,,,,,,,6.5,7.0,5.75,5.75,5.75,5.0
221,Warsaw,2024-08-01,1,,,,,,,,,,,,,,,,,6.5,7.0,5.75,5.75,5.75,5.0
222,Warsaw,2024-08-01,1,,,,,,,,,,,,,,,,,6.5,7.0,5.75,5.75,5.75,5.0
223,Warsaw,2024-08-01,1,336.0,,,,,,,,,,,,,,,,6.5,7.0,5.75,5.75,5.75,5.0
224,Warsaw,2024-08-01,1,,,,,,,,,,,,,,,,,6.5,7.0,5.75,5.75,5.75,5.0
225,Warsaw,2024-08-01,1,,,,,,,,,,,,,,,,,6.5,7.0,5.75,5.75,5.75,5.0
226,Warsaw,2024-08-01,1,,,,,,,,,,,,,,,,,6.5,7.0,5.75,5.75,5.75,5.0
227,Warsaw,2024-08-01,1,,,,,,,,,,,,,,,,,6.5,7.0,5.75,5.75,5.75,5.0
228,Warsaw,2024-08-01,1,,,,,,,,,,,,,,,,,6.5,7.0,5.75,5.75,5.75,5.0
229,Warsaw,2024-08-01,1,,,,,,,,,,,,,,,,,6.5,7.0,5.75,5.75,5.75,5.0
230,Warsaw,2024-08-01,1,,,,,,,,,,,,,,,,,6.5,7.0,5.75,5.75,5.75,5.0
231,Warsaw,2024-08-01,1,,,,,,,,,,,,,,,,,6.5,7.0,5.75,5.75,5.75,5.0
232,Warsaw,2024-08-01,1,,,,,,,,,,,,,,,,,6.5,7.0,5.75,5.75,5.75,5.0
233,Warsaw,2024-08-01,1,,,,,,,,,,,,,,,,,6.5,7.0,5.75,5.75,5.75,5.0
234,Warsaw,2024-08-01,1,,,,,,,,,,,,,,,,,6.5,7.0,5.75,5.75,5.75,5.0
235,Warsaw,2024-08-01,1,251.0,,,,,,,,,,,,,,,,6.5,7.0,5.75,5.75,5.75,5.0
236,Warsaw,2024-08-01,1,167.0,,,,,,,,,,,,,,,,6.5,7.0,5.75,5.75,5.75,5.0
237,Warsaw,2024-08-01,1,,,,,,,,,,,,,,,,,6.5,7.0,5.75,5.75,5.75,5.0
238,Warsaw,2024-08-01,1,,,,,,,,,,,,,,,,,6.5,7.0,5.75,5.75,5.75,5.0
239,Warsaw,2024-08-01,1,,,,,,,,,,,,,,,,,6.5,7.0,5.75,5.75,5.75,5.0
240,Warsaw,2024-08-01,1,,,,,,,,,,,,,,,,,6.5,7.0,5.75,5.75,5.75,5.0
241,Warsaw,2024-08-01,1,,,,,,,,,,,,,,,,,6.5,7.0,5.75,5.75,5.75,5.0
242,Warsaw,2024-08-01,1,,,,,,,,,,,,,,,,,6.5,7.0,5.75,5.75,5.75,5.0
243,Warsaw,2024-08-01,1,,,,,,,,,,,,,,,,,6.5,7.0,5.75,5.75,5.75,5.0
244,Warsaw,2024-08-01,1,,,,,,,,,,,,,,,,,6.5,7.0,5.75,5.75,5.75,5.0
245,Warsaw,2024-08-01,1,,,,,,,,,,,,,,,,,6.5,7.0,5.75,5.75,5.75,5.0
246,Warsaw,2024-08-01,1,209.0,,,,,,,,,,,,,,,,6.5,7.0,5.75,5.75,5.75,5.0
247,Warsaw,2024-08-01,1,,,,,,,,,,,,,,,,,6.5,7.0,5.75,5.75,5.75,5.0
248,Warsaw,2024-08-01,1,251.0,,,,,,,,,,,,,,,,6.5,7.0,5.75,5.75,5.75,5.0
249,Warsaw,2024-08-01,1,,,,,,,,,,,,,,,,,6.5,7.0,5.75,5.75,5.75,5.0
250,Warsaw,2024-08-01,1,,,,,,,,,,,,,,,,,6.5,7.0,5.75,5.75,5.75,5.0
251,Warsaw,2024-08-01,1,167.0,,,,,,,,,,,,,,,,6.5,7.0,5.75,5.75,5.75,5.0
252,Warsaw,2024-08-01,1,,,,,,,,,,,,,,,,,6.5,7.0,5.75,5.75,5.75,5.0
253,Warsaw,2024-08-01,1,,,,,,,,,,,,,,,,,6.5,7.0,5.75,5.75,5.75,5.0
254,Warsaw,2024-08-01,1,,,,,,,,,,,,,,,,,6.5,7.0,5.75,5.75,5.75,5.0
255,Warsaw,2024-08-01,1,,,,,,,,,,,,,,,,,6.5,7.0,5.75,5.75,5.75,5.0
256,Warsaw,2024-08-01,1,,,,,,,,,,,,,,,,,6.5,7.0,5.75,5.75,5.75,5.0
257,Warsaw,2024-08-01,1,,,,,,,,,,,,,,,,,6.5,7.0,5.75,5.75,5.75,5.0
258,Warsaw,2024-08-01,1,,,,,,,,,,,,,,,,,6.5,7.0,5.75,5.75,5.75,5.0
259,Warsaw,2024-08-01,1,,,,,,,,,,,,,,,,,6.5,7.0,5.75,5.75,5.75,5.0
260,Warsaw,2024-08-01,1,,,,,,,,,,,,,,,,,6.5,7.0,5.75,5.75,5.75,5.0
261,Warsaw,2024-08-01,1,,,,,,,,,,,,,,,,,6.5,7.0,5.75,5.75,5.75,5.0
262,Warsaw,2024-08-01,1,,,,,,,,,,,,,,,,,6.5,7.0,5.75,5.75,5.75,5.0
263,Warsaw,2024-08-01,1,,,,,,,,,,,,,,,,,6.5,7.0,5.75,5.75,5.75,5.0
264,Warsaw,2024-08-01,1,,,,,,,,,,,,,,,,,6.5,7.0,5.75,5.75,5.75,5.0
265,Warsaw,2024-08-01,1,,,,,,,,,,,,,,,,,6.5,7.0,5.75,5.75,5.75,5.0
266,Warsaw,2024-08-01,1,,,,,,,,,,,,,,,,,6.5,7.0,5.75,5.75,5.75,5.0
267,Warsaw,2024-08-01,1,,,,,,,,,,,,,,,,,6.5,7.0,5.75,5.75,5.75,5.0
268,Warsaw,2024-08-01,1,,,,,,,,,,,,,,,,,6.5,7.0,5.75,5.75,5.75,5.0
269,Warsaw,2024-08-01,1,,,,,,,,,,,,,,,,,6.5,7.0,5.75,5.75,5.75,5.0
270,Warsaw,2024-08-01,1,,,,,,,,,,,,,,,,,6.5,7.0,5.75,5.75,5.75,5.0
271,Warsaw,2024-08-01,1,,,,,,,,,,,,,,,,,6.5,7.0,5.75,5.75,5.75,5.0
272,Warsaw,2024-08-01,1,,,,,,,,,,,,,,,,,6.5,7.0,5.75,5.75,5.75,5.0
273,Warsaw,2024-08-01,1,,,,,,,,,,,,,,,,,6.5,7.0,5.75,5.75,5.75,5.0
274,Warsaw,2024-08-01,1,,,,,,,,,,,,,,,,,6.5,7.0,5.75,5.75,5.75,5.0
275,Warsaw,2024-08-01,1,,,,,,,,,,,,,,,,,6.5,7.0,5.75,5.75,5.75,5.0
276,Warsaw,2024-08-01,1,,,,,,,,,,,,,,,,,6.5,7.0,5.75,5.75,5.75,5.0
277,Warsaw,2024-08-01,1,,,,,,,,,,,,,,,,,6.5,7.0,5.75,5.75,5.75,5.0
278,Warsaw,2024-08-01,1,,,,,,,,,,,,,,,,,6.5,7.0,5.75,5.75,5.75,5.0
279,Warsaw,2024-08-01,1,,,,,,,,,,,,,,,,,6.5,7.0,5.75,5.75,5.75,5.0
280,Warsaw,2024-08-01,1,,,,,,,,,,,,,,,,,6.5,7.0,5.75,5.75,5.75,5.0
281,Warsaw,2024-08-01,1,,,,,,,,,,,,,,,,,6.5,7.0,5.75,5.75,5.75,5.0
282,Warsaw,2024-08-01,1,,,,,,,,,,,,,,,,,6.5,7.0,5.75,5.75,5.75,5.0
283,Warsaw,2024-08-01,1,,,,,,,,,,,,,,,,,6.5,7.0,5.75,5.75,5.75,5.0
284,Warsaw,2024-08-01,1,,,,,,,,,,,,,,,,,6.5,7.0,5.75,5.75,5.75,5.0
285,Warsaw,2024-08-01,1,,,,,,,,,,,,,,,,,6.5,7.0,5.75,5.75,5.75,5.0
286,Warsaw,2024-08-01,1,,,,,,,,,,,,,,,,,6.5,7.0,5.75,5.75,5.75,5.0
287,Warsaw,2024-08-01,1,,,,,,,,,,,,,,,,,6.5,7.0,5.75,5.75,5.75,5.0
288,Warsaw,2024-08-01,1,,,,,,,,,,,,,,,,,6.5,7.0,5.75,5.75,5.75,5.0
289,Warsaw,2024-08-01,1,,,,,,,,,,,,,,,,,6.5,7.0,5.75,5.75,5.75,5.0
290,Warsaw,2024-08-01,1,,,,,,,,,,,,,,,,,6.5,7.0,5.75,5.75,5.75,5.0
291,Warsaw,2024-08-01,1,,,,,,,,,,,,,,,,,6.5,7.0,5.75,5.75,5.75,5.0
292,Warsaw,2024-08-01,1,,,,,,,,,,,,,,,,,6.5,7.0,5.75,5.75,5.75,5.0
293,Warsaw,2024-08-01,1,,,,,,,,,,,,,,,,,6.5,7.0,5.75,5.75,5.75,5.0
294,Warsaw,2024-08-01,1,,,,,,,,,,,,,,,,,6.5,7.0,5.75,5.75,5.75,5.0
295,Warsaw,2024-08-01,1,,,,,,,,,,,,,,,,,6.5,7.0,5.75,5.75,5.75,5.0
296,Warsaw,2024-08-01,1,,,,,,,,,,,,,,,,,6.5,7.0,5.75,5.75,5.75,5.0
297,Warsaw,2024-08-01,1,,,,,,,,,,,,,,,,,6.5,7.0,5.75,5.75,5.75,5.0
298,Warsaw,2024-08-01,1,,,,,,,,,,,,,,,,,6.5,7.0,5.75,5.75,5.75,5.0
299,Warsaw,2024-08-01,1,,,,,,,,,,,,,,,,,6.5,7.0,5.75,5.75,5.75,5.0
300,Warsaw,2024-08-01,1,,,,,,,,,,,,,,,,,6.5,7.0,5.75,5.75,5.75,5.0
301,Warsaw,2024-08-01,1,,,,,,,,,,,,,,,,,6.5,7.0,5.75,5.75,5.75,5.0
302,Warsaw,2024-08-01,1,,,,,,,,,,,,,,,,,6.5,7.0,5.75,5.75,5.75,5.0
303,Warsaw,2024-08-01,1,,,,,,,,,,,,,,,,,6.5,7.0,5.75,5.75,5.75,5.0
304,Warsaw,2024-08-01,1,,,,,,,,,,,,,,,,,6.5,7.0,5.75,5.75,5.75,5.0
305,Warsaw,2024-08-01,1,,,,,,,,,,,,,,,,,6.5,7.0,5.75,5.75,5.75,5.0
306,Warsaw,2024-08-01,1,,,,,,,,,,,,,,,,,6.5,7.0,5.75,5.75,5.75,5.0
307,Warsaw,2024-08-01,1,,,,,,,,,,,,,,,,,6.5,7.0,5.75,5.75,5.75,5.0
308,Warsaw,2024-08-01,1,,,,,,,,,,,,,,,,,6.5,7.0,5.75,5.75,5.75,5.0
309,Warsaw,2024-08-01,1,,,,,,,,,,,,,,,,,6.5,7.0,5.75,5.75,5.75,5.0
310,Warsaw,2024-08-01,1,,,,,,,,,,,,,,,,,6.5,7.0,5.75,5.75,5.75,5.0
311,Warsaw,2024-08-01,1,,,,,,,,,,,,,,,,,6.5,7.0,5.75,5.75,5.75,5.0
312,Warsaw,2024-08-01,1,,,,,,,,,,,,,,,,,6.5,7.0,5.75,5.75,5.75,5.0
313,Warsaw,2024-08-01,1,,,,,,,,,,,,,,,,,6.5,7.0,5.75,5.75,5.75,5.0
314,Warsaw,2024-08-01,1,,,,,,,,,,,,,,,,,6.5,7.0,5.75,5.75,5.75,5.0
315,Warsaw,2024-08-01,1,,,,,,,,,,,,,,,,,6.5,7.0,5.75,5.75,5.75,5.0
316,Warsaw,2024-08-01,1,,,,,,,,,,,,,,,,,6.5,7.0,5.75,5.75,5.75,5.0
317,Warsaw,2024-08-01,1,,,,,,,,,,,,,,,,,6.5,7.0,5.75,5.75,5.75,5.0
318,Warsaw,2024-08-01,1,,,,,,,,,,,,,,,,,6.5,7.0,5.75,5.75,5.75,5.0
319,Warsaw,2024-08-01,1,,,,,,,,,,,,,,,,,6.5,7.0,5.75,5.75,5.75,5.0
320,Warsaw,2024-08-01,1,,,,,,,,,,,,,,,,,6.5,7.0,5.75,5.75,5.75,5.0
321,Warsaw,2024-08-01,1,,,,,,,,,,,,,,,,,6.5,7.0,5.75,5.75,5.75,5.0
322,Warsaw,2024-08-01,1,,,,,,,,,,,,,,,,,6.5,7.0,5.75,5.75,5.75,5.0
323,Warsaw,2024-08-01,1,,,,,,,,,,,,,,,,,6.5,7.0,5.75,5.75,5.75,5.0
324,Warsaw,2024-08-01,1,,,,,,,,,,,,,,,,,6.5,7.0,5.75,5.75,5.75,5.0
325,Warsaw,2024-08-01,1,,,,,,,,,,,,,,,,,6.5,7.0,5.75,5.75,5.75,5.0
326,Warsaw,2024-08-01,1,,,,,,,,,,,,,,,,,6.5,7.0,5.75,5.75,5.75,5.0
327,Warsaw,2024-08-01,1,,,,,,,,,,,,,,,,,6.5,7.0,5.75,5.75,5.75,5.0
328,Warsaw,2024-08-01,1,,,,,,,,,,,,,,,,,6.5,7.0,5.75,5.75,5.75,5.0
329,Warsaw,2024-08-01,1,,,,,,,,,,,,,,,,,6.5,7.0,5.75,5.75,5.75,5.0
330,Warsaw,2024-08-01,1,,,,,,,,,,,,,,,,,6.5,7.0,5.75,5.75,5.75,5.0
331,Warsaw,2024-08-01,1,,,,,,,,,,,,,,,,,6.5,7.0,5.75,5.75,5.75,5.0
332,Warsaw,2024-08-01,1,,,,,,,,,,,,,,,,,6.5,7.0,5.75,5.75,5.75,5.0
333,Warsaw,2024-08-01,1,,,,,,,,,,,,,,,,,6.5,7.0,5.75,5.75,5.75,5.0
334,Warsaw,2024-08-01,1,,,,,,,,,,,,,,,,,6.5,7.0,5.75,5.75,5.75,5.0
335,Warsaw,2024-08-01,1,,,,,,,,,,,,,,,,,6.5,7.0,5.75,5.75,5.75,5.0
336,Warsaw,2024-08-01,1,,,,,,,,,,,,,,,,,6.5,7.0,5.75,5.75,5.75,5.0
337,Warsaw,2024-08-01,1,,,,,,,,,,,,,,,,,6.5,7.0,5.75,5.75,5.75,5.0
338,Warsaw,2024-08-01,1,,,,,,,,,,,,,,,,,6.5,7.0,5.75,5.75,5.75,5.0
339,Warsaw,2024-08-01,1,,,,,,,,,,,,,,,,,6.5,7.0,5.75,5.75,5.75,5.0
340,Warsaw,2024-08-01,1,,,,,,,,,,,,,,,,,6.5,7.0,5.75,5.75,5.75,5.0
341,Warsaw,2024-08-01,1,,,,,,,,,,,,,,,,,6.5,7.0,5.75,5.75,5.75,5.0
342,Warsaw,2024-08-01,1,,,,,,,,,,,,,,,,,6.5,7.0,5.75,5.75,5.75,5.0
343,Warsaw,2024-08-01,1,502.0,,,,,,,,,,,,,,,,6.5,7.0,5.75,5.75,5.75,5.0
344,Warsaw,2024-08-01,1,,,,,,,,,,,,,,,,,6.5,7.0,5.75,5.75,5.75,5.0
345,Warsaw,2024-08-01,1,,,,,,,,,,,,,,,,,6.5,7.0,5.75,5.75,5.75,5.0
346,Warsaw,2024-08-01,1,,,,,,,,,,,,,,,,,6.5,7.0,5.75,5.75,5.75,5.0
347,Warsaw,2024-08-01,1,,,,,,,,,,,,,,,,,6.5,7.0,5.75,5.75,5.75,5.0
348,Warsaw,2024-08-01,1,,,,,,,,,,,,,,,,,6.5,7.0,5.75,5.75,5.75,5.0
349,Warsaw,2024-08-01,1,,,,,,,,,,,,,,,,,6.5,7.0,5.75,5.75,5.75,5.0
350,Warsaw,2024-08-01,1,,,,,,,,,,,,,,,,,6.5,7.0,5.75,5.75,5.75,5.0
351,Warsaw,2024-08-01,1,,,,,,,,,,,,,,,,,6.5,7.0,5.75,5.75,5.75,5.0
352,Warsaw,2024-08-01,1,,,,,,,,,,,,,,,,,6.5,7.0,5.75,5.75,5.75,5.0
353,Warsaw,2024-08-01,1,,,,,,,,,,,,,,,,,6.5,7.0,5.75,5.75,5.75,5.0
354,Warsaw,2024-08-01,1,,,,,,,,,,,,,,,,,6.5,7.0,5.75,5.75,5.75,5.0
355,Warsaw,2024-08-01,1,,,,,,,,,,,,,,,,,6.5,7.0,5.75,5.75,5.75,5.0
356,Warsaw,2024-08-01,1,,,,,,,,,,,,,,,,,6.5,7.0,5.75,5.75,5.75,5.0
357,Warsaw,2024-08-01,1,,,,,,,,,,,,,,,,,6.5,7.0,5.75,5.75,5.75,5.0
358,Warsaw,2024-08-01,1,,,,,,,,,,,,,,,,,6.5,7.0,5.75,5.75,5.75,5.0
359,Warsaw,2024-08-01,1,,,,,,,,,,,,,,,,,6.5,7.0,5.75,5.75,5.75,5.0
360,Warsaw,2024-08-01,1,,,,,,,,,,,,,,,,,6.5,7.0,5.75,5.75,5.75,5.0
361,Warsaw,2024-08-01,1,,,,,,,,,,,,,,,,,6.5,7.0,5.75,5.75,5.75,5.0
362,Warsaw,2024-08-01,1,,,,,,,,,,,,,,,,,6.5,7.0,5.75,5.75,5.75,5.0
363,Warsaw,2024-08-01,1,,,,,,,,,,,,,,,,,6.5,7.0,5.75,5.75,5.75,5.0
364,Warsaw,2024-08-01,1,,,,,,,,,,,,,,,,,6.5,7.0,5.75,5.75,5.75,5.0
365,Warsaw,2024-08-01,1,,,,,,,,,,,,,,,,,6.5,7.0,5.75,5.75,5.75,5.0
366,Warsaw,2024-08-01,1,,,,,,,,,,,,,,,,,6.5,7.0,5.75,5.75,5.75,5.0
367,Warsaw,2024-08-01,1,,,,,,,,,,,,,,,,,6.5,7.0,5.75,5.75,5.75,5.0
368,Warsaw,2024-08-01,1,,,,,,,,,,,,,,,,,6.5,7.0,5.75,5.75,5.75,5.0
369,Warsaw,2024-08-01,1,,,,,,,,,,,,,,,,,6.5,7.0,5.75,5.75,5.75,5.0
370,Warsaw,2024-08-01,1,,,,,,,,,,,,,,,,,6.5,7.0,5.75,5.75,5.75,5.0
371,Warsaw,2024-08-01,1,,,,,,,,,,,,,,,,,6.5,7.0,5.75,5.75,5.75,5.0
372,Warsaw,2024-08-01,1,,,,,,,,,,,,,,,,,6.5,7.0,5.75,5.75,5.75,5.0
373,Warsaw,2024-08-01,1,,,,,,,,,,,,,,,,,6.5,7.0,5.75,5.75,5.75,5.0
374,Warsaw,2024-08-01,1,,,,,,,,,,,,,,,,,6.5,7.0,5.75,5.75,5.75,5.0
375,Warsaw,2024-08-01,1,,,,,,,,,,,,,,,,,6.5,7.0,5.75,5.75,5.75,5.0
376,Warsaw,2024-08-01,1,,,,,,,,,,,,,,,,,6.5,7.0,5.75,5.75,5.75,5.0
377,Warsaw,2024-08-01,1,,,,,,,,,,,,,,,,,6.5,7.0,5.75,5.75,5.75,5.0
378,Warsaw,2024-08-01,1,,,,,,,,,,,,,,,,,6.5,7.0,5.75,5.75,5.75,5.0
379,Warsaw,2024-08-01,1,502.0,,,,,,,,,,,,,,,,6.5,7.0,5.75,5.75,5.75,5.0
380,Warsaw,2024-08-01,1,502.0,,,,,,,,,,,,,,,,6.5,7.0,5.75,5.75,5.75,5.0
381,Warsaw,2024-08-01,1,,,,,,,,,,,,,,,,,6.5,7.0,5.75,5.75,5.75,5.0
382,Warsaw,2024-08-01,1,,,,,,,,,,,,,,,,,6.5,7.0,5.75,5.75,5.75,5.0
383,Warsaw,2024-08-01,1,,,,,,,,,,,,,,,,,6.5,7.0,5.75,5.75,5.75,5.0
384,Warsaw,2024-08-01,1,493.0,,,,,,,,,,,,,,,,6.5,7.0,5.75,5.75,5.75,5.0
385,Warsaw,2024-08-01,1,,,,,,,,,,,,,,,,,6.5,7.0,5.75,5.75,5.75,5.0
386,Warsaw,2024-08-01,1,,,,,,,,,,,,,,,,,6.5,7.0,5.75,5.75,5.75,5.0
387,Warsaw,2024-08-01,1,,,,,,,,,,,,,,,,,6.5,7.0,5.75,5.75,5.75,5.0
388,Warsaw,2024-08-01,1,,,,,,,,,,,,,,,,,6.5,7.0,5.75,5.75,5.75,5.0
389,Warsaw,2024-08-01,1,,,,,,,,,,,,,,,,,6.5,7.0,5.75,5.75,5.75,5.0
390,Warsaw,2024-08-01,1,,,,,,,,,,,,,,,,,6.5,7.0,5.75,5.75,5.75,5.0
391,Warsaw,2024-08-01,1,,,,,,,,,,,,,,,,,6.5,7.0,5.75,5.75,5.75,5.0
392,Warsaw,2024-08-01,1,,,,,,,,,,,,,,,,,6.5,7.0,5.75,5.75,5.75,5.0
393,Warsaw,2024-08-01,1,,,,,,,,,,,,,,,,,6.5,7.0,5.75,5.75,5.75,5.0
394,Warsaw,2024-08-01,1,,,,,,,,,,,,,,,,,6.5,7.0,5.75,5.75,5.75,5.0
395,Warsaw,2024-08-01,1,,,,,,,,,,,,,,,,,6.5,7.0,5.75,5.75,5.75,5.0
396,Warsaw,2024-08-01,1,,,,,,,,,,,,,,,,,6.5,7.0,5.75,5.75,5.75,5.0
397,Warsaw,2024-08-01,1,,,,,,,,,,,,,,,,,6.5,7.0,5.75,5.75,5.75,5.0
398,Warsaw,2024-08-01,1,,,,,,,,,,,,,,,,,6.5,7.0,5.75,5.75,5.75,5.0
399,Warsaw,2024-08-01,1,,,,,,,,,,,,,,,,,6.5,7.0,5.75,5.75,5.75,5.0
400,Warsaw,2024-08-01,1,,,,,,,,,,,,,,,,,6.5,7.0,5.75,5.75,5.75,5.0
401,Warsaw,2024-08-01,1,,,,,,,,,,,,,,,,,6.5,7.0,5.75,5.75,5.75,5.0
402,Warsaw,2024-08-01,1,,,,,,,,,,,,,,,,,6.5,7.0,5.75,5.75,5.75,5.0
403,Warsaw,2024-08-01,1,,,,,,,,,,,,,,,,,6.5,7.0,5.75,5.75,5.75,5.0
404,Warsaw,2024-08-01,1,,,,,,,,,,,,,,,,,6.5,7.0,5.75,5.75,5.75,5.0
405,Warsaw,2024-08-01,1,,,,,,,,,,,,,,,,,6.5,7.0,5.75,5.75,5.75,5.0
406,Warsaw,2024-08-01,1,,,,,,,,,,,,,,,,,6.5,7.0,5.75,5.75,5.75,5.0
407,Warsaw,2024-08-01,1,,,,,,,,,,,,,,,,,6.5,7.0,5.75,5.75,5.75,5.0
408,Warsaw,2024-08-01,1,,,,,,,,,,,,,,,,,6.5,7.0,5.75,5.75,5.75,5.0
409,Warsaw,2024-08-01,1,,,,,,,,,,,,,,,,,6.5,7.0,5.75,5.75,5.75,5.0
410,Warsaw,2024-08-01,1,,,,,,,,,,,,,,,,,6.5,7.0,5.75,5.75,5.75,5.0
411,Warsaw,2024-08-01,1,,,,,,,,,,,,,,,,,6.5,7.0,5.75,5.75,5.75,5.0
412,Warsaw,2024-08-01,1,,,,,,,,,,,,,,,,,6.5,7.0,5.75,5.75,5.75,5.0
413,Warsaw,2024-08-01,1,,,,,,,,,,,,,,,,,6.5,7.0,5.75,5.75,5.75,5.0
414,Warsaw,2024-08-01,1,,,,,,,,,,,,,,,,,6.5,7.0,5.75,5.75,5.75,5.0
415,Warsaw,2024-08-01,1,,,,,,,,,,,,,,,,,6.5,7.0,5.75,5.75,5.75,5.0
416,Warsaw,2024-08-01,1,,,,,,,,,,,,,,,,,6.5,7.0,5.75,5.75,5.75,5.0
417,Warsaw,2024-08-01,1,,,,,,,,,,,,,,,,,6.5,7.0,5.75,5.75,5.75,5.0
418,Warsaw,2024-08-01,1,,,,,,,,,,,,,,,,,6.5,7.0,5.75,5.75,5.75,5.0
419,Warsaw,2024-08-01,1,,,,,,,,,,,,,,,,,6.5,7.0,5.75,5.75,5.75,5.0
420,Warsaw,2024-08-01,1,,,,,,,,,,,,,,,,,6.5,7.0,5.75,5.75,5.75,5.0
421,Warsaw,2024-08-01,1,,,,,,,,,,,,,,,,,6.5,7.0,5.75,5.75,5.75,5.0
422,Warsaw,2024-08-01,1,,,,,,,,,,,,,,,,,6.5,7.0,5.75,5.75,5.75,5.0
423,Warsaw,2024-08-01,1,,,,,,,,,,,,,,,,,6.5,7.0,5.75,5.75,5.75,5.0
424,Warsaw,2024-08-01,1,,,,,,,,,,,,,,,,,6.5,7.0,5.75,5.75,5.75,5.0
425,Warsaw,2024-08-01,1,,,,,,,,,,,,,,,,,6.5,7.0,5.75,5.75,5.75,5.0
426,Warsaw,2024-08-01,1,,,,,,,,,,,,,,,,,6.5,7.0,5.75,5.75,5.75,5.0
427,Warsaw,2024-08-01,1,,,,,,,,,,,,,,,,,6.5,7.0,5.75,5.75,5.75,5.0
428,Warsaw,2024-08-01,1,,,,,,,,,,,,,,,,,6.5,7.0,5.75,5.75,5.75,5.0
429,Warsaw,2024-08-01,1,,,,,,,,,,,,,,,,,6.5,7.0,5.75,5.75,5.75,5.0
430,Warsaw,2024-08-01,1,,,,,,,,,,,,,,,,,6.5,7.0,5.75,5.75,5.75,5.0
431,Warsaw,2024-08-01,1,,,,,,,,,,,,,,,,,6.5,7.0,5.75,5.75,5.75,5.0
432,Warsaw,2024-08-01,1,,,,,,,,,,,,,,,,,6.5,7.0,5.75,5.75,5.75,5.0
433,Warsaw,2024-08-01,1,,,,,,,,,,,,,,,,,6.5,7.0,5.75,5.75,5.75,5.0
434,Warsaw,2024-08-01,1,,,,,,,,,,,,,,,,,6.5,7.0,5.75,5.75,5.75,5.0
435,Warsaw,2024-08-01,1,,,,,,,,,,,,,,,,,6.5,7.0,5.75,5.75,5.75,5.0
436,Warsaw,2024-08-01,1,,,,,,,,,,,,,,,,,6.5,7.0,5.75,5.75,5.75,5.0
437,Warsaw,2024-08-01,1,,,,,,,,,,,,,,,,,6.5,7.0,5.75,5.75,5.75,5.0
438,Warsaw,2024-08-01,1,,,,,,,,,,,,,,,,,6.5,7.0,5.75,5.75,5.75,5.0
439,Warsaw,2024-08-01,1,,,,,,,,,,,,,,,,,6.5,7.0,5.75,5.75,5.75,5.0
440,Warsaw,2024-08-01,1,,,,,,,,,,,,,,,,,6.5,7.0,5.75,5.75,5.75,5.0
441,Warsaw,2024-08-01,1,,,,,,,,,,,,,,,,,6.5,7.0,5.75,5.75,5.75,5.0
442,Warsaw,2024-08-01,1,,,,,,,,,,,,,,,,,6.5,7.0,5.75,5.75,5.75,5.0
443,Warsaw,2024-08-01,1,,,,,,,,,,,,,,,,,6.5,7.0,5.75,5.75,5.75,5.0
444,Warsaw,2024-08-01,1,,,,,,,,,,,,,,,,,6.5,7.0,5.75,5.75,5.75,5.0
445,Warsaw,2024-08-01,1,,,,,,,,,,,,,,,,,6.5,7.0,5.75,5.75,5.75,5.0
446,Warsaw,2024-08-01,1,,,,,,,,,,,,,,,,,6.5,7.0,5.75,5.75,5.75,5.0
447,Warsaw,2024-08-01,1,,,,,,,,,,,,,,,,,6.5,7.0,5.75,5.75,5.75,5.0
448,Warsaw,2024-08-01,1,,,,,,,,,,,,,,,,,6.5,7.0,5.75,5.75,5.75,5.0
449,Warsaw,2024-08-01,1,,,,,,,,,,,,,,,,,6.5,7.0,5.75,5.75,5.75,5.0
450,Warsaw,2024-08-01,1,,,,,,,,,,,,,,,,,6.5,7.0,5.75,5.75,5.75,5.0
451,Warsaw,2024-08-01,1,,,,,,,,,,,,,,,,,6.5,7.0,5.75,5.75,5.75,5.0
452,Warsaw,2024-08-01,1,,,,,,,,,,,,,,,,,6.5,7.0,5.75,5.75,5.75,5.0
453,Warsaw,2024-08-01,1,,,,,,,,,,,,,,,,,6.5,7.0,5.75,5.75,5.75,5.0
454,Warsaw,2024-08-01,1,,,,,,,,,,,,,,,,,6.5,7.0,5.75,5.75,5.75,5.0
455,Warsaw,2024-08-01,1,,,,,,,,,,,,,,,,,6.5,7.0,5.75,5.75,5.75,5.0
456,Warsaw,2024-08-01,1,,,,,,,,,,,,,,,,,6.5,7.0,5.75,5.75,5.75,5.0
457,Warsaw,2024-08-01,1,,,,,,,,,,,,,,,,,6.5,7.0,5.75,5.75,5.75,5.0
458,Warsaw,2024-08-01,1,,,,,,,,,,,,,,,,,6.5,7.0,5.75,5.75,5.75,5.0
459,Warsaw,2024-08-01,1,669.0,,,,,,,,,,,,,,,,6.5,7.0,5.75,5.75,5.75,5.0
460,Warsaw,2024-08-01,1,,,,,,,,,,,,,,,,,6.5,7.0,5.75,5.75,5.75,5.0
461,Warsaw,2024-08-01,1,,,,,,,,,,,,,,,,,6.5,7.0,5.75,5.75,5.75,5.0
462,Warsaw,2024-08-01,1,,,,,,,,,,,,,,,,,6.5,7.0,5.75,5.75,5.75,5.0
463,Warsaw,2024-08-01,1,,,,,,,,,,,,,,,,,6.5,7.0,5.75,5.75,5.75,5.0
464,Warsaw,2024-08-01,1,,,,,,,,,,,,,,,,,6.5,7.0,5.75,5.75,5.75,5.0
465,Warsaw,2024-08-01,1,,,,,,,,,,,,,,,,,6.5,7.0,5.75,5.75,5.75,5.0
466,Warsaw,2024-08-01,1,,,,,,,,,,,,,,,,,6.5,7.0,5.75,5.75,5.75,5.0
467,Warsaw,2024-08-01,1,,,,,,,,,,,,,,,,,6.5,7.0,5.75,5.75,5.75,5.0
468,Warsaw,2024-08-01,1,,,,,,,,,,,,,,,,,6.5,7.0,5.75,5.75,5.75,5.0
469,Warsaw,2024-08-01,1,,,,,,,,,,,,,,,,,6.5,7.0,5.75,5.75,5.75,5.0
470,Warsaw,2024-08-01,1,,,,,,,,,,,,,,,,,6.5,7.0,5.75,5.75,5.75,5.0
471,Warsaw,2024-08-01,1,,,,,,,,,,,,,,,,,6.5,7.0,5.75,5.75,5.75,5.0
472,Warsaw,2024-08-01,1,,,,,,,,,,,,,,,,,6.5,7.0,5.75,5.75,5.75,5.0
473,Warsaw,2024-08-01,1,,,,,,,,,,,,,,,,,6.5,7.0,5.75,5.75,5.75,5.0
474,Warsaw,2024-08-01,1,,,,,,,,,,,,,,,,,6.5,7.0,5.75,5.75,5.75,5.0
475,Warsaw,2024-08-01,1,,,,,,,,,,,,,,,,,6.5,7.0,5.75,5.75,5.75,5.0
476,Warsaw,2024-08-01,1,,,,,,,,,,,,,,,,,6.5,7.0,5.75,5.75,5.75,5.0
477,Warsaw,2024-08-01,1,502.0,,,,,,,,,,,,,,,,6.5,7.0,5.75,5.75,5.75,5.0
478,Warsaw,2024-08-01,1,,,,,,,,,,,,,,,,,6.5,7.0,5.75,5.75,5.75,5.0
479,Warsaw,2024-08-01,1,,,,,,,,,,,,,,,,,6.5,7.0,5.75,5.75,5.75,5.0
480,Warsaw,2024-08-01,1,,,,,,,,,,,,,,,,,6.5,7.0,5.75,5.75,5.75,5.0
481,Warsaw,2024-08-01,1,,,,,,,,,,,,,,,,,6.5,7.0,5.75,5.75,5.75,5.0
482,Warsaw,2024-08-01,1,,,,,,,,,,,,,,,,,6.5,7.0,5.75,5.75,5.75,5.0
483,Warsaw,2024-08-01,1,,,,,,,,,,,,,,,,,6.5,7.0,5.75,5.75,5.75,5.0
484,Warsaw,2024-08-01,1,,,,,,,,,,,,,,,,,6.5,7.0,5.75,5.75,5.75,5.0
485,Warsaw,2024-08-01,1,,,,,,,,,,,,,,,,,6.5,7.0,5.75,5.75,5.75,5.0
486,Warsaw,2024-08-01,1,,,,,,,,,,,,,,,,,6.5,7.0,5.75,5.75,5.75,5.0
487,Warsaw,2024-08-01,1,,,,,,,,,,,,,,,,,6.5,7.0,5.75,5.75,5.75,5.0
488,Warsaw,2024-08-01,1,,,,,,,,,,,,,,,,,6.5,7.0,5.75,5.75,5.75,5.0
489,Warsaw,2024-08-01,1,,,,,,,,,,,,,,,,,6.5,7.0,5.75,5.75,5.75,5.0
490,Warsaw,2024-08-01,1,,,,,,,,,,,,,,,,,6.5,7.0,5.75,5.75,5.75,5.0
491,Warsaw,2024-08-01,1,,,,,,,,,,,,,,,,,6.5,7.0,5.75,5.75,5.75,5.0
492,Warsaw,2024-08-01,1,,,,,,,,,,,,,,,,,6.5,7.0,5.75,5.75,5.75,5.0
493,Warsaw,2024-08-01,1,,,,,,,,,,,,,,,,,6.5,7.0,5.75,5.75,5.75,5.0
494,Warsaw,2024-08-01,1,,,,,,,,,,,,,,,,,6.5,7.0,5.75,5.75,5.75,5.0
495,Warsaw,2024-08-01,1,,,,,,,,,,,,,,,,,6.5,7.0,5.75,5.75,5.75,5.0
496,Warsaw,2024-08-01,1,,,,,,,,,,,,,,,,,6.5,7.0,5.75,5.75,5.75,5.0
497,Warsaw,2024-08-01,1,,,,,,,,,,,,,,,,,6.5,7.0,5.75,5.75,5.75,5.0
498,Warsaw,2024-08-01,1,,,,,,,,,,,,,,,,,6.5,7.0,5.75,5.75,5.75,5.0
499,Warsaw,2024-08-01,1,,,,,,,,,,,,,,,,,6.5,7.0,5.75,5.75,5.75,5.0
500,Warsaw,2024-08-01,1,,,,,,,,,,,,,,,,,6.5,7.0,5.75,5.75,5.75,5.0
501,Warsaw,2024-08-01,1,,,,,,,,,,,,,,,,,6.5,7.0,5.75,5.75,5.75,5.0
502,Warsaw,2024-08-01,1,,,,,,,,,,,,,,,,,6.5,7.0,5.75,5.75,5.75,5.0
503,Warsaw,2024-08-01,1,,,,,,,,,,,,,,,,,6.5,7.0,5.75,5.75,5.75,5.0
504,Warsaw,2024-08-01,1,,,,,,,,,,,,,,,,,6.5,7.0,5.75,5.75,5.75,5.0
505,Warsaw,2024-08-01,1,,,,,,,,,,,,,,,,,6.5,7.0,5.75,5.75,5.75,5.0
506,Warsaw,2024-08-01,1,,,,,,,,,,,,,,,,,6.5,7.0,5.75,5.75,5.75,5.0
507,Warsaw,2024-08-01,1,,,,,,,,,,,,,,,,,6.5,7.0,5.75,5.75,5.75,5.0
508,Warsaw,2024-08-01,1,,,,,,,,,,,,,,,,,6.5,7.0,5.75,5.75,5.75,5.0
509,Warsaw,2024-08-01,1,,,,,,,,,,,,,,,,,6.5,7.0,5.75,5.75,5.75,5.0
510,Warsaw,2024-08-01,1,,,,,,,,,,,,,,,,,6.5,7.0,5.75,5.75,5.75,5.0
511,Warsaw,2024-08-01,1,,,,,,,,,,,,,,,,,6.5,7.0,5.75,5.75,5.75,5.0
512,Warsaw,2024-08-01,1,,,,,,,,,,,,,,,,,6.5,7.0,5.75,5.75,5.75,5.0
513,Warsaw,2024-08-01,1,,,,,,,,,,,,,,,,,6.5,7.0,5.75,5.75,5.75,5.0
514,Warsaw,2024-08-01,1,,,,,,,,,,,,,,,,,6.5,7.0,5.75,5.75,5.75,5.0
515,Warsaw,2024-08-01,1,,,,,,,,,,,,,,,,,6.5,7.0,5.75,5.75,5.75,5.0
516,Warsaw,2024-08-01,1,,,,,,,,,,,,,,,,,6.5,7.0,5.75,5.75,5.75,5.0
517,Warsaw,2024-08-01,1,,,,,,,,,,,,,,,,,6.5,7.0,5.75,5.75,5.75,5.0
518,Warsaw,2024-08-01,1,,,,,,,,,,,,,,,,,6.5,7.0,5.75,5.75,5.75,5.0
519,Warsaw,2024-08-01,1,,,,,,,,,,,,,,,,,6.5,7.0,5.75,5.75,5.75,5.0
520,Warsaw,2024-08-01,1,,,,,,,,,,,,,,,,,6.5,7.0,5.75,5.75,5.75,5.0
521,Warsaw,2024-08-01,1,,,,,,,,,,,,,,,,,6.5,7.0,5.75,5.75,5.75,5.0
522,Warsaw,2024-08-01,1,,,,,,,,,,,,,,,,,6.5,7.0,5.75,5.75,5.75,5.0
523,Warsaw,2024-08-01,1,,,,,,,,,,,,,,,,,6.5,7.0,5.75,5.75,5.75,5.0
524,Warsaw,2024-08-01,1,,,,,,,,,,,,,,,,,6.5,7.0,5.75,5.75,5.75,5.0
525,Warsaw,2024-08-01,1,,,,,,,,,,,,,,,,,6.5,7.0,5.75,5.75,5.75,5.0
526,Warsaw,2024-08-01,1,,,,,,,,,,,,,,,,,6.5,7.0,5.75,5.75,5.75,5.0
527,Warsaw,2024-08-01,1,,,,,,,,,,,,,,,,,6.5,7.0,5.75,5.75,5.75,5.0
528,Warsaw,2024-08-01,1,500.0,,,,,,,,,,,,,,,,6.5,7.0,5.75,5.75,5.75,5.0
529,Warsaw,2024-08-01,1,,,,,,,,,,,,,,,,,6.5,7.0,5.75,5.75,5.75,5.0
530,Warsaw,2024-08-01,1,,,,,,,,,,,,,,,,,6.5,7.0,5.75,5.75,5.75,5.0
531,Warsaw,2024-08-01,1,,,,,,,,,,,,,,,,,6.5,7.0,5.75,5.75,5.75,5.0
532,Warsaw,2024-08-01,1,,,,,,,,,,,,,,,,,6.5,7.0,5.75,5.75,5.75,5.0
533,Warsaw,2024-08-01,1,,,,,,,,,,,,,,,,,6.5,7.0,5.75,5.75,5.75,5.0
534,Warsaw,2024-08-01,1,,,,,,,,,,,,,,,,,6.5,7.0,5.75,5.75,5.75,5.0
535,Warsaw,2024-08-01,1,,,,,,,,,,,,,,,,,6.5,7.0,5.75,5.75,5.75,5.0
536,Warsaw,2024-08-01,1,,,,,,,,,,,,,,,,,6.5,7.0,5.75,5.75,5.75,5.0
537,Warsaw,2024-08-01,1,,,,,,,,,,,,,,,,,6.5,7.0,5.75,5.75,5.75,5.0
538,Warsaw,2024-08-01,1,,,,,,,,,,,,,,,,,6.5,7.0,5.75,5.75,5.75,5.0
539,Warsaw,2024-08-01,1,,,,,,,,,,,,,,,,,6.5,7.0,5.75,5.75,5.75,5.0
540,Warsaw,2024-08-01,1,,,,,,,,,,,,,,,,,6.5,7.0,5.75,5.75,5.75,5.0
541,Warsaw,2024-08-01,1,,,,,,,,,,,,,,,,,6.5,7.0,5.75,5.75,5.75,5.0
542,Warsaw,2024-08-01,1,,,,,,,,,,,,,,,,,6.5,7.0,5.75,5.75,5.75,5.0
543,Warsaw,2024-08-01,1,,,,,,,,,,,,,,,,,6.5,7.0,5.75,5.75,5.75,5.0
544,Warsaw,2024-08-01,1,,,,,,,,,,,,,,,,,6.5,7.0,5.75,5.75,5.75,5.0
545,Warsaw,2024-08-01,1,,,,,,,,,,,,,,,,,6.5,7.0,5.75,5.75,5.75,5.0
546,Warsaw,2024-08-01,1,,,,,,,,,,,,,,,,,6.5,7.0,5.75,5.75,5.75,5.0
547,Warsaw,2024-08-01,1,,,,,,,,,,,,,,,,,6.5,7.0,5.75,5.75,5.75,5.0
548,Warsaw,2024-08-01,1,,,,,,,,,,,,,,,,,6.5,7.0,5.75,5.75,5.75,5.0
549,Warsaw,2024-08-01,1,,,,,,,,,,,,,,,,,6.5,7.0,5.75,5.75,5.75,5.0
550,Warsaw,2024-08-01,1,,,,,,,,,,,,,,,,,6.5,7.0,5.75,5.75,5.75,5.0
551,Warsaw,2024-08-01,1,,,,,,,,,,,,,,,,,6.5,7.0,5.75,5.75,5.75,5.0
552,Warsaw,2024-08-01,1,,,,,,,,,,,,,,,,,6.5,7.0,5.75,5.75,5.75,5.0
553,Warsaw,2024-08-01,1,,,,,,,,,,,,,,,,,6.5,7.0,5.75,5.75,5.75,5.0
554,Warsaw,2024-08-01,1,,,,,,,,,,,,,,,,,6.5,7.0,5.75,5.75,5.75,5.0
555,Warsaw,2024-08-01,1,,,,,,,,,,,,,,,,,6.5,7.0,5.75,5.75,5.75,5.0
556,Warsaw,2024-08-01,1,,,,,,,,,,,,,,,,,6.5,7.0,5.75,5.75,5.75,5.0
557,Warsaw,2024-08-01,1,,,,,,,,,,,,,,,,,6.5,7.0,5.75,5.75,5.75,5.0
558,Warsaw,2024-08-01,1,,,,,,,,,,,,,,,,,6.5,7.0,5.75,5.75,5.75,5.0
559,Warsaw,2024-08-01,1,,,,,,,,,,,,,,,,,6.5,7.0,5.75,5.75,5.75,5.0
560,Warsaw,2024-08-01,1,,,,,,,,,,,,,,,,,6.5,7.0,5.75,5.75,5.75,5.0
561,Warsaw,2024-08-01,1,,,,,,,,,,,,,,,,,6.5,7.0,5.75,5.75,5.75,5.0
562,Warsaw,2024-08-01,1,,,,,,,,,,,,,,,,,6.5,7.0,5.75,5.75,5.75,5.0
563,Warsaw,2024-08-01,1,,,,,,,,,,,,,,,,,6.5,7.0,5.75,5.75,5.75,5.0
564,Warsaw,2024-08-01,1,,,,,,,,,,,,,,,,,6.5,7.0,5.75,5.75,5.75,5.0
565,Warsaw,2024-08-01,1,,,,,,,,,,,,,,,,,6.5,7.0,5.75,5.75,5.75,5.0
566,Warsaw,2024-08-01,1,,,,,,,,,,,,,,,,,6.5,7.0,5.75,5.75,5.75,5.0
567,Warsaw,2024-08-01,1,,,,,,,,,,,,,,,,,6.5,7.0,5.75,5.75,5.75,5.0
568,Warsaw,2024-08-01,1,,,,,,,,,,,,,,,,,6.5,7.0,5.75,5.75,5.75,5.0
569,Warsaw,2024-08-01,1,,,,,,,,,,,,,,,,,6.5,7.0,5.75,5.75,5.75,5.0
570,Warsaw,2024-08-01,1,,,,,,,,,,,,,,,,,6.5,7.0,5.75,5.75,5.75,5.0
571,Warsaw,2024-08-01,1,,,,,,,,,,,,,,,,,6.5,7.0,5.75,5.75,5.75,5.0
572,Warsaw,2024-08-01,1,,,,,,,,,,,,,,,,,6.5,7.0,5.75,5.75,5.75,5.0
573,Warsaw,2024-08-01,1,,,,,,,,,,,,,,,,,6.5,7.0,5.75,5.75,5.75,5.0
574,Warsaw,2024-08-01,1,,,,,,,,,,,,,,,,,6.5,7.0,5.75,5.75,5.75,5.0
575,Warsaw,2024-08-01,1,,,,,,,,,,,,,,,,,6.5,7.0,5.75,5.75,5.75,5.0
576,Warsaw,2024-08-01,1,,,,,,,,,,,,,,,,,6.5,7.0,5.75,5.75,5.75,5.0
577,Warsaw,2024-08-01,1,,,,,,,,,,,,,,,,,6.5,7.0,5.75,5.75,5.75,5.0
578,Warsaw,2024-08-01,1,,,,,,,,,,,,,,,,,6.5,7.0,5.75,5.75,5.75,5.0
579,Warsaw,2024-08-01,1,,,,,,,,,,,,,,,,,6.5,7.0,5.75,5.75,5.75,5.0
580,Warsaw,2024-08-01,1,,,,,,,,,,,,,,,,,6.5,7.0,5.75,5.75,5.75,5.0
581,Warsaw,2024-08-01,1,,,,,,,,,,,,,,,,,6.5,7.0,5.75,5.75,5.75,5.0
582,Warsaw,2024-08-01,1,,,,,,,,,,,,,,,,,6.5,7.0,5.75,5.75,5.75,5.0
583,Warsaw,2024-08-01,1,,,,,,,,,,,,,,,,,6.5,7.0,5.75,5.75,5.75,5.0
584,Warsaw,2024-08-01,1,,,,,,,,,,,,,,,,,6.5,7.0,5.75,5.75,5.75,5.0
585,Warsaw,2024-08-01,1,,,,,,,,,,,,,,,,,6.5,7.0,5.75,5.75,5.75,5.0
586,Warsaw,2024-08-01,1,,,,,,,,,,,,,,,,,6.5,7.0,5.75,5.75,5.75,5.0
587,Warsaw,2024-08-01,1,,,,,,,,,,,,,,,,,6.5,7.0,5.75,5.75,5.75,5.0
588,Warsaw,2024-08-01,1,,,,,,,,,,,,,,,,,6.5,7.0,5.75,5.75,5.75,5.0
589,Warsaw,2024-08-01,1,,,,,,,,,,,,,,,,,6.5,7.0,5.75,5.75,5.75,5.0
590,Warsaw,2024-08-01,1,,,,,,,,,,,,,,,,,6.5,7.0,5.75,5.75,5.75,5.0
591,Warsaw,2024-08-01,1,836.0,4.33,6,,,,,,,,,,,,,,6.5,7.0,5.75,5.75,5.75,5.0
592,Warsaw,2024-08-01,1,,,,,,,,,,,,,,,,,6.5,7.0,5.75,5.75,5.75,5.0
593,Warsaw,2024-08-01,1,,,,,,,,,,,,,,,,,6.5,7.0,5.75,5.75,5.75,5.0
594,Warsaw,2024-08-01,1,,,,,,,,,,,,,,,,,6.5,7.0,5.75,5.75,5.75,5.0
595,Warsaw,2024-08-01,1,,,,,,,,,,,,,,,,,6.5,7.0,5.75,5.75,5.75,5.0
596,Warsaw,2024-08-01,1,,,,,,,,,,,,,,,,,6.5,7.0,5.75,5.75,5.75,5.0
597,Warsaw,2024-08-01,1,,,,,,,,,,,,,,,,,6.5,7.0,5.75,5.75,5.75,5.0
598,Warsaw,2024-08-01,1,,,,,,,,,,,,,,,,,6.5,7.0,5.75,5.75,5.75,5.0
599,Warsaw,2024-08-01,1,,,,,,,,,,,,,,,,,6.5,7.0,5.75,5.75,5.75,5.0
600,Warsaw,2024-08-01,1,,,,,,,,,,,,,,,,,6.5,7.0,5.75,5.75,5.75,5.0
601,Warsaw,2024-08-01,1,,,,,,,,,,,,,,,,,6.5,7.0,5.75,5.75,5.75,5.0
602,Warsaw,2024-08-01,1,,,,,,,,,,,,,,,,,6.5,7.0,5.75,5.75,5.75,5.0
603,Warsaw,2024-08-01,1,,,,,,,,,,,,,,,,,6.5,7.0,5.75,5.75,5.75,5.0
604,Warsaw,2024-08-01,1,,,,,,,,,,,,,,,,,6.5,7.0,5.75,5.75,5.75,5.0
605,Warsaw,2024-08-01,1,,,,,,,,,,,,,,,,,6.5,7.0,5.75,5.75,5.75,5.0
606,Warsaw,2024-08-01,1,,,,,,,,,,,,,,,,,6.5,7.0,5.75,5.75,5.75,5.0
607,Warsaw,2024-08-01,1,,,,,,,,,,,,,,,,,6.5,7.0,5.75,5.75,5.75,5.0
608,Warsaw,2024-08-01,1,,,,,,,,,,,,,,,,,6.5,7.0,5.75,5.75,5.75,5.0
609,Warsaw,2024-08-01,1,,,,,,,,,,,,,,,,,6.5,7.0,5.75,5.75,5.75,5.0
610,Warsaw,2024-08-01,1,,,,,,,,,,,,,,,,,6.5,7.0,5.75,5.75,5.75,5.0
611,Warsaw,2024-08-01,1,,,,,,,,,,,,,,,,,6.5,7.0,5.75,5.75,5.75,5.0
612,Warsaw,2024-08-01,1,,,,,,,,,,,,,,,,,6.5,7.0,5.75,5.75,5.75,5.0
613,Warsaw,2024-08-01,1,,,,,,,,,,,,,,,,,6.5,7.0,5.75,5.75,5.75,5.0
614,Warsaw,2024-08-01,1,,,,,,,,,,,,,,,,,6.5,7.0,5.75,5.75,5.75,5.0
615,Warsaw,2024-08-01,1,,,,,,,,,,,,,,,,,6.5,7.0,5.75,5.75,5.75,5.0
616,Warsaw,2024-08-01,1,,,,,,,,,,,,,,,,,6.5,7.0,5.75,5.75,5.75,5.0
617,Warsaw,2024-08-01,1,,,,,,,,,,,,,,,,,6.5,7.0,5.75,5.75,5.75,5.0
618,Warsaw,2024-08-01,1,,,,,,,,,,,,,,,,,6.5,7.0,5.75,5.75,5.75,5.0
619,Warsaw,2024-08-01,1,,,,,,,,,,,,,,,,,6.5,7.0,5.75,5.75,5.75,5.0
620,Warsaw,2024-08-01,1,,,,,,,,,,,,,,,,,6.5,7.0,5.75,5.75,5.75,5.0
621,Warsaw,2024-08-01,1,,,,,,,,,,,,,,,,,6.5,7.0,5.75,5.75,5.75,5.0
622,Warsaw,2024-08-01,1,,,,,,,,,,,,,,,,,6.5,7.0,5.75,5.75,5.75,5.0
623,Warsaw,2024-08-01,1,,,,,,,,,,,,,,,,,6.5,7.0,5.75,5.75,5.75,5.0
624,Warsaw,2024-08-01,1,,,,,,,,,,,,,,,,,6.5,7.0,5.75,5.75,5.75,5.0
625,Warsaw,2024-08-01,1,,,,,,,,,,,,,,,,,6.5,7.0,5.75,5.75,5.75,5.0
626,Warsaw,2024-08-01,1,,,,,,,,,,,,,,,,,6.5,7.0,5.75,5.75,5.75,5.0
627,Warsaw,2024-08-01,1,,,,,,,,,,,,,,,,,6.5,7.0,5.75,5.75,5.75,5.0
628,Warsaw,2024-08-01,1,,,,,,,,,,,,,,,,,6.5,7.0,5.75,5.75,5.75,5.0
629,Warsaw,2024-08-01,1,,,,,,,,,,,,,,,,,6.5,7.0,5.75,5.75,5.75,5.0
630,Warsaw,2024-08-01,1,,,,,,,,,,,,,,,,,6.5,7.0,5.75,5.75,5.75,5.0
631,Warsaw,2024-08-01,1,,,,,,,,,,,,,,,,,6.5,7.0,5.75,5.75,5.75,5.0
632,Warsaw,2024-08-01,1,,,,,,,,,,,,,,,,,6.5,7.0,5.75,5.75,5.75,5.0
633,Warsaw,2024-08-01,1,,,,,,,,,,,,,,,,,6.5,7.0,5.75,5.75,5.75,5.0
634,Warsaw,2024-08-01,1,,,,,,,,,,,,,,,,,6.5,7.0,5.75,5.75,5.75,5.0
635,Warsaw,2024-08-01,1,,,,,,,,,,,,,,,,,6.5,7.0,5.75,5.75,5.75,5.0
636,Warsaw,2024-08-01,1,,,,,,,,,,,,,,,,,6.5,7.0,5.75,5.75,5.75,5.0
637,Warsaw,2024-08-01,1,,,,,,,,,,,,,,,,,6.5,7.0,5.75,5.75,5.75,5.0
638,Warsaw,2024-08-01,1,,,,,,,,,,,,,,,,,6.5,7.0,5.75,5.75,5.75,5.0
639,Warsaw,2024-08-01,1,,,,,,,,,,,,,,,,,6.5,7.0,5.75,5.75,5.75,5.0
640,Warsaw,2024-08-01,1,,,,,,,,,,,,,,,,,6.5,7.0,5.75,5.75,5.75,5.0
641,Warsaw,2024-08-01,1,,,,,,,,,,,,,,,,,6.5,7.0,5.75,5.75,5.75,5.0
642,Warsaw,2024-08-01,1,,,,,,,,,,,,,,,,,6.5,7.0,5.75,5.75,5.75,5.0
643,Warsaw,2024-08-01,1,,,,,,,,,,,,,,,,,6.5,7.0,5.75,5.75,5.75,5.0
644,Warsaw,2024-08-01,1,,,,,,,,,,,,,,,,,6.5,7.0,5.75,5.75,5.75,5.0
645,Warsaw,2024-08-01,1,,,,,,,,,,,,,,,,,6.5,7.0,5.75,5.75,5.75,5.0
646,Warsaw,2024-08-01,1,,,,,,,,,,,,,,,,,6.5,7.0,5.75,5.75,5.75,5.0
647,Warsaw,2024-08-01,1,1672.0,,,,,,,,,,,,,,,,6.5,7.0,5.75,5.75,5.75,5.0
648,Warsaw,2024-08-01,1,,,,,,,,,,,,,,,,,6.5,7.0,5.75,5.75,5.75,5.0
649,Warsaw,2024-08-01,1,,,,,,,,,,,,,,,,,6.5,7.0,5.75,5.75,5.75,5.0
650,Warsaw,2024-08-01,1,,,,,,,,,,,,,,,,,6.5,7.0,5.75,5.75,5.75,5.0
651,Warsaw,2024-08-01,1,,,,,,,,,,,,,,,,,6.5,7.0,5.75,5.75,5.75,5.0
652,Warsaw,2024-08-01,1,,,,,,,,,,,,,,,,,6.5,7.0,5.75,5.75,5.75,5.0
653,Warsaw,2024-08-01,1,,,,,,,,,,,,,,,,,6.5,7.0,5.75,5.75,5.75,5.0
654,Warsaw,2024-08-01,1,,,,,,,,,,,,,,,,,6.5,7.0,5.75,5.75,5.75,5.0
655,Warsaw,2024-08-01,1,,,,,,,,,,,,,,,,,6.5,7.0,5.75,5.75,5.75,5.0
656,Warsaw,2024-08-01,1,,,,,,,,,,,,,,,,,6.5,7.0,5.75,5.75,5.75,5.0
657,Warsaw,2024-08-01,1,,,,,,,,,,,,,,,,,6.5,7.0,5.75,5.75,5.75,5.0
658,Warsaw,2024-08-01,1,,,,,,,,,,,,,,,,,6.5,7.0,5.75,5.75,5.75,5.0
659,Warsaw,2024-08-01,1,,,,,,,,,,,,,,,,,6.5,7.0,5.75,5.75,5.75,5.0
660,Warsaw,2024-08-01,1,,,,,,,,,,,,,,,,,6.5,7.0,5.75,5.75,5.75,5.0
661,Warsaw,2024-08-01,1,,,,,,,,,,,,,,,,,6.5,7.0,5.75,5.75,5.75,5.0
662,Warsaw,2024-08-01,1,,,,,,,,,,,,,,,,,6.5,7.0,5.75,5.75,5.75,5.0
663,Warsaw,2024-08-01,1,,,,,,,,,,,,,,,,,6.5,7.0,5.75,5.75,5.75,5.0
664,Warsaw,2024-08-01,1,,,,,,,,,,,,,,,,,6.5,7.0,5.75,5.75,5.75,5.0
665,Warsaw,2024-08-01,1,,,,,,,,,,,,,,,,,6.5,7.0,5.75,5.75,5.75,5.0
666,Warsaw,2024-08-01,1,,,,,,,,,,,,,,,,,6.5,7.0,5.75,5.75,5.75,5.0
667,Warsaw,2024-08-01,1,,,,,,,,,,,,,,,,,6.5,7.0,5.75,5.75,5.75,5.0
668,Warsaw,2024-08-01,1,,,,,,,,,,,,,,,,,6.5,7.0,5.75,5.75,5.75,5.0
669,Warsaw,2024-08-01,1,,,,,,,,,,,,,,,,,6.5,7.0,5.75,5.75,5.75,5.0
670,Warsaw,2024-08-01,1,,,,,,,,,,,,,,,,,6.5,7.0,5.75,5.75,5.75,5.0
671,Warsaw,2024-08-01,1,,,,,,,,,,,,,,,,,6.5,7.0,5.75,5.75,5.75,5.0
672,Warsaw,2024-08-01,1,,,,,,,,,,,,,,,,,6.5,7.0,5.75,5.75,5.75,5.0
673,Warsaw,2024-08-01,1,,,,,,,,,,,,,,,,,6.5,7.0,5.75,5.75,5.75,5.0
674,Warsaw,2024-08-01,1,,,,,,,,,,,,,,,,,6.5,7.0,5.75,5.75,5.75,5.0
675,Warsaw,2024-08-01,1,,,,,,,,,,,,,,,,,6.5,7.0,5.75,5.75,5.75,5.0
676,Warsaw,2024-08-01,1,,,,,,,,,,,,,,,,,6.5,7.0,5.75,5.75,5.75,5.0
677,Warsaw,2024-08-01,1,,,,,,,,,,,,,,,,,6.5,7.0,5.75,5.75,5.75,5.0
678,Warsaw,2024-08-01,1,,,,,,,,,,,,,,,,,6.5,7.0,5.75,5.75,5.75,5.0
679,Warsaw,2024-08-01,1,,,,,,,,,,,,,,,,,6.5,7.0,5.75,5.75,5.75,5.0
680,Warsaw,2024-08-01,1,,,,,,,,,,,,,,,,,6.5,7.0,5.75,5.75,5.75,5.0
681,Warsaw,2024-08-01,1,,,,,,,,,,,,,,,,,6.5,7.0,5.75,5.75,5.75,5.0
682,Warsaw,2024-08-01,1,,,,,,,,,,,,,,,,,6.5,7.0,5.75,5.75,5.75,5.0
683,Warsaw,2024-08-01,1,,,,,,,,,,,,,,,,,6.5,7.0,5.75,5.75,5.75,5.0
684,Warsaw,2024-08-01,1,,,,,,,,,,,,,,,,,6.5,7.0,5.75,5.75,5.75,5.0
685,Warsaw,2024-08-01,1,,,,,,,,,,,,,,,,,6.5,7.0,5.75,5.75,5.75,5.0
686,Warsaw,2024-08-01,1,,,,,,,,,,,,,,,,,6.5,7.0,5.75,5.75,5.75,5.0
687,Warsaw,2024-08-01,1,,,,,,,,,,,,,,,,,6.5,7.0,5.75,5.75,5.75,5.0
688,Warsaw,2024-08-01,1,,,,,,,,,,,,,,,,,6.5,7.0,5.75,5.75,5.75,5.0
689,Warsaw,2024-08-01,1,,,,,,,,,,,,,,,,,6.5,7.0,5.75,5.75,5.75,5.0
690,Warsaw,2024-08-01,1,,,,,,,,,,,,,,,,,6.5,7.0,5.75,5.75,5.75,5.0
691,Warsaw,2024-08-01,1,,,,,,,,,,,,,,,,,6.5,7.0,5.75,5.75,5.75,5.0
692,Warsaw,2024-08-01,1,,,,,,,,,,,,,,,,,6.5,7.0,5.75,5.75,5.75,5.0
693,Warsaw,2024-08-01,1,,,,,,,,,,,,,,,,,6.5,7.0,5.75,5.75,5.75,5.0
694,Warsaw,2024-08-01,1,,,,,,,,,,,,,,,,,6.5,7.0,5.75,5.75,5.75,5.0
695,Warsaw,2024-08-01,1,,,,,,,,,,,,,,,,,6.5,7.0,5.75,5.75,5.75,5.0
696,Warsaw,2024-08-01,1,,,,,,,,,,,,,,,,,6.5,7.0,5.75,5.75,5.75,5.0
697,Warsaw,2024-08-01,1,,,,,,,,,,,,,,,,,6.5,7.0,5.75,5.75,5.75,5.0
698,Warsaw,2024-08-01,1,,,,,,,,,,,,,,,,,6.5,7.0,5.75,5.75,5.75,5.0
699,Warsaw,2024-08-01,1,,,,,,,,,,,,,,,,,6.5,7.0,5.75,5.75,5.75,5.0
700,Warsaw,2024-08-01,1,,,,,,,,,,,,,,,,,6.5,7.0,5.75,5.75,5.75,5.0
701,Warsaw,2024-08-01,1,,,,,,,,,,,,,,,,,6.5,7.0,5.75,5.75,5.75,5.0
702,Warsaw,2024-08-01,1,,,,,,,,,,,,,,,,,6.5,7.0,5.75,5.75,5.75,5.0
703,Warsaw,2024-08-01,1,,,,,,,,,,,,,,,,,6.5,7.0,5.75,5.75,5.75,5.0
704,Warsaw,2024-08-01,1,,,,,,,,,,,,,,,,,6.5,7.0,5.75,5.75,5.75,5.0
705,Warsaw,2024-08-01,1,,,,,,,,,,,,,,,,,6.5,7.0,5.75,5.75,5.75,5.0
706,Warsaw,2024-08-01,1,,,,,,,,,,,,,,,,,6.5,7.0,5.75,5.75,5.75,5.0
707,Warsaw,2024-08-01,1,,,,,,,,,,,,,,,,,6.5,7.0,5.75,5.75,5.75,5.0
708,Warsaw,2024-08-01,1,,,,,,,,,,,,,,,,,6.5,7.0,5.75,5.75,5.75,5.0
709,Warsaw,2024-08-01,1,,,,,,,,,,,,,,,,,6.5,7.0,5.75,5.75,5.75,5.0
710,Warsaw,2024-08-01,1,,,,,,,,,,,,,,,,,6.5,7.0,5.75,5.75,5.75,5.0
711,Warsaw,2024-08-01,1,,,,,,,,,,,,,,,,,6.5,7.0,5.75,5.75,5.75,5.0
712,Warsaw,2024-08-01,1,,,,,,,,,,,,,,,,,6.5,7.0,5.75,5.75,5.75,5.0
713,Warsaw,2024-08-01,1,,,,,,,,,,,,,,,,,6.5,7.0,5.75,5.75,5.75,5.0
714,Warsaw,2024-08-01,1,,,,,,,,,,,,,,,,,6.5,7.0,5.75,5.75,5.75,5.0
715,Warsaw,2024-08-01,1,,,,,,,,,,,,,,,,,6.5,7.0,5.75,5.75,5.75,5.0
716,Warsaw,2024-08-01,1,,,,,,,,,,,,,,,,,6.5,7.0,5.75,5.75,5.75,5.0
717,Warsaw,2024-08-01,1,,,,,,,,,,,,,,,,,6.5,7.0,5.75,5.75,5.75,5.0
718,Warsaw,2024-08-01,1,,,,,,,,,,,,,,,,,6.5,7.0,5.75,5.75,5.75,5.0
719,Warsaw,2024-08-01,1,,,,,,,,,,,,,,,,,6.5,7.0,5.75,5.75,5.75,5.0
720,Warsaw,2024-08-01,1,,,,,,,,,,,,,,,,,6.5,7.0,5.75,5.75,5.75,5.0
721,Warsaw,2024-08-01,1,,,,,,,,,,,,,,,,,6.5,7.0,5.75,5.75,5.75,5.0
722,Warsaw,2024-08-01,1,,,,,,,,,,,,,,,,,6.5,7.0,5.75,5.75,5.75,5.0
723,Warsaw,2024-08-01,1,,,,,,,,,,,,,,,,,6.5,7.0,5.75,5.75,5.75,5.0
724,Warsaw,2024-08-01,1,,,,,,,,,,,,,,,,,6.5,7.0,5.75,5.75,5.75,5.0
725,Warsaw,2024-08-01,1,,,,,,,,,,,,,,,,,6.5,7.0,5.75,5.75,5.75,5.0
726,Warsaw,2024-08-01,1,,,,,,,,,,,,,,,,,6.5,7.0,5.75,5.75,5.75,5.0
727,Warsaw,2024-08-01,1,,,,,,,,,,,,,,,,,6.5,7.0,5.75,5.75,5.75,5.0
728,Warsaw,2024-08-01,1,,,,,,,,,,,,,,,,,6.5,7.0,5.75,5.75,5.75,5.0
729,Warsaw,2024-08-01,1,,,,,,,,,,,,,,,,,6.5,7.0,5.75,5.75,5.75,5.0
730,Warsaw,2024-08-01,1,,,,,,,,,,,,,,,,,6.5,7.0,5.75,5.75,5.75,5.0
731,Warsaw,2024-08-01,1,,,,,,,,,,,,,,,,,6.5,7.0,5.75,5.75,5.75,5.0
732,Warsaw,2024-08-01,1,,,,,,,,,,,,,,,,,6.5,7.0,5.75,5.75,5.75,5.0
733,Warsaw,2024-08-01,1,,,,,,,,,,,,,,,,,6.5,7.0,5.75,5.75,5.75,5.0
734,Warsaw,2024-08-01,1,,,,,,,,,,,,,,,,,6.5,7.0,5.75,5.75,5.75,5.0
735,Warsaw,2024-08-01,1,,,,,,,,,,,,,,,,,6.5,7.0,5.75,5.75,5.75,5.0
736,Warsaw,2024-08-01,1,,,,,,,,,,,,,,,,,6.5,7.0,5.75,5.75,5.75,5.0
737,Warsaw,2024-08-01,1,,,,,,,,,,,,,,,,,6.5,7.0,5.75,5.75,5.75,5.0
738,Warsaw,2024-08-01,1,,,,,,,,,,,,,,,,,6.5,7.0,5.75,5.75,5.75,5.0
739,Warsaw,2024-08-01,1,,,,,,,,,,,,,,,,,6.5,7.0,5.75,5.75,5.75,5.0
740,Warsaw,2024-08-01,1,,,,,,,,,,,,,,,,,6.5,7.0,5.75,5.75,5.75,5.0
741,Warsaw,2024-08-01,1,283.0,,,,,,,,,,,,,,,,6.5,7.0,5.75,5.75,5.75,5.0
742,Warsaw,2024-08-01,1,,,,,,,,,,,,,,,,,6.5,7.0,5.75,5.75,5.75,5.0
743,Warsaw,2024-08-01,1,,,,,,,,,,,,,,,,,6.5,7.0,5.75,5.75,5.75,5.0
744,Warsaw,2024-08-01,1,,,,,,,,,,,,,,,,,6.5,7.0,5.75,5.75,5.75,5.0
745,Warsaw,2024-08-01,1,,,,,,,,,,,,,,,,,6.5,7.0,5.75,5.75,5.75,5.0
746,Warsaw,2024-08-01,1,,,,,,,,,,,,,,,,,6.5,7.0,5.75,5.75,5.75,5.0
747,Warsaw,2024-08-01,1,,,,,,,,,,,,,,,,,6.5,7.0,5.75,5.75,5.75,5.0
748,Warsaw,2024-08-01,1,,,,,,,,,,,,,,,,,6.5,7.0,5.75,5.75,5.75,5.0
749,Warsaw,2024-08-01,1,,,,,,,,,,,,,,,,,6.5,7.0,5.75,5.75,5.75,5.0
750,Warsaw,2024-08-01,1,,,,,,,,,,,,,,,,,6.5,7.0,5.75,5.75,5.75,5.0
751,Warsaw,2024-08-01,1,,,,,,,,,,,,,,,,,6.5,7.0,5.75,5.75,5.75,5.0
752,Warsaw,2024-08-01,1,,,,,,,,,,,,,,,,,6.5,7.0,5.75,5.75,5.75,5.0
753,Warsaw,2024-08-01,1,,,,,,,,,,,,,,,,,6.5,7.0,5.75,5.75,5.75,5.0
754,Warsaw,2024-08-01,1,,,,,,,,,,,,,,,,,6.5,7.0,5.75,5.75,5.75,5.0
755,Warsaw,2024-08-01,1,,,,,,,,,,,,,,,,,6.5,7.0,5.75,5.75,5.75,5.0
756,Warsaw,2024-08-01,1,,,,,,,,,,,,,,,,,6.5,7.0,5.75,5.75,5.75,5.0
757,Warsaw,2024-08-01,1,,,,,,,,,,,,,,,,,6.5,7.0,5.75,5.75,5.75,5.0
758,Warsaw,2024-08-01,1,,,,,,,,,,,,,,,,,6.5,7.0,5.75,5.75,5.75,5.0
759,Warsaw,2024-08-01,1,,,,,,,,,,,,,,,,,6.5,7.0,5.75,5.75,5.75,5.0
760,Warsaw,2024-08-01,1,,,,,,,,,,,,,,,,,6.5,7.0,5.75,5.75,5.75,5.0
761,Warsaw,2024-08-01,1,,,,,,,,,,,,,,,,,6.5,7.0,5.75,5.75,5.75,5.0
762,Warsaw,2024-08-01,1,,,,,,,,,,,,,,,,,6.5,7.0,5.75,5.75,5.75,5.0
763,Warsaw,2024-08-01,1,,,,,,,,,,,,,,,,,6.5,7.0,5.75,5.75,5.75,5.0
764,Warsaw,2024-08-01,1,,,,,,,,,,,,,,,,,6.5,7.0,5.75,5.75,5.75,5.0
765,Warsaw,2024-08-01,1,,,,,,,,,,,,,,,,,6.5,7.0,5.75,5.75,5.75,5.0
766,Warsaw,2024-08-01,1,,,,,,,,,,,,,,,,,6.5,7.0,5.75,5.75,5.75,5.0
767,Warsaw,2024-08-01,1,,,,,,,,,,,,,,,,,6.5,7.0,5.75,5.75,5.75,5.0
768,Warsaw,2024-08-01,1,,,,,,,,,,,,,,,,,6.5,7.0,5.75,5.75,5.75,5.0
769,Warsaw,2024-08-01,1,,,,,,,,,,,,,,,,,6.5,7.0,5.75,5.75,5.75,5.0
770,Warsaw,2024-08-01,1,,,,,,,,,,,,,,,,,6.5,7.0,5.75,5.75,5.75,5.0
771,Warsaw,2024-08-01,1,,,,,,,,,,,,,,,,,6.5,7.0,5.75,5.75,5.75,5.0
772,Warsaw,2024-08-01,1,,,,,,,,,,,,,,,,,6.5,7.0,5.75,5.75,5.75,5.0
773,Warsaw,2024-08-01,1,,,,,,,,,,,,,,,,,6.5,7.0,5.75,5.75,5.75,5.0
774,Warsaw,2024-08-01,1,,,,,,,,,,,,,,,,,6.5,7.0,5.75,5.75,5.75,5.0
775,Warsaw,2024-08-01,1,,,,,,,,,,,,,,,,,6.5,7.0,5.75,5.75,5.75,5.0
776,Warsaw,2024-08-01,1,,,,,,,,,,,,,,,,,6.5,7.0,5.75,5.75,5.75,5.0
777,Warsaw,2024-08-01,1,,,,,,,,,,,,,,,,,6.5,7.0,5.75,5.75,5.75,5.0
778,Warsaw,2024-08-01,1,,,,,,,,,,,,,,,,,6.5,7.0,5.75,5.75,5.75,5.0
779,Warsaw,2024-08-01,1,,,,,,,,,,,,,,,,,6.5,7.0,5.75,5.75,5.75,5.0
780,Warsaw,2024-08-01,1,,,,,,,,,,,,,,,,,6.5,7.0,5.75,5.75,5.75,5.0
781,Warsaw,2024-08-01,1,,,,,,,,,,,,,,,,,6.5,7.0,5.75,5.75,5.75,5.0
782,Warsaw,2024-08-01,1,,,,,,,,,,,,,,,,,6.5,7.0,5.75,5.75,5.75,5.0
783,Warsaw,2024-08-01,1,,,,,,,,,,,,,,,,,6.5,7.0,5.75,5.75,5.75,5.0
784,Warsaw,2024-08-01,1,,,,,,,,,,,,,,,,,6.5,7.0,5.75,5.75,5.75,5.0
785,Warsaw,2024-08-01,1,,,,,,,,,,,,,,,,,6.5,7.0,5.75,5.75,5.75,5.0
786,Warsaw,2024-08-01,1,,,,,,,,,,,,,,,,,6.5,7.0,5.75,5.75,5.75,5.0
787,Warsaw,2024-08-01,1,,,,,,,,,,,,,,,,,6.5,7.0,5.75,5.75,5.75,5.0
788,Warsaw,2024-08-01,1,,,,,,,,,,,,,,,,,6.5,7.0,5.75,5.75,5.75,5.0
789,Warsaw,2024-08-01,1,,,,,,,,,,,,,,,,,6.5,7.0,5.75,5.75,5.75,5.0
790,Warsaw,2024-08-01,1,,,,,,,,,,,,,,,,,6.5,7.0,5.75,5.75,5.75,5.0
791,Warsaw,2024-08-01,1,,,,,,,,,,,,,,,,,6.5,7.0,5.75,5.75,5.75,5.0
792,Warsaw,2024-08-01,1,,,,,,,,,,,,,,,,,6.5,7.0,5.75,5.75,5.75,5.0
793,Warsaw,2024-08-01,1,,,,,,,,,,,,,,,,,6.5,7.0,5.75,5.75,5.75,5.0
794,Warsaw,2024-08-01,1,,,,,,,,,,,,,,,,,6.5,7.0,5.75,5.75,5.75,5.0
795,Warsaw,2024-08-01,1,,,,,,,,,,,,,,,,,6.5,7.0,5.75,5.75,5.75,5.0
796,Warsaw,2024-08-01,1,,,,,,,,,,,,,,,,,6.5,7.0,5.75,5.75,5.75,5.0
797,Warsaw,2024-08-01,1,,,,,,,,,,,,,,,,,6.5,7.0,5.75,5.75,5.75,5.0
798,Warsaw,2024-08-01,1,,,,,,,,,,,,,,,,,6.5,7.0,5.75,5.75,5.75,5.0
799,Warsaw,2024-08-01,1,,,,,,,,,,,,,,,,,6.5,7.0,5.75,5.75,5.75,5.0
800,Warsaw,2024-08-01,1,,,,,,,,,,,,,,,,,6.5,7.0,5.75,5.75,5.75,5.0
801,Warsaw,2024-08-01,1,,,,,,,,,,,,,,,,,6.5,7.0,5.75,5.75,5.75,5.0
802,Warsaw,2024-08-01,1,,,,,,,,,,,,,,,,,6.5,7.0,5.75,5.75,5.75,5.0
803,Warsaw,2024-08-01,1,,,,,,,,,,,,,,,,,6.5,7.0,5.75,5.75,5.75,5.0
804,Warsaw,2024-08-01,1,,,,,,,,,,,,,,,,,6.5,7.0,5.75,5.75,5.75,5.0
805,Warsaw,2024-08-01,1,,,,,,,,,,,,,,,,,6.5,7.0,5.75,5.75,5.75,5.0
806,Warsaw,2024-08-01,1,,,,,,,,,,,,,,,,,6.5,7.0,5.75,5.75,5.75,5.0
807,Warsaw,2024-08-01,1,,,,,,,,,,,,,,,,,6.5,7.0,5.75,5.75,5.75,5.0
808,Warsaw,2024-08-01,1,,,,,,,,,,,,,,,,,6.5,7.0,5.75,5.75,5.75,5.0
809,Warsaw,2024-08-01,1,,,,,,,,,,,,,,,,,6.5,7.0,5.75,5.75,5.75,5.0
810,Warsaw,2024-08-01,1,,,,,,,,,,,,,,,,,6.5,7.0,5.75,5.75,5.75,5.0
811,Warsaw,2024-08-01,1,,,,,,,,,,,,,,,,,6.5,7.0,5.75,5.75,5.75,5.0
812,Warsaw,2024-08-01,1,,,,,,,,,,,,,,,,,6.5,7.0,5.75,5.75,5.75,5.0
813,Warsaw,2024-08-01,1,,,,,,,,,,,,,,,,,6.5,7.0,5.75,5.75,5.75,5.0
814,Warsaw,2024-08-01,1,,,,,,,,,,,,,,,,,6.5,7.0,5.75,5.75,5.75,5.0
815,Warsaw,2024-08-01,1,,,,,,,,,,,,,,,,,6.5,7.0,5.75,5.75,5.75,5.0
816,Warsaw,2024-08-01,1,,,,,,,,,,,,,,,,,6.5,7.0,5.75,5.75,5.75,5.0
817,Warsaw,2024-08-01,1,,,,,,,,,,,,,,,,,6.5,7.0,5.75,5.75,5.75,5.0
818,Warsaw,2024-08-01,1,,,,,,,,,,,,,,,,,6.5,7.0,5.75,5.75,5.75,5.0
819,Warsaw,2024-08-01,1,,,,,,,,,,,,,,,,,6.5,7.0,5.75,5.75,5.75,5.0
820,Warsaw,2024-08-01,1,,,,,,,,,,,,,,,,,6.5,7.0,5.75,5.75,5.75,5.0
821,Warsaw,2024-08-01,1,,,,,,,,,,,,,,,,,6.5,7.0,5.75,5.75,5.75,5.0
822,Warsaw,2024-08-01,1,,,,,,,,,,,,,,,,,6.5,7.0,5.75,5.75,5.75,5.0
823,Warsaw,2024-08-01,1,,,,,,,,,,,,,,,,,6.5,7.0,5.75,5.75,5.75,5.0
824,Warsaw,2024-08-01,1,,,,,,,,,,,,,,,,,6.5,7.0,5.75,5.75,5.75,5.0
825,Warsaw,2024-08-01,1,2715.0,4.50,22,,,,,,,,,,,,,,6.5,7.0,5.75,5.75,5.75,5.0
826,Warsaw,2024-08-01,1,,,,,,,,,,,,,,,,,6.5,7.0,5.75,5.75,5.75,5.0
827,Warsaw,2024-08-01,1,,,,,,,,,,,,,,,,,6.5,7.0,5.75,5.75,5.75,5.0
828,Warsaw,2024-08-01,1,,,,,,,,,,,,,,,,,6.5,7.0,5.75,5.75,5.75,5.0
829,Warsaw,2024-08-01,1,,,,,,,,,,,,,,,,,6.5,7.0,5.75,5.75,5.75,5.0
830,Warsaw,2024-08-01,1,,,,,,,,,,,,,,,,,6.5,7.0,5.75,5.75,5.75,5.0
831,Warsaw,2024-08-01,1,,,,,,,,,,,,,,,,,6.5,7.0,5.75,5.75,5.75,5.0
832,Warsaw,2024-08-01,1,,,,,,,,,,,,,,,,,6.5,7.0,5.75,5.75,5.75,5.0
833,Warsaw,2024-08-01,1,,,,,,,,,,,,,,,,,6.5,7.0,5.75,5.75,5.75,5.0
834,Warsaw,2024-08-01,1,,,,,,,,,,,,,,,,,6.5,7.0,5.75,5.75,5.75,5.0
835,Warsaw,2024-08-01,1,,,,,,,,,,,,,,,,,6.5,7.0,5.75,5.75,5.75,5.0
836,Warsaw,2024-08-01,1,,,,,,,,,,,,,,,,,6.5,7.0,5.75,5.75,5.75,5.0
837,Warsaw,2024-08-01,1,,,,,,,,,,,,,,,,,6.5,7.0,5.75,5.75,5.75,5.0
838,Warsaw,2024-08-01,1,,,,,,,,,,,,,,,,,6.5,7.0,5.75,5.75,5.75,5.0
839,Warsaw,2024-08-01,1,,,,,,,,,,,,,,,,,6.5,7.0,5.75,5.75,5.75,5.0
840,Warsaw,2024-08-01,1,,,,,,,,,,,,,,,,,6.5,7.0,5.75,5.75,5.75,5.0
841,Warsaw,2024-08-01,1,,,,,,,,,,,,,,,,,6.5,7.0,5.75,5.75,5.75,5.0
842,Warsaw,2024-08-01,1,,,,,,,,,,,,,,,,,6.5,7.0,5.75,5.75,5.75,5.0
843,Warsaw,2024-08-01,1,,,,,,,,,,,,,,,,,6.5,7.0,5.75,5.75,5.75,5.0
844,Warsaw,2024-08-01,1,,,,,,,,,,,,,,,,,6.5,7.0,5.75,5.75,5.75,5.0
845,Warsaw,2024-08-01,1,2339.0,4.89,35,,,,,,,,,,,,,,6.5,7.0,5.75,5.75,5.75,5.0
846,Warsaw,2024-08-01,1,,,,,,,,,,,,,,,,,6.5,7.0,5.75,5.75,5.75,5.0
847,Warsaw,2024-08-01,1,,,,,,,,,,,,,,,,,6.5,7.0,5.75,5.75,5.75,5.0
848,Warsaw,2024-08-01,1,,,,,,,,,,,,,,,,,6.5,7.0,5.75,5.75,5.75,5.0
849,Warsaw,2024-08-01,1,,,,,,,,,,,,,,,,,6.5,7.0,5.75,5.75,5.75,5.0
850,Warsaw,2024-08-01,1,2507.0,,,,,,,,,,,,,,,,6.5,7.0,5.75,5.75,5.75,5.0
851,Warsaw,2024-08-01,1,,,,,,,,,,,,,,,,,6.5,7.0,5.75,5.75,5.75,5.0
852,Warsaw,2024-08-01,1,,,,,,,,,,,,,,,,,6.5,7.0,5.75,5.75,5.75,5.0
853,Warsaw,2024-08-01,1,,,,,,,,,,,,,,,,,6.5,7.0,5.75,5.75,5.75,5.0
854,Warsaw,2024-08-01,1,,,,,,,,,,,,,,,,,6.5,7.0,5.75,5.75,5.75,5.0
855,Warsaw,2024-08-01,1,,,,,,,,,,,,,,,,,6.5,7.0,5.75,5.75,5.75,5.0
856,Warsaw,2024-08-01,1,,,,,,,,,,,,,,,,,6.5,7.0,5.75,5.75,5.75,5.0
857,Warsaw,2024-08-01,1,,,,,,,,,,,,,,,,,6.5,7.0,5.75,5.75,5.75,5.0
858,Warsaw,2024-08-01,1,,,,,,,,,,,,,,,,,6.5,7.0,5.75,5.75,5.75,5.0
859,Warsaw,2024-08-01,1,,,,,,,,,,,,,,,,,6.5,7.0,5.75,5.75,5.75,5.0
860,Warsaw,2024-08-01,1,,,,,,,,,,,,,,,,,6.5,7.0,5.75,5.75,5.75,5.0
861,Warsaw,2024-08-01,1,,,,,,,,,,,,,,,,,6.5,7.0,5.75,5.75,5.75,5.0
862,Warsaw,2024-08-01,1,,,,,,,,,,,,,,,,,6.5,7.0,5.75,5.75,5.75,5.0
863,Warsaw,2024-08-01,1,,,,,,,,,,,,,,,,,6.5,7.0,5.75,5.75,5.75,5.0
864,Warsaw,2024-08-01,1,,,,,,,,,,,,,,,,,6.5,7.0,5.75,5.75,5.75,5.0
865,Warsaw,2024-08-01,1,,,,,,,,,,,,,,,,,6.5,7.0,5.75,5.75,5.75,5.0
866,Warsaw,2024-08-01,1,,,,,,,,,,,,,,,,,6.5,7.0,5.75,5.75,5.75,5.0
867,Warsaw,2024-08-01,1,,,,,,,,,,,,,,,,,6.5,7.0,5.75,5.75,5.75,5.0
868,Warsaw,2024-08-01,1,,,,,,,,,,,,,,,,,6.5,7.0,5.75,5.75,5.75,5.0
869,Warsaw,2024-08-01,1,,,,,,,,,,,,,,,,,6.5,7.0,5.75,5.75,5.75,5.0
870,Warsaw,2024-08-01,1,,,,,,,,,,,,,,,,,6.5,7.0,5.75,5.75,5.75,5.0
871,Warsaw,2024-08-01,1,,,,,,,,,,,,,,,,,6.5,7.0,5.75,5.75,5.75,5.0
872,Warsaw,2024-08-01,1,,,,,,,,,,,,,,,,,6.5,7.0,5.75,5.75,5.75,5.0
873,Warsaw,2024-08-01,1,,,,,,,,,,,,,,,,,6.5,7.0,5.75,5.75,5.75,5.0
874,Warsaw,2024-08-01,1,,,,,,,,,,,,,,,,,6.5,7.0,5.75,5.75,5.75,5.0
875,Warsaw,2024-08-01,1,,,,,,,,,,,,,,,,,6.5,7.0,5.75,5.75,5.75,5.0
876,Warsaw,2024-08-01,1,,,,,,,,,,,,,,,,,6.5,7.0,5.75,5.75,5.75,5.0
877,Warsaw,2024-08-01,1,,,,,,,,,,,,,,,,,6.5,7.0,5.75,5.75,5.75,5.0
878,Warsaw,2024-08-01,1,,,,,,,,,,,,,,,,,6.5,7.0,5.75,5.75,5.75,5.0
879,Warsaw,2024-08-01,1,,,,,,,,,,,,,,,,,6.5,7.0,5.75,5.75,5.75,5.0
880,Warsaw,2024-08-01,1,,,,,,,,,,,,,,,,,6.5,7.0,5.75,5.75,5.75,5.0
881,Warsaw,2024-08-01,1,,,,,,,,,,,,,,,,,6.5,7.0,5.75,5.75,5.75,5.0
882,Warsaw,2024-08-01,1,,,,,,,,,,,,,,,,,6.5,7.0,5.75,5.75,5.75,5.0
883,Warsaw,2024-08-01,1,,,,,,,,,,,,,,,,,6.5,7.0,5.75,5.75,5.75,5.0
884,Warsaw,2024-08-01,1,3343.0,,,,,,,,,,,,,,,,6.5,7.0,5.75,5.75,5.75,5.0
885,Warsaw,2024-08-01,1,,,,,,,,,,,,,,,,,6.5,7.0,5.75,5.75,5.75,5.0
886,Warsaw,2024-08-01,1,,,,,,,,,,,,,,,,,6.5,7.0,5.75,5.75,5.75,5.0
887,Warsaw,2024-08-01,1,,,,,,,,,,,,,,,,,6.5,7.0,5.75,5.75,5.75,5.0
888,Warsaw,2024-08-01,1,,,,,,,,,,,,,,,,,6.5,7.0,5.75,5.75,5.75,5.0
889,Warsaw,2024-08-01,1,,,,,,,,,,,,,,,,,6.5,7.0,5.75,5.75,5.75,5.0
890,Warsaw,2024-08-01,1,,,,,,,,,,,,,,,,,6.5,7.0,5.75,5.75,5.75,5.0
891,Warsaw,2024-08-01,1,,,,,,,,,,,,,,,,,6.5,7.0,5.75,5.75,5.75,5.0
892,Warsaw,2024-08-01,1,,,,,,,,,,,,,,,,,6.5,7.0,5.75,5.75,5.75,5.0
893,Warsaw,2024-08-01,1,,,,,,,,,,,,,,,,,6.5,7.0,5.75,5.75,5.75,5.0
894,Warsaw,2024-08-01,1,,,,,,,,,,,,,,,,,6.5,7.0,5.75,5.75,5.75,5.0
895,Warsaw,2024-08-01,1,,,,,,,,,,,,,,,,,6.5,7.0,5.75,5.75,5.75,5.0
896,Warsaw,2024-08-01,1,,,,,,,,,,,,,,,,,6.5,7.0,5.75,5.75,5.75,5.0
897,Warsaw,2024-08-01,1,,,,,,,,,,,,,,,,,6.5,7.0,5.75,5.75,5.75,5.0
898,Warsaw,2024-08-01,1,,,,,,,,,,,,,,,,,6.5,7.0,5.75,5.75,5.75,5.0
899,Warsaw,2024-08-01,1,,,,,,,,,,,,,,,,,6.5,7.0,5.75,5.75,5.75,5.0
900,Warsaw,2024-08-01,1,,,,,,,,,,,,,,,,,6.5,7.0,5.75,5.75,5.75,5.0
901,Warsaw,2024-08-01,1,,,,,,,,,,,,,,,,,6.5,7.0,5.75,5.75,5.75,5.0
902,Warsaw,2024-08-01,1,,,,,,,,,,,,,,,,,6.5,7.0,5.75,5.75,5.75,5.0
903,Warsaw,2024-08-01,1,,,,,,,,,,,,,,,,,6.5,7.0,5.75,5.75,5.75,5.0
904,Warsaw,2024-08-01,1,,,,,,,,,,,,,,,,,6.5,7.0,5.75,5.75,5.75,5.0
905,Warsaw,2024-08-01,1,,,,,,,,,,,,,,,,,6.5,7.0,5.75,5.75,5.75,5.0
906,Warsaw,2024-08-01,1,,,,,,,,,,,,,,,,,6.5,7.0,5.75,5.75,5.75,5.0
907,Warsaw,2024-08-01,1,,,,,,,,,,,,,,,,,6.5,7.0,5.75,5.75,5.75,5.0
908,Warsaw,2024-08-01,1,,,,,,,,,,,,,,,,,6.5,7.0,5.75,5.75,5.75,5.0
909,Warsaw,2024-08-01,1,,,,,,,,,,,,,,,,,6.5,7.0,5.75,5.75,5.75,5.0
910,Warsaw,2024-08-01,1,,,,,,,,,,,,,,,,,6.5,7.0,5.75,5.75,5.75,5.0
911,Warsaw,2024-08-01,1,,,,,,,,,,,,,,,,,6.5,7.0,5.75,5.75,5.75,5.0
912,Warsaw,2024-08-01,1,,,,,,,,,,,,,,,,,6.5,7.0,5.75,5.75,5.75,5.0
913,Warsaw,2024-08-01,1,,,,,,,,,,,,,,,,,6.5,7.0,5.75,5.75,5.75,5.0
914,Warsaw,2024-08-01,1,,,,,,,,,,,,,,,,,6.5,7.0,5.75,5.75,5.75,5.0
915,Warsaw,2024-08-01,1,,,,,,,,,,,,,,,,,6.5,7.0,5.75,5.75,5.75,5.0
916,Warsaw,2024-08-01,1,,,,,,,,,,,,,,,,,6.5,7.0,5.75,5.75,5.75,5.0
917,Warsaw,2024-08-01,1,,,,,,,,,,,,,,,,,6.5,7.0,5.75,5.75,5.75,5.0
918,Warsaw,2024-08-01,1,,,,,,,,,,,,,,,,,6.5,7.0,5.75,5.75,5.75,5.0
919,Warsaw,2024-08-01,1,,,,,,,,,,,,,,,,,6.5,7.0,5.75,5.75,5.75,5.0
920,Warsaw,2024-08-01,1,,,,,,,,,,,,,,,,,6.5,7.0,5.75,5.75,5.75,5.0
921,Warsaw,2024-08-01,1,,,,,,,,,,,,,,,,,6.5,7.0,5.75,5.75,5.75,5.0
922,Warsaw,2024-08-01,1,,,,,,,,,,,,,,,,,6.5,7.0,5.75,5.75,5.75,5.0
923,Warsaw,2024-08-01,1,,,,,,,,,,,,,,,,,6.5,7.0,5.75,5.75,5.75,5.0
924,Warsaw,2024-08-01,1,,,,,,,,,,,,,,,,,6.5,7.0,5.75,5.75,5.75,5.0
925,Warsaw,2024-08-01,1,,,,,,,,,,,,,,,,,6.5,7.0,5.75,5.75,5.75,5.0
926,Warsaw,2024-08-01,1,,,,,,,,,,,,,,,,,6.5,7.0,5.75,5.75,5.75,5.0
927,Warsaw,2024-08-01,1,,,,,,,,,,,,,,,,,6.5,7.0,5.75,5.75,5.75,5.0
928,Warsaw,2024-08-01,1,,,,,,,,,,,,,,,,,6.5,7.0,5.75,5.75,5.75,5.0
929,Warsaw,2024-08-01,1,,,,,,,,,,,,,,,,,6.5,7.0,5.75,5.75,5.75,5.0
930,Warsaw,2024-08-01,1,,,,,,,,,,,,,,,,,6.5,7.0,5.75,5.75,5.75,5.0
931,Warsaw,2024-08-01,1,,,,,,,,,,,,,,,,,6.5,7.0,5.75,5.75,5.75,5.0
932,Warsaw,2024-08-01,1,,,,,,,,,,,,,,,,,6.5,7.0,5.75,5.75,5.75,5.0
933,Warsaw,2024-08-01,1,,,,,,,,,,,,,,,,,6.5,7.0,5.75,5.75,5.75,5.0
934,Warsaw,2024-08-01,1,,,,,,,,,,,,,,,,,6.5,7.0,5.75,5.75,5.75,5.0
935,Warsaw,2024-08-01,1,,,,,,,,,,,,,,,,,6.5,7.0,5.75,5.75,5.75,5.0
936,Warsaw,2024-08-01,1,,,,,,,,,,,,,,,,,6.5,7.0,5.75,5.75,5.75,5.0
937,Warsaw,2024-08-01,1,,,,,,,,,,,,,,,,,6.5,7.0,5.75,5.75,5.75,5.0
938,Warsaw,2024-08-01,1,,,,,,,,,,,,,,,,,6.5,7.0,5.75,5.75,5.75,5.0
939,Warsaw,2024-08-01,1,,,,,,,,,,,,,,,,,6.5,7.0,5.75,5.75,5.75,5.0
940,Warsaw,2024-08-01,1,,,,,,,,,,,,,,,,,6.5,7.0,5.75,5.75,5.75,5.0
941,Warsaw,2024-08-01,1,,,,,,,,,,,,,,,,,6.5,7.0,5.75,5.75,5.75,5.0
942,Warsaw,2024-08-01,1,,,,,,,,,,,,,,,,,6.5,7.0,5.75,5.75,5.75,5.0
943,Warsaw,2024-08-01,1,,,,,,,,,,,,,,,,,6.5,7.0,5.75,5.75,5.75,5.0
944,Warsaw,2024-08-01,1,,,,,,,,,,,,,,,,,6.5,7.0,5.75,5.75,5.75,5.0
945,Warsaw,2024-08-01,1,,,,,,,,,,,,,,,,,6.5,7.0,5.75,5.75,5.75,5.0
946,Warsaw,2024-08-01,1,,,,,,,,,,,,,,,,,6.5,7.0,5.75,5.75,5.75,5.0
947,Warsaw,2024-08-01,1,,,,,,,,,,,,,,,,,6.5,7.0,5.75,5.75,5.75,5.0
948,Warsaw,2024-08-01,1,,,,,,,,,,,,,,,,,6.5,7.0,5.75,5.75,5.75,5.0
949,Warsaw,2024-08-01,1,,,,,,,,,,,,,,,,,6.5,7.0,5.75,5.75,5.75,5.0
950,Warsaw,2024-08-01,1,,,,,,,,,,,,,,,,,6.5,7.0,5.75,5.75,5.75,5.0
951,Warsaw,2024-08-01,1,,,,,,,,,,,,,,,,,6.5,7.0,5.75,5.75,5.75,5.0
952,Warsaw,2024-08-01,1,,,,,,,,,,,,,,,,,6.5,7.0,5.75,5.75,5.75,5.0
953,Warsaw,2024-08-01,1,,,,,,,,,,,,,,,,,6.5,7.0,5.75,5.75,5.75,5.0
954,Warsaw,2024-08-01,1,,,,,,,,,,,,,,,,,6.5,7.0,5.75,5.75,5.75,5.0
955,Warsaw,2024-08-01,1,,,,,,,,,,,,,,,,,6.5,7.0,5.75,5.75,5.75,5.0
956,Warsaw,2024-08-01,1,,,,,,,,,,,,,,,,,6.5,7.0,5.75,5.75,5.75,5.0
957,Warsaw,2024-08-01,1,,,,,,,,,,,,,,,,,6.5,7.0,5.75,5.75,5.75,5.0
958,Warsaw,2024-08-01,1,,,,,,,,,,,,,,,,,6.5,7.0,5.75,5.75,5.75,5.0
959,Warsaw,2024-08-01,1,,,,,,,,,,,,,,,,,6.5,7.0,5.75,5.75,5.75,5.0
960,Warsaw,2024-08-01,1,,,,,,,,,,,,,,,,,6.5,7.0,5.75,5.75,5.75,5.0
961,Warsaw,2024-08-01,1,,,,,,,,,,,,,,,,,6.5,7.0,5.75,5.75,5.75,5.0
962,Warsaw,2024-08-01,1,,,,,,,,,,,,,,,,,6.5,7.0,5.75,5.75,5.75,5.0
963,Warsaw,2024-08-01,1,,,,,,,,,,,,,,,,,6.5,7.0,5.75,5.75,5.75,5.0
964,Warsaw,2024-08-01,1,,,,,,,,,,,,,,,,,6.5,7.0,5.75,5.75,5.75,5.0
965,Warsaw,2024-08-01,1,,,,,,,,,,,,,,,,,6.5,7.0,5.75,5.75,5.75,5.0
966,Warsaw,2024-08-01,1,,,,,,,,,,,,,,,,,6.5,7.0,5.75,5.75,5.75,5.0
967,Warsaw,2024-08-01,1,,,,,,,,,,,,,,,,,6.5,7.0,5.75,5.75,5.75,5.0
968,Warsaw,2024-08-01,1,,,,,,,,,,,,,,,,,6.5,7.0,5.75,5.75,5.75,5.0
969,Warsaw,2024-08-01,1,,,,,,,,,,,,,,,,,6.5,7.0,5.75,5.75,5.75,5.0
970,Warsaw,2024-08-01,1,,,,,,,,,,,,,,,,,6.5,7.0,5.75,5.75,5.75,5.0
971,Warsaw,2024-08-01,1,,,,,,,,,,,,,,,,,6.5,7.0,5.75,5.75,5.75,5.0
972,Warsaw,2024-08-01,1,,,,,,,,,,,,,,,,,6.5,7.0,5.75,5.75,5.75,5.0
973,Warsaw,2024-08-01,1,,,,,,,,,,,,,,,,,6.5,7.0,5.75,5.75,5.75,5.0
974,Warsaw,2024-08-01,1,,,,,,,,,,,,,,,,,6.5,7.0,5.75,5.75,5.75,5.0
975,Warsaw,2024-08-01,1,,,,,,,,,,,,,,,,,6.5,7.0,5.75,5.75,5.75,5.0
976,Warsaw,2024-08-01,1,,,,,,,,,,,,,,,,,6.5,7.0,5.75,5.75,5.75,5.0
977,Warsaw,2024-08-01,1,,,,,,,,,,,,,,,,,6.5,7.0,5.75,5.75,5.75,5.0
978,Warsaw,2024-08-01,1,,,,,,,,,,,,,,,,,6.5,7.0,5.75,5.75,5.75,5.0
979,Warsaw,2024-08-01,1,,,,,,,,,,,,,,,,,6.5,7.0,5.75,5.75,5.75,5.0
980,Warsaw,2024-08-01,1,,,,,,,,,,,,,,,,,6.5,7.0,5.75,5.75,5.75,5.0
981,Warsaw,2024-08-01,1,,,,,,,,,,,,,,,,,6.5,7.0,5.75,5.75,5.75,5.0
982,Warsaw,2024-08-01,1,,,,,,,,,,,,,,,,,6.5,7.0,5.75,5.75,5.75,5.0
983,Warsaw,2024-08-01,1,,,,,,,,,,,,,,,,,6.5,7.0,5.75,5.75,5.75,5.0
984,Warsaw,2024-08-01,1,,,,,,,,,,,,,,,,,6.5,7.0,5.75,5.75,5.75,5.0
985,Warsaw,2024-08-01,1,,,,,,,,,,,,,,,,,6.5,7.0,5.75,5.75,5.75,5.0
986,Warsaw,2024-08-01,1,,,,,,,,,,,,,,,,,6.5,7.0,5.75,5.75,5.75,5.0
987,Warsaw,2024-08-01,1,,,,,,,,,,,,,,,,,6.5,7.0,5.75,5.75,5.75,5.0
988,Warsaw,2024-08-01,1,,,,,,,,,,,,,,,,,6.5,7.0,5.75,5.75,5.75,5.0
989,Warsaw,2024-08-01,1,,,,,,,,,,,,,,,,,6.5,7.0,5.75,5.75,5.75,5.0
990,Warsaw,2024-08-01,1,,,,,,,,,,,,,,,,,6.5,7.0,5.75,5.75,5.75,5.0
991,Warsaw,2024-08-01,1,,,,,,,,,,,,,,,,,6.5,7.0,5.75,5.75,5.75,5.0
992,Warsaw,2024-08-01,1,,,,,,,,,,,,,,,,,6.5,7.0,5.75,5.75,5.75,5.0
