,city,date,treat,price,rating,omtaler,gÃ¦ster,sovevÃ¦relser,view,bathroom,hair dryer,other,cleaning products,shampoo,hot water,hangers,blackout curtains,entertainment,family,temperature,security,work,wi-fi,kitchen,refrigerator,dishwasher,attractions nearby,outdoor,parkering and faciliteter,host,mailbox,bed linen,fireplace,washing machine,smoking allowed,pool etc.,fitness equipment,Sights,Safety,Shopping,Location,Climate,Affordability
0,Gelsenkirchen,2024-07-17,1,574,4.90,10,4.0,2.0,1.0,1.0,1.0,1.0,1.0,1.0,1.0,1.0,1.0,1.0,1.0,1.0,1.0,1.0,1.0,1.0,1.0,1.0,1.0,1.0,1.0,1.0,1.0,,,,,,,,,,,,
1,Gelsenkirchen,2024-07-17,1,737,4.97,33,2.0,1.0,1.0,1.0,1.0,1.0,1.0,,1.0,1.0,1.0,1.0,1.0,1.0,1.0,1.0,1.0,1.0,1.0,1.0,1.0,1.0,1.0,,,1.0,,,,,,,,,,,
2,Gelsenkirchen,2024-07-17,1,710,4.98,42,2.0,1.0,1.0,1.0,,1.0,1.0,1.0,1.0,1.0,1.0,1.0,1.0,1.0,1.0,1.0,1.0,1.0,1.0,1.0,1.0,1.0,1.0,1.0,1.0,,,,,,,,,,,,
3,Gelsenkirchen,2024-07-17,1,483,,,2.0,1.0,,1.0,1.0,1.0,1.0,1.0,1.0,1.0,1.0,1.0,1.0,1.0,,1.0,1.0,1.0,1.0,1.0,1.0,1.0,1.0,1.0,1.0,,,,,,,,,,,,
4,Gelsenkirchen,2024-07-17,1,934,,,4.0,1.0,1.0,1.0,1.0,1.0,1.0,,1.0,1.0,1.0,1.0,1.0,1.0,1.0,1.0,1.0,1.0,,1.0,1.0,1.0,1.0,1.0,1.0,1.0,,,,,,,,,,,
5,Gelsenkirchen,2024-07-17,1,526,4.92,146,2.0,2.0,,1.0,1.0,,,1.0,1.0,1.0,1.0,1.0,1.0,,1.0,1.0,1.0,1.0,1.0,,1.0,1.0,1.0,1.0,1.0,1.0,,,,,,,,,,,
6,Gelsenkirchen,2024-07-17,1,723,4.98,51,2.0,1.0,,1.0,1.0,1.0,1.0,1.0,1.0,1.0,1.0,1.0,1.0,,1.0,1.0,1.0,1.0,1.0,,1.0,,1.0,1.0,1.0,1.0,,,,,,,,,,,
7,Gelsenkirchen,2024-07-17,1,592,4.88,73,3.0,2.0,,1.0,1.0,1.0,1.0,1.0,1.0,1.0,1.0,1.0,1.0,,1.0,1.0,1.0,1.0,1.0,,,,1.0,1.0,1.0,1.0,1.0,,,,,,,,,,
8,Gelsenkirchen,2024-07-17,1,364,4.89,72,3.0,1.0,,1.0,1.0,1.0,1.0,1.0,1.0,1.0,,1.0,1.0,,1.0,1.0,,1.0,1.0,,1.0,1.0,1.0,1.0,1.0,1.0,,,,,,,,,,,
9,Gelsenkirchen,2024-07-17,1,790,5.0,27,2.0,1.0,1.0,1.0,1.0,1.0,1.0,1.0,1.0,1.0,1.0,1.0,1.0,,1.0,1.0,1.0,1.0,1.0,1.0,1.0,1.0,1.0,1.0,1.0,1.0,,,,,,,,,,,
10,Gelsenkirchen,2024-07-17,1,451,4.71,17,3.0,3.0,1.0,1.0,1.0,1.0,1.0,,1.0,1.0,1.0,1.0,1.0,1.0,1.0,1.0,1.0,1.0,1.0,,1.0,1.0,1.0,,,1.0,,1.0,,,,,,,,,
11,Gelsenkirchen,2024-07-17,1,671,,,5.0,4.0,,1.0,1.0,1.0,1.0,1.0,1.0,1.0,1.0,1.0,1.0,1.0,1.0,1.0,1.0,1.0,1.0,,1.0,1.0,1.0,1.0,1.0,,1.0,1.0,1.0,,,,,,,,
12,Gelsenkirchen,2024-07-17,1,596,4.88,17,2.0,1.0,,1.0,1.0,,,,1.0,1.0,1.0,1.0,1.0,,1.0,1.0,1.0,1.0,1.0,,1.0,,1.0,1.0,1.0,,,,,,,,,,,,
13,Gelsenkirchen,2024-07-17,1,899,5.0,9,2.0,1.0,1.0,1.0,1.0,1.0,1.0,1.0,1.0,1.0,1.0,1.0,1.0,1.0,1.0,1.0,1.0,1.0,1.0,1.0,1.0,1.0,1.0,1.0,1.0,,,,,,,,,,,,
14,Gelsenkirchen,2024-07-17,1,474,4.90,42,3.0,2.0,,1.0,1.0,,,1.0,1.0,1.0,,1.0,1.0,,1.0,1.0,1.0,1.0,1.0,,,,1.0,1.0,1.0,1.0,,,,,,,,,,,
15,Gelsenkirchen,2024-07-17,1,544,4.89,28,2.0,2.0,,1.0,1.0,1.0,1.0,1.0,1.0,1.0,1.0,1.0,1.0,1.0,1.0,1.0,1.0,1.0,1.0,1.0,1.0,1.0,1.0,,,,,,,,,,,,,,
16,Gelsenkirchen,2024-07-17,1,877,,,4.0,2.0,1.0,1.0,,1.0,1.0,,1.0,1.0,1.0,1.0,1.0,,1.0,1.0,,1.0,1.0,1.0,1.0,1.0,1.0,,,,,,,,,,,,,,
17,Gelsenkirchen,2024-07-17,1,368,4.84,147,1.0,1.0,,1.0,1.0,,,1.0,1.0,1.0,,1.0,,,1.0,1.0,1.0,1.0,1.0,,1.0,1.0,1.0,,,1.0,,,,,,,,,,,
18,Gelsenkirchen,2024-07-17,1,522,4.63,217,2.0,1.0,1.0,1.0,1.0,1.0,1.0,1.0,1.0,1.0,1.0,1.0,1.0,,1.0,1.0,1.0,1.0,1.0,,1.0,1.0,1.0,,,,,,,,,,,,,,
19,Gelsenkirchen,2024-07-17,1,351,4.87,165,,1.0,1.0,1.0,1.0,1.0,1.0,1.0,1.0,1.0,1.0,1.0,1.0,,1.0,1.0,1.0,1.0,1.0,1.0,1.0,,1.0,,,1.0,,,,,,,,,,,
20,Gelsenkirchen,2024-07-17,1,579,5.0,7,2.0,1.0,,,,,,,,,,,,,,,,,,,,,,,,,,,,,,,,,,,
21,Gelsenkirchen,2024-07-17,1,708,,,5.0,3.0,,1.0,1.0,1.0,1.0,1.0,1.0,1.0,1.0,1.0,1.0,1.0,1.0,1.0,1.0,1.0,1.0,,1.0,1.0,1.0,1.0,1.0,,1.0,,1.0,,,,,,,,
22,Gelsenkirchen,2024-07-17,1,539,4.70,74,4.0,1.0,,1.0,1.0,,,1.0,1.0,1.0,,1.0,1.0,,1.0,1.0,1.0,1.0,1.0,1.0,,1.0,1.0,1.0,1.0,,,,,,,,,,,,
23,Gelsenkirchen,2024-07-17,1,768,,,3.0,1.0,,1.0,1.0,,,1.0,1.0,1.0,,1.0,1.0,,1.0,1.0,1.0,1.0,,,,1.0,1.0,1.0,,,,,,,,,,,,,
24,Gelsenkirchen,2024-07-17,1,246,4.90,62,,1.0,,1.0,1.0,1.0,1.0,1.0,1.0,1.0,,1.0,1.0,,1.0,1.0,,1.0,1.0,,,1.0,1.0,,,1.0,,,,,,,,,,,
25,Gelsenkirchen,2024-07-17,1,483,4.81,21,2.0,1.0,,1.0,1.0,,,1.0,1.0,1.0,,1.0,1.0,,1.0,1.0,1.0,1.0,1.0,1.0,1.0,,1.0,,,1.0,,1.0,,,,,,,,,
26,Gelsenkirchen,2024-07-17,1,605,,,2.0,1.0,,1.0,1.0,,,,1.0,1.0,1.0,1.0,1.0,,1.0,1.0,1.0,1.0,1.0,,1.0,,1.0,1.0,1.0,,,,,,,,,,,,
27,Gelsenkirchen,2024-07-17,1,611,4.75,20,2.0,1.0,1.0,1.0,1.0,1.0,1.0,1.0,1.0,1.0,,1.0,,1.0,1.0,1.0,1.0,1.0,1.0,,1.0,,1.0,,,1.0,,,,,,,,,,,
28,Gelsenkirchen,2024-07-17,1,439,4.94,32,2.0,2.0,,,,,,,,,,,,,,,,,,,,,,,,,,,,,,,,,,,
29,Gelsenkirchen,2024-07-17,1,921,,,2.0,1.0,1.0,1.0,1.0,1.0,1.0,1.0,1.0,1.0,1.0,1.0,1.0,1.0,1.0,1.0,1.0,1.0,1.0,1.0,1.0,1.0,1.0,,,,,,,,,,,,,,
30,Gelsenkirchen,2024-07-17,1,877,5.0,8,3.0,3.0,1.0,1.0,,1.0,1.0,,1.0,,1.0,1.0,1.0,1.0,1.0,1.0,1.0,1.0,1.0,1.0,,1.0,1.0,1.0,1.0,,,,,,,,,,,,
31,Gelsenkirchen,2024-07-17,1,566,4.81,37,3.0,2.0,,1.0,1.0,,,1.0,1.0,1.0,1.0,1.0,1.0,,1.0,1.0,1.0,1.0,1.0,,,,,,,,,1.0,,,,,,,,,
32,Gelsenkirchen,2024-07-17,1,724,,,4.0,2.0,,1.0,1.0,1.0,1.0,1.0,1.0,,1.0,1.0,1.0,1.0,1.0,1.0,1.0,1.0,1.0,1.0,,,1.0,1.0,1.0,1.0,,1.0,,,,,,,,,
33,Gelsenkirchen,2024-07-17,1,439,4.40,10,2.0,1.0,1.0,1.0,1.0,1.0,1.0,,1.0,1.0,1.0,1.0,1.0,1.0,1.0,1.0,1.0,1.0,1.0,,,1.0,1.0,,,,,,,,,,,,,,
34,Gelsenkirchen,2024-07-17,1,636,,,2.0,1.0,,1.0,,1.0,1.0,,,1.0,1.0,1.0,,1.0,1.0,1.0,1.0,1.0,1.0,1.0,1.0,,1.0,,,,,,,,,,,,,,
35,Gelsenkirchen,2024-07-17,1,504,4.92,130,,4.0,,1.0,1.0,1.0,1.0,1.0,1.0,1.0,1.0,1.0,1.0,,1.0,1.0,1.0,1.0,,1.0,1.0,1.0,1.0,,,,,,,,,,,,,,
36,Gelsenkirchen,2024-07-17,1,325,5.0,4,,1.0,,1.0,1.0,1.0,1.0,1.0,1.0,1.0,,1.0,,,1.0,1.0,1.0,1.0,1.0,,1.0,1.0,1.0,1.0,1.0,1.0,,1.0,,,,,,,,,
37,Gelsenkirchen,2024-07-17,1,452,5.0,11,,1.0,,1.0,1.0,1.0,1.0,1.0,1.0,1.0,1.0,1.0,1.0,1.0,1.0,1.0,1.0,1.0,1.0,1.0,1.0,,1.0,,,,,,,,,,,,,,
38,Gelsenkirchen,2024-07-17,1,526,,,4.0,2.0,,1.0,1.0,1.0,1.0,,1.0,1.0,1.0,1.0,1.0,1.0,1.0,1.0,1.0,1.0,1.0,,1.0,1.0,1.0,,,1.0,,,,,,,,,,,
39,Gelsenkirchen,2024-07-17,1,307,,,,1.0,1.0,1.0,1.0,1.0,1.0,1.0,1.0,1.0,1.0,1.0,1.0,1.0,1.0,1.0,1.0,1.0,1.0,1.0,,1.0,1.0,,,,,,,,,,,,,,
40,Gelsenkirchen,2024-07-17,1,614,4.94,31,4.0,2.0,,1.0,1.0,,,1.0,1.0,1.0,1.0,1.0,1.0,,1.0,1.0,1.0,1.0,1.0,,1.0,1.0,1.0,1.0,1.0,,,,,,,,,,,,
41,Gelsenkirchen,2024-07-17,1,614,4.83,18,2.0,1.0,,1.0,1.0,1.0,1.0,1.0,1.0,1.0,1.0,1.0,1.0,1.0,1.0,1.0,1.0,1.0,1.0,,1.0,1.0,1.0,1.0,1.0,1.0,,,,,,,,,,,
42,Gelsenkirchen,2024-07-17,1,570,4.60,5,2.0,1.0,,1.0,1.0,,,1.0,1.0,1.0,,1.0,1.0,,1.0,1.0,1.0,1.0,,,,,,1.0,1.0,,,1.0,,,,,,,,,
43,Gelsenkirchen,2024-07-17,1,272,4.82,45,,1.0,,,,,,,,,,,,,,,,,,,,,,,,,,,,,,,,,,,
44,Gelsenkirchen,2024-07-17,1,403,4.96,93,3.0,3.0,,1.0,1.0,,,,1.0,1.0,,1.0,1.0,,1.0,1.0,1.0,1.0,,,,,1.0,,,1.0,,,,,,,,,,,
45,Gelsenkirchen,2024-07-17,1,535,4.87,30,2.0,2.0,,,,,,,,,,,,,,,,,,,,,,,,,,,,,,,,,,,
46,Gelsenkirchen,2024-07-17,1,658,,,,2.0,,,,,,,,,,1.0,,,1.0,1.0,1.0,,,,,,1.0,,,,,,,,,,,,,,
47,Gelsenkirchen,2024-07-17,1,433,5.0,7,2.0,2.0,,1.0,1.0,1.0,1.0,,1.0,1.0,1.0,1.0,1.0,1.0,1.0,1.0,,1.0,1.0,,,1.0,1.0,,,,,,,,,,,,,,
48,Gelsenkirchen,2024-07-17,1,439,5.0,5,1.0,1.0,,1.0,,1.0,1.0,1.0,1.0,1.0,1.0,1.0,,1.0,1.0,1.0,,1.0,1.0,,1.0,1.0,1.0,,,1.0,,,,,,,,,,,
49,Gelsenkirchen,2024-07-17,1,351,4.38,42,3.0,1.0,,1.0,1.0,,,,1.0,1.0,,1.0,1.0,,1.0,1.0,1.0,1.0,1.0,,,,1.0,,,1.0,,,,,,,,,,,
50,Gelsenkirchen,2024-07-17,1,912,4.88,8,3.0,2.0,1.0,1.0,,1.0,1.0,1.0,1.0,1.0,1.0,1.0,1.0,1.0,1.0,1.0,1.0,1.0,1.0,1.0,1.0,,1.0,,,1.0,,,,,,,,,,,
51,Gelsenkirchen,2024-07-17,1,527,4.76,17,1.0,1.0,1.0,1.0,,1.0,1.0,1.0,1.0,1.0,1.0,,,,1.0,1.0,1.0,1.0,1.0,,,,,,,,,1.0,,,,,,,,,
52,Gelsenkirchen,2024-07-17,1,811,4.79,29,2.0,1.0,,1.0,1.0,1.0,1.0,1.0,1.0,1.0,1.0,1.0,,1.0,1.0,1.0,1.0,1.0,1.0,,,1.0,1.0,1.0,1.0,,,,1.0,,,,,,,,
53,Gelsenkirchen,2024-07-17,1,702,4.76,29,4.0,3.0,,1.0,,,,1.0,,,,1.0,,1.0,1.0,1.0,1.0,1.0,,,,,1.0,1.0,1.0,1.0,,,,,,,,,,,
54,Gelsenkirchen,2024-07-17,1,833,,,4.0,1.0,,1.0,,,,,1.0,1.0,1.0,1.0,1.0,,,1.0,1.0,1.0,1.0,1.0,1.0,,1.0,1.0,1.0,1.0,,,,,,,,,,,
55,Gelsenkirchen,2024-07-17,1,491,5.0,16,,1.0,,1.0,1.0,,,,,,,1.0,,,1.0,1.0,1.0,1.0,1.0,,,1.0,1.0,,,,,,1.0,,,,,,,,
56,Gelsenkirchen,2024-07-17,1,877,,,3.0,1.0,,1.0,1.0,,,,,,,1.0,,,1.0,1.0,1.0,1.0,,,,1.0,1.0,,,,,,,,,,,,,,
57,Gelsenkirchen,2024-07-17,1,614,4.94,18,,1.0,1.0,,,,,,,,,,,,1.0,1.0,1.0,1.0,1.0,,,1.0,1.0,1.0,1.0,,,,,,,,,,,,
58,Gelsenkirchen,2024-07-17,1,474,,,,1.0,1.0,1.0,1.0,1.0,1.0,1.0,1.0,1.0,1.0,,1.0,1.0,1.0,1.0,1.0,1.0,1.0,,1.0,1.0,1.0,,,1.0,,,,,,,,,,,
59,Gelsenkirchen,2024-07-17,1,903,4.67,9,2.0,1.0,,1.0,1.0,,,,,1.0,,1.0,,,1.0,1.0,1.0,1.0,,,1.0,,,,,,,,,,,,,,,,
60,Gelsenkirchen,2024-07-17,1,526,,,2.0,1.0,,1.0,1.0,,,1.0,1.0,1.0,,,1.0,,1.0,1.0,1.0,1.0,,,,,,,,,,1.0,,,,,,,,,
61,Gelsenkirchen,2024-07-17,1,592,,,2.0,1.0,,1.0,1.0,1.0,1.0,,1.0,1.0,,1.0,1.0,1.0,1.0,1.0,1.0,1.0,1.0,,,1.0,1.0,,,,,1.0,,,,,,,,,
62,Gelsenkirchen,2024-07-17,1,746,5.0,4,3.0,1.0,,1.0,,1.0,1.0,1.0,1.0,1.0,,1.0,,1.0,1.0,1.0,1.0,1.0,1.0,1.0,1.0,,1.0,,,,,1.0,,,,,,,,,
63,Gelsenkirchen,2024-07-17,1,574,4.78,58,2.0,1.0,,1.0,1.0,,,1.0,,1.0,,1.0,1.0,,1.0,1.0,1.0,1.0,1.0,,1.0,1.0,,,,,,1.0,,,,,,,,,
64,Gelsenkirchen,2024-07-17,1,964,5.0,16,2.0,1.0,,,,,,,,,,,,,,,,,,,,,,,,,,,,,,,,,,,
65,Gelsenkirchen,2024-07-17,1,263,4.84,19,1.0,1.0,1.0,1.0,1.0,1.0,1.0,1.0,,1.0,1.0,,1.0,,1.0,1.0,1.0,1.0,1.0,,,1.0,1.0,1.0,1.0,1.0,,,,,,,,,,,
66,Gelsenkirchen,2024-07-17,1,351,,,2.0,1.0,,1.0,,1.0,1.0,1.0,1.0,,,1.0,,1.0,1.0,1.0,1.0,1.0,1.0,,,,1.0,,,,,,,,,,,,,,
67,Gelsenkirchen,2024-07-17,1,798,5.0,5,3.0,2.0,,1.0,1.0,,,,1.0,1.0,1.0,1.0,1.0,1.0,1.0,1.0,1.0,1.0,1.0,,,1.0,1.0,1.0,1.0,1.0,,,,,,,,,,,
68,Gelsenkirchen,2024-07-17,1,347,4.77,130,2.0,2.0,1.0,1.0,1.0,1.0,1.0,1.0,,1.0,1.0,1.0,1.0,,1.0,1.0,1.0,1.0,1.0,1.0,1.0,1.0,1.0,1.0,1.0,,1.0,1.0,1.0,,,,,,,,
69,Gelsenkirchen,2024-07-17,1,526,4.67,9,6.0,4.0,1.0,1.0,1.0,,,,1.0,1.0,,1.0,1.0,,1.0,1.0,1.0,1.0,1.0,1.0,,1.0,1.0,1.0,1.0,,,,,,,,,,,,
70,Gelsenkirchen,2024-07-17,1,333,5.0,3,,1.0,,1.0,,1.0,1.0,1.0,1.0,,1.0,1.0,1.0,1.0,1.0,1.0,1.0,1.0,1.0,1.0,,1.0,1.0,,,,,1.0,,1.0,,,,,,,
71,Gelsenkirchen,2024-07-17,1,281,4.93,40,,1.0,,1.0,1.0,1.0,1.0,1.0,1.0,1.0,1.0,1.0,1.0,,1.0,1.0,1.0,1.0,1.0,,,,1.0,,,,,1.0,,,,,,,,,
72,Gelsenkirchen,2024-07-17,1,702,,,3.0,1.0,,1.0,,,,,1.0,1.0,1.0,1.0,1.0,,,1.0,1.0,1.0,1.0,,1.0,,1.0,1.0,1.0,,,,,,,,,,,,
73,Gelsenkirchen,2024-07-17,1,658,5.0,5,2.0,2.0,,1.0,1.0,,,1.0,1.0,1.0,,1.0,1.0,,1.0,1.0,1.0,1.0,1.0,1.0,1.0,1.0,1.0,1.0,1.0,1.0,,1.0,,,,,,,,,
74,Gelsenkirchen,2024-07-17,1,618,4.0,3,3.0,2.0,,1.0,1.0,1.0,1.0,1.0,,,,1.0,1.0,1.0,1.0,1.0,1.0,1.0,,,,1.0,1.0,1.0,,,,1.0,,,,,,,,,
75,Gelsenkirchen,2024-07-17,1,307,4.73,67,,2.0,,1.0,1.0,,,1.0,1.0,1.0,,1.0,,,1.0,1.0,1.0,1.0,1.0,1.0,1.0,1.0,1.0,1.0,1.0,1.0,,1.0,,,,,,,,,
76,Gelsenkirchen,2024-07-17,1,649,5.0,4,,1.0,1.0,1.0,1.0,1.0,1.0,1.0,1.0,1.0,1.0,1.0,1.0,1.0,1.0,1.0,1.0,1.0,1.0,,,1.0,1.0,,,,,,,,,,,,,,
77,Gelsenkirchen,2024-07-17,1,347,4.74,47,,1.0,,1.0,1.0,1.0,1.0,1.0,1.0,,1.0,1.0,1.0,1.0,1.0,1.0,1.0,1.0,1.0,1.0,1.0,1.0,1.0,1.0,1.0,,,,,,,,,,,,
78,Gelsenkirchen,2024-07-17,1,419,4.73,56,,1.0,,1.0,1.0,1.0,1.0,1.0,1.0,,1.0,1.0,1.0,1.0,1.0,1.0,1.0,1.0,1.0,1.0,1.0,1.0,1.0,1.0,1.0,,,,,,,,,,,,
79,Gelsenkirchen,2024-07-17,1,605,4.86,14,2.0,1.0,,1.0,1.0,,,,1.0,1.0,1.0,1.0,1.0,,1.0,1.0,1.0,1.0,1.0,,1.0,,1.0,1.0,1.0,1.0,,,,,,,,,,,
80,Gelsenkirchen,2024-07-17,1,894,,,10.0,1.0,,,,,,,,,,1.0,,,1.0,1.0,1.0,1.0,,,,,1.0,1.0,,,,1.0,,,,,,,,,
81,Gelsenkirchen,2024-07-17,1,790,,,2.0,1.0,,1.0,1.0,1.0,1.0,,1.0,1.0,1.0,,,1.0,1.0,1.0,1.0,1.0,,1.0,,1.0,1.0,,,,,,,,,,,,,,
82,Gelsenkirchen,2024-07-17,1,331,4.65,40,,1.0,,1.0,1.0,1.0,1.0,1.0,1.0,,1.0,1.0,1.0,1.0,1.0,1.0,1.0,1.0,1.0,1.0,1.0,1.0,1.0,1.0,1.0,1.0,,,,,,,,,,,
83,Gelsenkirchen,2024-07-17,1,307,5.0,18,,1.0,,1.0,1.0,1.0,1.0,,1.0,,1.0,1.0,1.0,,1.0,1.0,1.0,1.0,1.0,1.0,,,,,,,,,,,,,,,,,
84,Gelsenkirchen,2024-07-17,1,855,,,2.0,1.0,,1.0,1.0,,,,,,,1.0,,,1.0,1.0,1.0,1.0,,,,,1.0,,,,,,,,,,,,,,
85,Gelsenkirchen,2024-07-17,1,877,,,2.0,2.0,,,,,,,,,,1.0,,,1.0,1.0,1.0,1.0,1.0,,,1.0,,,,,,,,,,,,,,,
86,Gelsenkirchen,2024-07-17,1,631,4.81,16,4.0,2.0,1.0,1.0,1.0,1.0,1.0,1.0,1.0,,1.0,1.0,1.0,1.0,1.0,1.0,,1.0,1.0,1.0,1.0,,1.0,,,,,,,,,,,,,,
87,Gelsenkirchen,2024-07-17,1,623,4.81,28,2.0,3.0,,1.0,1.0,,,1.0,1.0,1.0,1.0,1.0,1.0,,1.0,1.0,1.0,1.0,1.0,,1.0,,1.0,,,1.0,,,,,,,,,,,
88,Gelsenkirchen,2024-07-17,1,701,4.79,20,2.0,1.0,,1.0,1.0,,,,1.0,1.0,,1.0,1.0,,1.0,1.0,1.0,1.0,,,,,1.0,,,,,1.0,,,,,,,,,
89,Gelsenkirchen,2024-07-17,1,658,,,1.0,1.0,,1.0,1.0,,,1.0,1.0,1.0,,1.0,1.0,,1.0,1.0,1.0,1.0,1.0,1.0,1.0,1.0,1.0,,,1.0,,1.0,,,,,,,,,
90,Gelsenkirchen,2024-07-17,1,780,,,2.0,1.0,,1.0,,,,1.0,1.0,1.0,,1.0,,,,1.0,1.0,1.0,1.0,,,,1.0,,,,,,,,,,,,,,
91,Gelsenkirchen,2024-07-17,1,570,,,2.0,2.0,1.0,1.0,,1.0,1.0,1.0,1.0,,,1.0,1.0,1.0,1.0,1.0,,1.0,1.0,1.0,1.0,1.0,1.0,,,1.0,1.0,,,1.0,,,,,,,
92,Gelsenkirchen,2024-07-17,1,539,4.20,5,2.0,1.0,,1.0,1.0,,,,1.0,1.0,1.0,1.0,,1.0,1.0,1.0,1.0,1.0,,,1.0,1.0,1.0,,,1.0,,1.0,,,,,,,,,
93,Gelsenkirchen,2024-07-17,1,746,,,3.0,2.0,,1.0,1.0,1.0,1.0,1.0,1.0,1.0,1.0,1.0,,1.0,1.0,1.0,1.0,1.0,1.0,1.0,,,1.0,,,1.0,,1.0,,,,,,,,,
94,Gelsenkirchen,2024-07-17,1,688,4.70,10,4.0,2.0,,1.0,1.0,,,1.0,1.0,1.0,1.0,1.0,1.0,,1.0,1.0,1.0,1.0,1.0,,,,1.0,,,1.0,,1.0,,,,,,,,,
95,Gelsenkirchen,2024-07-17,1,945,4.75,12,5.0,3.0,1.0,1.0,1.0,1.0,1.0,1.0,1.0,1.0,1.0,1.0,1.0,1.0,1.0,1.0,,1.0,,1.0,1.0,,1.0,1.0,1.0,,,,,,,,,,,,
96,Gelsenkirchen,2024-07-17,1,966,4.80,5,3.0,1.0,,1.0,1.0,,,1.0,1.0,1.0,,1.0,1.0,,1.0,1.0,1.0,1.0,1.0,,,,1.0,1.0,1.0,,,1.0,,,,,,,,,
97,Gelsenkirchen,2024-07-17,1,386,5.0,3,,1.0,,1.0,1.0,1.0,1.0,1.0,1.0,1.0,1.0,1.0,1.0,1.0,1.0,1.0,1.0,1.0,1.0,1.0,1.0,1.0,1.0,,,1.0,,1.0,,,,,,,,,
98,Gelsenkirchen,2024-07-17,1,483,5.0,5,,2.0,1.0,1.0,1.0,1.0,1.0,1.0,1.0,1.0,1.0,1.0,,1.0,1.0,1.0,1.0,1.0,1.0,,1.0,1.0,1.0,,,,,,1.0,,,,,,,,
99,Gelsenkirchen,2024-07-17,1,658,4.38,16,2.0,1.0,,1.0,1.0,1.0,1.0,1.0,1.0,1.0,1.0,1.0,,1.0,1.0,1.0,1.0,1.0,1.0,,1.0,,1.0,,,1.0,,,,,,,,,,,
100,Gelsenkirchen,2024-07-17,1,395,4.67,6,,1.0,,1.0,1.0,,,1.0,1.0,,,1.0,1.0,1.0,1.0,1.0,1.0,1.0,1.0,,1.0,1.0,,,,,,1.0,,,,,,,,,
101,Gelsenkirchen,2024-07-17,1,263,4.29,99,,1.0,,,,,,,,,,1.0,,,1.0,1.0,1.0,1.0,1.0,,,,,,,,,1.0,,,,,,,,,
102,Gelsenkirchen,2024-07-17,1,812,4.0,7,4.0,2.0,,1.0,1.0,1.0,1.0,1.0,1.0,1.0,1.0,1.0,1.0,,1.0,1.0,1.0,1.0,1.0,,,1.0,1.0,1.0,1.0,1.0,,,,,,,,,,,
103,Gelsenkirchen,2024-07-17,1,961,,,2.0,1.0,,1.0,1.0,,,1.0,1.0,1.0,1.0,1.0,,1.0,1.0,1.0,1.0,,,,,,1.0,,,1.0,,,,,,,,,,,
104,Gelsenkirchen,2024-07-17,1,570,4.94,36,,1.0,,1.0,1.0,,,,1.0,1.0,,1.0,1.0,,1.0,1.0,,1.0,1.0,,1.0,,,1.0,1.0,,,,,,,,,,,,
105,Gelsenkirchen,2024-07-17,1,447,,,1.0,1.0,,,,,,,,,,1.0,,,,1.0,,1.0,,,,,,,,,,1.0,,,,,,,,,
106,Gelsenkirchen,2024-07-17,1,623,4.73,40,2.0,2.0,,1.0,1.0,,,1.0,1.0,1.0,1.0,1.0,1.0,,1.0,1.0,1.0,1.0,1.0,,1.0,,1.0,,,1.0,,,,,,,,,,,
107,Gelsenkirchen,2024-07-17,1,668,,,1.0,1.0,,,,,,,,,,1.0,,,1.0,1.0,1.0,1.0,,,,,1.0,,,,,1.0,,,1.0,,,,,,
108,Gelsenkirchen,2024-07-17,1,504,,,4.0,1.0,,1.0,1.0,1.0,1.0,1.0,1.0,,1.0,1.0,1.0,1.0,1.0,1.0,1.0,1.0,1.0,,1.0,,1.0,,,1.0,,1.0,1.0,,,,,,,,
109,Gelsenkirchen,2024-07-17,1,746,4.87,15,2.0,2.0,,1.0,1.0,1.0,1.0,1.0,1.0,1.0,1.0,1.0,1.0,,1.0,1.0,1.0,1.0,1.0,1.0,1.0,,1.0,,,1.0,,,,,,,,,,,
110,Gelsenkirchen,2024-07-17,1,368,4.47,32,,2.0,,1.0,1.0,,,1.0,1.0,1.0,,1.0,,,1.0,1.0,1.0,1.0,1.0,,,1.0,1.0,,,1.0,,1.0,,,,,,,,,
111,Gelsenkirchen,2024-07-17,1,912,,,2.0,1.0,,1.0,,1.0,1.0,1.0,1.0,1.0,1.0,1.0,1.0,1.0,1.0,1.0,1.0,1.0,1.0,1.0,,,1.0,,,,,1.0,,,,,,,,,
112,Gelsenkirchen,2024-07-17,1,553,3.89,9,2.0,1.0,,1.0,1.0,1.0,1.0,,1.0,1.0,1.0,1.0,,1.0,1.0,1.0,1.0,1.0,1.0,,1.0,,1.0,1.0,1.0,,,,,,,,,,,,
113,Gelsenkirchen,2024-07-17,1,298,,,,1.0,,1.0,1.0,,,,,,,,,,1.0,1.0,1.0,,,,,,1.0,,,,,,,,,,,,,,
114,Gelsenkirchen,2024-07-17,1,614,4.71,7,,3.0,,1.0,1.0,,,1.0,1.0,1.0,,1.0,,,1.0,1.0,1.0,1.0,,,,,1.0,,,,,1.0,,,,,,,,,
115,Gelsenkirchen,2024-07-17,1,868,,,3.0,2.0,,,,,,,,,,1.0,,,1.0,1.0,1.0,1.0,,,,,,1.0,1.0,,,1.0,,,,,,,,,
116,Gelsenkirchen,2024-07-17,1,339,,,,1.0,,1.0,1.0,,,1.0,1.0,1.0,,1.0,1.0,,1.0,1.0,1.0,1.0,,,,,1.0,1.0,,,,1.0,,,,,,,,,
117,Gelsenkirchen,2024-07-17,1,399,,,,2.0,,1.0,1.0,1.0,1.0,1.0,1.0,1.0,1.0,1.0,1.0,,1.0,1.0,1.0,1.0,1.0,1.0,1.0,1.0,1.0,1.0,,,1.0,,,1.0,,,,,,,
118,Gelsenkirchen,2024-07-17,1,263,4.88,8,,1.0,,,,,,,,,,1.0,,,,1.0,1.0,1.0,,,,,,,,,,1.0,1.0,,,,,,,,
119,Gelsenkirchen,2024-07-17,1,447,,,,1.0,,1.0,1.0,,,,,1.0,1.0,1.0,,,1.0,1.0,1.0,,,,,,1.0,,,1.0,,,,,,,,,,,
120,Gelsenkirchen,2024-07-17,1,614,4.33,3,4.0,2.0,,1.0,1.0,1.0,1.0,1.0,1.0,1.0,,,,1.0,,1.0,1.0,1.0,1.0,,,,1.0,,,1.0,,,,,,,,,,,
121,Gelsenkirchen,2024-07-17,1,264,,,,1.0,,1.0,1.0,1.0,1.0,1.0,1.0,1.0,,1.0,,1.0,,1.0,1.0,1.0,1.0,1.0,,1.0,1.0,,,1.0,,,,,,,,,,,
122,Gelsenkirchen,2024-07-17,1,527,,,,1.0,,1.0,1.0,,,1.0,1.0,1.0,1.0,1.0,1.0,,1.0,1.0,,1.0,1.0,,,,1.0,,,1.0,,,,,,,,,,,
123,Gelsenkirchen,2024-07-17,1,592,4.75,17,,1.0,,1.0,,,,1.0,1.0,1.0,,,,,,1.0,1.0,1.0,1.0,,,,1.0,,,1.0,,1.0,1.0,,,,,,,,
124,Gelsenkirchen,2024-07-17,1,641,5.0,5,,2.0,,1.0,1.0,,,1.0,,1.0,,1.0,1.0,,1.0,1.0,1.0,1.0,1.0,1.0,1.0,1.0,1.0,,,,,1.0,,,,,,,,,
125,Gelsenkirchen,2024-07-17,1,658,4.92,13,,1.0,,1.0,1.0,1.0,1.0,,1.0,1.0,1.0,1.0,1.0,,1.0,1.0,1.0,1.0,1.0,1.0,1.0,,,1.0,1.0,,,1.0,,,,,,,,,
126,Gelsenkirchen,2024-07-17,1,947,,,2.0,2.0,1.0,1.0,1.0,1.0,1.0,1.0,1.0,1.0,1.0,1.0,,,1.0,1.0,1.0,1.0,1.0,1.0,1.0,1.0,1.0,1.0,1.0,,,,,,,,,,,,
127,Gelsenkirchen,2024-07-17,1,868,,,3.0,1.0,,,,,,,,,,1.0,,,1.0,1.0,1.0,1.0,,,,,,1.0,1.0,,,1.0,,,,,,,,,
128,Gelsenkirchen,2024-07-17,1,570,,,,1.0,,,,,,,,,,,,,1.0,1.0,1.0,1.0,,,,,1.0,,,,,1.0,,,,,,,,,
129,Gelsenkirchen,2024-07-17,1,460,5.0,9,,1.0,,,,,,,,,,1.0,,,1.0,1.0,1.0,1.0,,,,,1.0,,,,,1.0,,1.0,,,,,,,
130,Gelsenkirchen,2024-07-17,1,683,,,2.0,1.0,,1.0,1.0,,,,1.0,,1.0,1.0,,1.0,1.0,1.0,1.0,1.0,1.0,,,,1.0,,,,,1.0,,,,,,,,,
131,Gelsenkirchen,2024-07-17,1,658,4.70,10,,1.0,,1.0,1.0,,,1.0,1.0,1.0,,1.0,1.0,,1.0,1.0,1.0,1.0,1.0,1.0,1.0,1.0,1.0,,,1.0,,1.0,,,,,,,,,
132,Gelsenkirchen,2024-07-17,1,660,4.33,9,5.0,2.0,1.0,,,,,,,,,1.0,,,1.0,1.0,1.0,1.0,1.0,,,1.0,1.0,,,,,1.0,,,,,,,,,
133,Gelsenkirchen,2024-07-17,1,595,,,3.0,3.0,,,,,,,,,,1.0,,,1.0,1.0,1.0,1.0,,,,,,,,,,1.0,,,,,,,,,
134,Gelsenkirchen,2024-07-17,1,824,5.0,8,3.0,1.0,,1.0,1.0,1.0,1.0,1.0,1.0,1.0,,1.0,,,1.0,1.0,1.0,1.0,1.0,,1.0,1.0,1.0,,,,,1.0,,,,,,,,,
135,Gelsenkirchen,2024-07-17,1,363,,,,1.0,,1.0,1.0,1.0,1.0,1.0,1.0,,1.0,1.0,1.0,,1.0,1.0,1.0,1.0,1.0,1.0,1.0,1.0,1.0,1.0,1.0,1.0,,1.0,,,,,,,,,
136,Gelsenkirchen,2024-07-17,1,561,,,,1.0,1.0,1.0,,1.0,1.0,1.0,1.0,1.0,1.0,1.0,1.0,1.0,1.0,1.0,,1.0,1.0,1.0,1.0,1.0,1.0,,,,,,1.0,,,,,,,,
137,Gelsenkirchen,2024-07-17,1,443,,,,1.0,,1.0,1.0,1.0,1.0,1.0,1.0,,1.0,1.0,1.0,,1.0,1.0,1.0,1.0,1.0,1.0,1.0,1.0,1.0,1.0,1.0,1.0,,1.0,,,,,,,,,
138,Gelsenkirchen,2024-07-17,1,517,,,,1.0,,,,,,,,,,1.0,,,1.0,1.0,1.0,1.0,,,,,1.0,1.0,1.0,,,1.0,,,,,,,,,
139,Gelsenkirchen,2024-07-17,1,285,,,,1.0,,1.0,1.0,,,,1.0,,,,,1.0,,1.0,1.0,1.0,,,,,,,,,,,,,,,,,,,
140,Gelsenkirchen,2024-07-17,1,465,4.14,7,4.0,1.0,,,,,,,,,,,,,,1.0,1.0,1.0,,,,,,,,,,,,,,,,,,,
141,Gelsenkirchen,2024-07-17,1,538,,,2.0,1.0,,1.0,1.0,1.0,1.0,1.0,1.0,,1.0,1.0,1.0,,1.0,1.0,1.0,1.0,1.0,1.0,1.0,1.0,1.0,1.0,1.0,1.0,,1.0,,,,,,,,,
142,Gelsenkirchen,2024-07-17,1,522,,,1.0,1.0,,1.0,1.0,,,,,1.0,1.0,1.0,,,1.0,1.0,1.0,,,,,,1.0,,,1.0,,,,,,,,,,,
143,Gelsenkirchen,2024-07-17,1,780,,,2.0,1.0,,1.0,1.0,,,,,1.0,,1.0,,,1.0,1.0,1.0,1.0,,,,,1.0,,,,,1.0,,,,,,,,,
144,Gelsenkirchen,2024-07-17,1,491,,,3.0,2.0,,,,,,,,,,1.0,,,,,,1.0,,,,,,,,,,,,,,,,,,,
145,Gelsenkirchen,2024-07-17,1,868,,,2.0,1.0,,,,,,,,,,1.0,,,1.0,1.0,1.0,1.0,,,,,,1.0,1.0,,,1.0,,,,,,,,,
146,Gelsenkirchen,2024-07-17,1,623,4.25,4,2.0,3.0,,1.0,1.0,,,1.0,1.0,1.0,1.0,1.0,1.0,,1.0,1.0,1.0,1.0,1.0,,1.0,,1.0,,,1.0,,,,,,,,,,,
147,Gelsenkirchen,2024-07-17,1,641,4.71,17,,3.0,,1.0,1.0,,,1.0,1.0,1.0,,1.0,1.0,,1.0,1.0,1.0,1.0,1.0,1.0,1.0,1.0,1.0,,,1.0,,1.0,,,,,,,,,
148,Gelsenkirchen,2024-07-17,1,483,,,2.0,1.0,,,,,,,,,,,,,1.0,1.0,,1.0,,,,,,,,,,,,,,,,,,,
149,Gelsenkirchen,2024-07-17,1,510,,,4.0,2.0,,,,,,,,,,1.0,,,1.0,1.0,,1.0,,,,,,,,,,,,,,,,,,,
150,Gelsenkirchen,2024-07-17,1,644,,,2.0,1.0,,1.0,1.0,1.0,1.0,1.0,,1.0,,1.0,,1.0,1.0,1.0,1.0,1.0,,1.0,1.0,1.0,1.0,,,,,1.0,,,1.0,,,,,,
151,Gelsenkirchen,2024-07-17,1,272,3.75,4,,1.0,,1.0,1.0,,,,1.0,,,,,1.0,,1.0,1.0,1.0,1.0,,,,1.0,,,,,,,,,,,,,,
152,Gelsenkirchen,2024-07-17,1,746,,,2.0,1.0,,1.0,1.0,1.0,1.0,,1.0,,1.0,1.0,1.0,1.0,,1.0,1.0,1.0,1.0,,1.0,,1.0,,,,,,,,,,,,,,
153,Gelsenkirchen,2024-07-17,1,734,,,2.0,2.0,1.0,,,,,,,,,,,,,1.0,,1.0,1.0,,,1.0,1.0,,,,,1.0,,,,,,,,,
154,Gelsenkirchen,2024-07-17,1,894,,,,1.0,,1.0,1.0,,,1.0,,1.0,,1.0,,,1.0,1.0,1.0,1.0,,,1.0,1.0,1.0,,,,,,,,,,,,,,
155,Gelsenkirchen,2024-07-17,1,517,,,,2.0,,,,,,,,,,1.0,,,,1.0,1.0,1.0,1.0,,,1.0,1.0,,,,,1.0,,,,,,,,,
156,Gelsenkirchen,2024-07-17,1,339,,,2.0,1.0,,1.0,1.0,1.0,1.0,1.0,,1.0,1.0,1.0,1.0,,1.0,1.0,,1.0,1.0,1.0,1.0,1.0,1.0,1.0,1.0,,,1.0,1.0,1.0,,,,,,,
157,Gelsenkirchen,2024-07-17,1,746,4.33,3,2.0,,1.0,1.0,,,,,1.0,,,,,,,1.0,1.0,1.0,,,,1.0,1.0,,,,,,1.0,,,,,,,,
158,Gelsenkirchen,2024-07-17,1,641,,,,1.0,,1.0,1.0,,,1.0,,1.0,,1.0,1.0,,1.0,1.0,1.0,1.0,1.0,1.0,1.0,1.0,1.0,,,1.0,,1.0,,,,,,,,,
159,Gelsenkirchen,2024-07-17,1,919,4.67,9,,4.0,,1.0,1.0,,,1.0,1.0,1.0,,1.0,1.0,,1.0,1.0,1.0,1.0,,1.0,,1.0,1.0,,,1.0,,1.0,,,,,,,,,
160,Gelsenkirchen,2024-07-17,1,833,,,,2.0,,,,,,,,,,1.0,,,1.0,1.0,1.0,1.0,,,,,1.0,,,,,1.0,,,,,,,,,
161,Gelsenkirchen,2024-07-17,1,723,5.0,6,,1.0,,1.0,1.0,,,1.0,1.0,1.0,,,,,1.0,1.0,1.0,1.0,,,,,1.0,,,,,1.0,,,,,,,,,
162,Gelsenkirchen,2024-07-17,1,768,,,2.0,3.0,,1.0,1.0,,,,1.0,,,1.0,,,1.0,1.0,1.0,1.0,1.0,,,1.0,,,,1.0,,,,,,,,,,,
163,Gelsenkirchen,2024-07-17,1,660,3.33,3,2.0,2.0,,1.0,1.0,,,1.0,,1.0,,1.0,1.0,,1.0,1.0,1.0,1.0,,,1.0,1.0,1.0,,,,,1.0,,,,,,,,,
164,Gelsenkirchen,2024-07-17,1,439,5.0,3,,2.0,,1.0,1.0,1.0,1.0,1.0,1.0,,1.0,1.0,1.0,,1.0,1.0,1.0,1.0,1.0,1.0,1.0,1.0,1.0,,,1.0,,1.0,,,,,,,,,
165,Gelsenkirchen,2024-07-17,1,553,,,,1.0,,,,,,,,,,1.0,,,,1.0,1.0,1.0,,,,,1.0,,,,,1.0,1.0,,,,,,,,
166,Gelsenkirchen,2024-07-17,1,919,,,,2.0,,1.0,1.0,,,1.0,1.0,1.0,,1.0,1.0,,1.0,1.0,1.0,1.0,1.0,1.0,1.0,1.0,1.0,,,1.0,,1.0,,,,,,,,,
167,Gelsenkirchen,2024-07-17,1,307,,,,1.0,,1.0,,1.0,1.0,,1.0,,1.0,1.0,1.0,,1.0,1.0,1.0,1.0,1.0,1.0,,1.0,1.0,,,1.0,,1.0,,,,,,,,,
168,Gelsenkirchen,2024-07-17,1,789,,,4.0,2.0,,,,,,,,,,1.0,,,1.0,1.0,1.0,1.0,,,,,,,,,1.0,1.0,,,,,,,,,
169,Gelsenkirchen,2024-07-17,1,641,4.50,4,,1.0,,1.0,1.0,,,1.0,1.0,1.0,,1.0,1.0,,1.0,1.0,1.0,1.0,1.0,1.0,1.0,1.0,1.0,,,1.0,,1.0,,,,,,,,,
170,Gelsenkirchen,2024-07-17,1,307,,,,1.0,,,,,,,,,,1.0,,,1.0,1.0,1.0,1.0,1.0,,,,,,,,,1.0,,,,,,,,,
171,Gelsenkirchen,2024-07-17,1,636,,,3.0,1.0,,,,,,,,,,1.0,1.0,,1.0,1.0,1.0,1.0,,,,1.0,,,,,,1.0,,,,,,,,,
172,Gelsenkirchen,2024-07-17,1,340,,,2.0,1.0,,,,,,,,,,1.0,,,1.0,1.0,,1.0,,,,,1.0,,,,,,,,,,,,,,
173,Gelsenkirchen,2024-07-17,1,509,,,,1.0,,1.0,1.0,1.0,1.0,1.0,1.0,,1.0,1.0,1.0,,1.0,1.0,1.0,1.0,1.0,1.0,1.0,1.0,1.0,,,1.0,,1.0,,,,,,,,,
174,Gelsenkirchen,2024-07-17,1,421,4.50,4,,1.0,,1.0,,1.0,1.0,,1.0,,1.0,1.0,1.0,,1.0,1.0,1.0,1.0,1.0,1.0,,1.0,,,,1.0,,1.0,,,,,,,,,
175,Gelsenkirchen,2024-07-17,1,465,,,,1.0,,1.0,,1.0,1.0,,1.0,,1.0,1.0,1.0,,1.0,1.0,1.0,1.0,1.0,1.0,,1.0,,,,1.0,,1.0,1.0,,,,,,,,
176,Gelsenkirchen,2024-07-17,1,451,,,,1.0,,1.0,,1.0,1.0,,1.0,,1.0,1.0,1.0,,1.0,1.0,1.0,1.0,1.0,1.0,,1.0,,1.0,,1.0,,1.0,1.0,,,,,,,,
177,Gelsenkirchen,2024-07-17,1,539,,,,2.0,,1.0,,1.0,1.0,1.0,1.0,,,,,1.0,,1.0,1.0,1.0,,,,,,,,,,,,,,,,,,,
178,Gelsenkirchen,2024-07-17,1,526,,,2.0,1.0,,,,,,,,,,1.0,,,,,,1.0,,,,,,,,,,1.0,,,,,,,,,
179,Gelsenkirchen,2024-07-17,1,483,3.50,4,,1.0,1.0,1.0,1.0,1.0,1.0,1.0,1.0,,1.0,1.0,1.0,1.0,1.0,1.0,1.0,1.0,1.0,1.0,1.0,1.0,1.0,,,,,,,,,,,,,,
180,Gelsenkirchen,2024-07-17,1,426,3.0,5,,1.0,,1.0,,1.0,1.0,,1.0,,1.0,1.0,1.0,1.0,1.0,1.0,1.0,1.0,1.0,1.0,,1.0,1.0,1.0,,,,1.0,1.0,,,,,,,,
181,Gelsenkirchen,2024-07-17,1,483,,,,1.0,,1.0,1.0,,,1.0,1.0,,,1.0,,,,1.0,1.0,1.0,,,,,1.0,,,,,1.0,,,,,,,,,
182,Gelsenkirchen,2024-07-17,1,364,,,,1.0,,1.0,,1.0,1.0,,1.0,,1.0,1.0,1.0,,1.0,1.0,1.0,1.0,1.0,1.0,,1.0,1.0,,,1.0,,1.0,,,,,,,,,
183,Gelsenkirchen,2024-07-17,1,814,,,4.0,4.0,,,,,,,,,,1.0,,,1.0,1.0,1.0,,,,,,1.0,,,,,,,,,,,,,,
184,Gelsenkirchen,2024-07-17,1,701,,,,1.0,,,,,,,,1.0,,,,,1.0,1.0,1.0,1.0,,,1.0,,1.0,,,,,1.0,,,,,,,,,
185,Gelsenkirchen,2024-07-17,1,451,,,,1.0,,1.0,,1.0,1.0,,1.0,,1.0,1.0,1.0,,1.0,1.0,1.0,1.0,1.0,1.0,,1.0,,,,1.0,,1.0,1.0,,,,,,,,
186,Gelsenkirchen,2024-07-17,1,483,,,,1.0,,1.0,,1.0,1.0,,1.0,,1.0,1.0,1.0,,,1.0,1.0,1.0,1.0,1.0,,1.0,,,,1.0,,1.0,1.0,,,,,,,,
187,Gelsenkirchen,2024-07-17,1,351,,,2.0,1.0,,1.0,,,,,1.0,,,,1.0,1.0,,1.0,1.0,1.0,1.0,,,1.0,1.0,,,,,,,,,,,,,,
188,Gelsenkirchen,2024-07-17,1,298,,,,1.0,,,,,,,,,,1.0,,,1.0,1.0,1.0,1.0,,,,,1.0,,,,,1.0,,,,,,,,,
189,Gelsenkirchen,2024-07-17,1,614,,,,1.0,,1.0,,,,1.0,,,,1.0,,,,1.0,1.0,1.0,,,,,1.0,,,,,,,,,,,,,,
190,Gelsenkirchen,2024-07-17,1,1677,4.91,33,8.0,5.0,,1.0,1.0,,,,,,1.0,1.0,1.0,,1.0,1.0,1.0,1.0,1.0,1.0,1.0,,1.0,1.0,,1.0,,,,,,,,,,,
191,Gelsenkirchen,2024-07-17,1,1483,4.95,21,4.0,1.0,,1.0,1.0,,,,1.0,1.0,,1.0,1.0,,1.0,1.0,1.0,1.0,1.0,1.0,,1.0,1.0,,,,1.0,1.0,,,,,,,,,
192,Gelsenkirchen,2024-07-17,1,1052,4.91,22,4.0,4.0,,1.0,1.0,1.0,1.0,1.0,1.0,1.0,1.0,1.0,1.0,1.0,1.0,1.0,,1.0,,1.0,1.0,1.0,1.0,,,,,,,,,,,,,,
193,Gelsenkirchen,2024-07-17,1,1096,4.97,30,13.0,8.0,,1.0,1.0,,,1.0,1.0,1.0,1.0,1.0,1.0,,1.0,1.0,1.0,1.0,1.0,1.0,1.0,1.0,1.0,,,1.0,1.0,1.0,,,,,,,,,
194,Gelsenkirchen,2024-07-17,1,1091,4.62,39,5.0,3.0,,1.0,1.0,,,,1.0,1.0,,1.0,1.0,,1.0,1.0,1.0,1.0,1.0,1.0,,1.0,1.0,1.0,1.0,,,1.0,,,,,,,,,
195,Gelsenkirchen,2024-07-17,1,1170,4.94,33,2.0,1.0,,1.0,1.0,,,1.0,1.0,1.0,,1.0,1.0,,1.0,1.0,1.0,1.0,1.0,1.0,,1.0,1.0,1.0,,,,1.0,,,,,,,,,
196,Gelsenkirchen,2024-07-17,1,1184,5.0,6,5.0,2.0,1.0,1.0,1.0,1.0,1.0,1.0,1.0,1.0,1.0,1.0,1.0,1.0,1.0,1.0,,1.0,1.0,,1.0,1.0,1.0,,,,,,,,,,,,,,
197,Gelsenkirchen,2024-07-17,1,1193,4.80,94,6.0,4.0,1.0,1.0,1.0,1.0,1.0,1.0,1.0,1.0,1.0,1.0,1.0,,1.0,1.0,,1.0,1.0,1.0,1.0,1.0,1.0,1.0,1.0,1.0,,,,,,,,,,,
198,Gelsenkirchen,2024-07-17,1,1302,4.55,29,7.0,5.0,,1.0,,,,1.0,,1.0,,1.0,,,1.0,1.0,1.0,1.0,,,1.0,,1.0,,,,,1.0,,,,,,,,,
199,Gelsenkirchen,2024-07-17,1,1347,,,2.0,2.0,1.0,1.0,1.0,1.0,1.0,1.0,1.0,1.0,1.0,1.0,1.0,,1.0,1.0,1.0,1.0,1.0,1.0,1.0,1.0,1.0,,,1.0,,,,1.0,1.0,,,,,,
200,Gelsenkirchen,2024-07-17,1,1807,4.65,114,2.0,1.0,,1.0,1.0,,,1.0,1.0,1.0,1.0,1.0,,,1.0,1.0,1.0,1.0,1.0,1.0,,,1.0,1.0,,1.0,,,,,,,,,,,
201,Gelsenkirchen,2024-07-17,1,1507,4.62,13,4.0,2.0,1.0,1.0,1.0,1.0,1.0,1.0,1.0,1.0,1.0,1.0,1.0,,1.0,1.0,1.0,1.0,1.0,1.0,1.0,1.0,1.0,,,1.0,,,,1.0,1.0,,,,,,
202,Gelsenkirchen,2024-07-17,1,1600,4.60,5,4.0,2.0,,1.0,1.0,1.0,1.0,1.0,1.0,1.0,1.0,1.0,1.0,,1.0,1.0,1.0,1.0,1.0,1.0,1.0,,1.0,,,1.0,,1.0,,,,,,,,,
203,Gelsenkirchen,2024-07-17,1,1263,4.90,11,2.0,1.0,,1.0,1.0,,,1.0,,1.0,,1.0,1.0,,1.0,1.0,1.0,1.0,1.0,1.0,,,,,,,,1.0,,,,,,,,,
204,Gelsenkirchen,2024-07-17,1,1026,4.83,6,5.0,5.0,1.0,1.0,1.0,,,,,,,1.0,,,1.0,1.0,1.0,1.0,1.0,,,,1.0,1.0,1.0,,,,,,,,,,,,
205,Gelsenkirchen,2024-07-17,1,1850,,,2.0,1.0,,1.0,1.0,,,,1.0,1.0,1.0,1.0,1.0,,1.0,1.0,1.0,1.0,1.0,1.0,1.0,1.0,1.0,,,,1.0,1.0,,1.0,1.0,,,,,,
206,Gelsenkirchen,2024-07-17,1,1021,,,4.0,3.0,,1.0,,1.0,1.0,1.0,1.0,1.0,,1.0,1.0,1.0,1.0,,,1.0,1.0,1.0,,1.0,1.0,,,,,,,,,,,,,,
207,Gelsenkirchen,2024-07-17,1,1490,,,2.0,1.0,,1.0,1.0,1.0,1.0,1.0,1.0,1.0,1.0,1.0,1.0,1.0,1.0,1.0,,1.0,1.0,1.0,1.0,1.0,1.0,1.0,,1.0,,,,,,,,,,,
208,Gelsenkirchen,2024-07-17,1,1008,,,6.0,3.0,,,,,,,,,,1.0,,,1.0,1.0,1.0,1.0,,,,,,,,,,1.0,,,,,,,,,
209,Gelsenkirchen,2024-07-17,1,1490,5.0,5,6.0,5.0,,1.0,1.0,,,,,1.0,,1.0,,,1.0,1.0,1.0,1.0,,,,,1.0,,,,,1.0,,,,,,,,,
210,Gelsenkirchen,2024-07-17,1,1184,,,2.0,1.0,,1.0,1.0,,,,,,,1.0,,,1.0,1.0,1.0,1.0,1.0,,,,,1.0,1.0,,,,,,,,,,,,
211,Gelsenkirchen,2024-07-17,1,1792,,,2.0,1.0,,1.0,1.0,1.0,1.0,1.0,1.0,1.0,1.0,1.0,,1.0,1.0,1.0,1.0,1.0,1.0,1.0,,1.0,1.0,1.0,1.0,1.0,,1.0,,,,,,,,,
212,Gelsenkirchen,2024-07-17,1,1026,,,2.0,1.0,,1.0,1.0,,,,,,,1.0,1.0,,,1.0,1.0,1.0,1.0,,,,,1.0,1.0,,,,,,,,,,,,
213,Gelsenkirchen,2024-07-17,1,995,,,2.0,4.0,1.0,,,,,,,,,1.0,,,1.0,1.0,1.0,1.0,1.0,,,1.0,1.0,,,,,1.0,,,,,,,,,
214,Gelsenkirchen,2024-07-17,1,1340,,,6.0,3.0,,,,,,,,,,1.0,,,1.0,1.0,1.0,1.0,,,,1.0,,,,,,1.0,,,,,,,,,
215,Gelsenkirchen,2024-07-17,1,1013,,,4.0,2.0,,1.0,,,,,,,,1.0,,1.0,1.0,1.0,,1.0,,,,1.0,1.0,,,,,,,,,,,,,,
216,Gelsenkirchen,2024-07-17,1,1647,,,2.0,1.0,,1.0,,,,,1.0,,,1.0,1.0,,1.0,1.0,1.0,1.0,1.0,1.0,1.0,1.0,1.0,,,1.0,,1.0,,,,,,,,,
217,Gelsenkirchen,2024-07-17,1,1081,,,2.0,1.0,,1.0,1.0,,,1.0,1.0,1.0,1.0,1.0,,1.0,1.0,1.0,1.0,,,,,,1.0,,,1.0,,,,,,,,,,,
218,Gelsenkirchen,2024-07-17,1,1096,,,3.0,2.0,,1.0,1.0,,,,,1.0,,1.0,,,1.0,1.0,1.0,1.0,,,,,1.0,,,,,1.0,,,,,,,,,
219,Gelsenkirchen,2024-07-17,1,1052,,,6.0,6.0,,,,,,,,,,1.0,,,1.0,1.0,1.0,1.0,,,,,1.0,,,,,1.0,,,,,,,,,
220,Gelsenkirchen,2024-07-17,1,1114,,,2.0,1.0,,,,,,,,,,1.0,,,1.0,1.0,1.0,,,,,,,1.0,1.0,,,,,,,,,,,,
221,Gelsenkirchen,2024-07-17,1,1006,,,2.0,1.0,1.0,1.0,1.0,,,1.0,1.0,1.0,1.0,1.0,,1.0,1.0,1.0,1.0,,,,,,1.0,,,1.0,,,,,,,,,,,
222,Gelsenkirchen,2024-07-17,1,1647,,,2.0,1.0,,1.0,,,,,1.0,,,1.0,1.0,,1.0,1.0,1.0,1.0,1.0,1.0,1.0,1.0,1.0,,,1.0,,1.0,,,,,,,,,
223,Gelsenkirchen,2024-07-17,1,1043,,,3.0,2.0,,1.0,1.0,1.0,1.0,1.0,1.0,1.0,1.0,1.0,1.0,,1.0,1.0,1.0,1.0,1.0,1.0,1.0,1.0,1.0,,,,,1.0,,,,,,,,,
224,Gelsenkirchen,2024-07-17,1,1841,,,6.0,3.0,,,,,,,,,,1.0,1.0,,,1.0,1.0,1.0,1.0,,,1.0,1.0,,,,,,1.0,,,,,,,,
225,Gelsenkirchen,2024-07-17,1,1140,,,1.0,1.0,,,,,,,,,,1.0,,,1.0,1.0,1.0,1.0,,,,,1.0,,,,,1.0,,,,,,,,,
226,Gelsenkirchen,2024-07-17,1,1907,,,2.0,2.0,,1.0,1.0,,,,,1.0,,1.0,,,1.0,1.0,1.0,1.0,,,,,1.0,,,,,1.0,,,,,,,,,
