,city,date,treat,price,rating,omtaler,gæster,soveværelser,bathroom,hair dryer,shampoo,hot water,washing machine,hangers,bed linen,blackout curtains,entertainment,fireplace,security,work,wi-fi,kitchen,refrigerator,family,attractions nearby,outdoor,parkering and faciliteter,host,mailbox,dishwasher,view,other,cleaning products,temperature,fitness equipment,pool etc.,smoking allowed,Sights,Safety,Shopping,Location,Climate,Affordability
0,Herning,2024-07-17,0,612,4.49,328,4.0,2.0,1.0,1.0,1.0,1.0,1.0,1.0,1.0,1.0,1.0,1.0,1.0,1.0,1.0,1.0,1.0,1.0,1.0,1.0,1.0,1.0,1.0,,,,,,,,,,,,,,
1,Herning,2024-07-17,0,394,4.95,220,,1.0,1.0,1.0,1.0,1.0,1.0,1.0,,,,,1.0,1.0,1.0,1.0,1.0,1.0,,1.0,1.0,,,1.0,,,,,,,,,,,,,
2,Herning,2024-07-17,0,380,4.83,52,,1.0,1.0,1.0,1.0,1.0,,,,1.0,1.0,1.0,1.0,1.0,,1.0,1.0,1.0,1.0,1.0,1.0,1.0,1.0,,1.0,1.0,1.0,1.0,,,,,,,,,
3,Herning,2024-07-17,0,647,4.81,117,4.0,4.0,,,,,1.0,1.0,,,1.0,,1.0,1.0,1.0,1.0,,,,,1.0,,,,,,,,,,,,,,,,
4,Herning,2024-07-17,0,236,4.84,74,2.0,1.0,1.0,,,1.0,,,,,,,1.0,1.0,1.0,1.0,1.0,1.0,1.0,1.0,1.0,,,,,,,,,,,,,,,,
5,Herning,2024-07-17,0,765,5.0,8,2.0,2.0,1.0,,,1.0,,1.0,,,,,1.0,,,1.0,1.0,,1.0,1.0,1.0,1.0,1.0,1.0,1.0,1.0,1.0,1.0,,,,,,,,,
6,Herning,2024-07-17,0,571,,,2.0,2.0,1.0,1.0,1.0,1.0,,1.0,,1.0,1.0,,1.0,1.0,1.0,1.0,1.0,,1.0,1.0,1.0,,,,,1.0,1.0,1.0,,,,,,,,,
7,Herning,2024-07-17,0,531,4.94,177,,3.0,1.0,1.0,1.0,1.0,1.0,1.0,1.0,1.0,1.0,,1.0,1.0,1.0,1.0,1.0,1.0,1.0,1.0,1.0,1.0,1.0,1.0,,,,,,,,,,,,,
8,Herning,2024-07-17,0,550,4.91,96,4.0,3.0,1.0,1.0,1.0,1.0,,1.0,1.0,,1.0,,1.0,1.0,,1.0,1.0,1.0,1.0,1.0,1.0,1.0,1.0,,,,,,,,,,,,,,
9,Herning,2024-07-17,0,300,4.95,79,,2.0,1.0,1.0,1.0,1.0,,1.0,,,,,1.0,1.0,1.0,1.0,1.0,1.0,1.0,1.0,1.0,1.0,1.0,,1.0,1.0,1.0,1.0,,,,,,,,,
10,Herning,2024-07-17,0,677,4.89,94,,5.0,1.0,1.0,1.0,1.0,,1.0,1.0,1.0,1.0,,1.0,1.0,,1.0,1.0,1.0,1.0,1.0,1.0,1.0,,,1.0,1.0,1.0,,1.0,,,,,,,,
11,Herning,2024-07-17,0,500,4.94,16,2.0,2.0,1.0,1.0,1.0,1.0,,1.0,,1.0,1.0,,1.0,1.0,1.0,1.0,1.0,,1.0,,1.0,,,,,1.0,1.0,1.0,,,,,,,,,
12,Herning,2024-07-17,0,383,4.71,70,4.0,3.0,1.0,,,1.0,,1.0,1.0,1.0,1.0,,1.0,1.0,1.0,1.0,1.0,,1.0,1.0,1.0,1.0,1.0,1.0,,1.0,1.0,,,,,,,,,,
13,Herning,2024-07-17,0,471,5.0,15,,1.0,1.0,1.0,1.0,1.0,,1.0,,1.0,1.0,,,1.0,1.0,1.0,1.0,1.0,,1.0,1.0,,,1.0,1.0,1.0,1.0,,1.0,,,,,,,,
14,Herning,2024-07-17,0,741,5.0,22,,2.0,1.0,1.0,1.0,1.0,,1.0,,,1.0,,1.0,1.0,1.0,1.0,1.0,1.0,,1.0,1.0,1.0,,,,1.0,1.0,1.0,,,,,,,,,
15,Herning,2024-07-17,0,441,4.87,15,,3.0,1.0,1.0,,,,,1.0,,,,,1.0,1.0,1.0,1.0,,,1.0,1.0,,,,,,,,,,,,,,,,
16,Herning,2024-07-17,0,506,4.66,68,2.0,2.0,1.0,,,1.0,,1.0,1.0,,1.0,1.0,1.0,1.0,,1.0,1.0,1.0,1.0,1.0,1.0,,,,1.0,,,,,,,,,,,,
17,Herning,2024-07-17,0,436,4.69,13,,1.0,1.0,1.0,1.0,1.0,,1.0,,1.0,1.0,,1.0,1.0,,1.0,,1.0,1.0,1.0,1.0,1.0,1.0,1.0,1.0,1.0,1.0,1.0,,,,,,,,,
18,Herning,2024-07-17,0,588,5.0,20,2.0,2.0,1.0,1.0,1.0,1.0,,1.0,1.0,1.0,1.0,,1.0,1.0,1.0,1.0,1.0,1.0,1.0,1.0,1.0,,,,,,,,,,,,,,,,
19,Herning,2024-07-17,0,471,4.80,25,,,,,,,1.0,,,,1.0,,1.0,1.0,1.0,1.0,1.0,,,1.0,1.0,,,,1.0,,,,,,,,,,,,
20,Herning,2024-07-17,0,677,4.63,8,3.0,1.0,1.0,,,1.0,,,,1.0,,,1.0,1.0,,1.0,1.0,1.0,1.0,1.0,,,,,1.0,1.0,1.0,,,,,,,,,,
21,Herning,2024-07-17,0,380,4.79,62,,2.0,1.0,1.0,,1.0,,,1.0,1.0,,,1.0,1.0,,1.0,1.0,1.0,1.0,1.0,1.0,1.0,1.0,1.0,1.0,1.0,1.0,1.0,,,,,,,,,
22,Herning,2024-07-17,0,471,4.32,42,5.0,4.0,1.0,,1.0,1.0,1.0,1.0,1.0,,1.0,,1.0,1.0,1.0,1.0,1.0,,1.0,1.0,1.0,,,1.0,,,,,,,,,,,,,
23,Herning,2024-07-17,0,647,4.82,97,4.0,2.0,1.0,,,1.0,,1.0,,,1.0,,1.0,1.0,,1.0,1.0,1.0,1.0,1.0,1.0,1.0,1.0,,,1.0,1.0,,,,,,,,,,
24,Herning,2024-07-17,0,530,5.0,6,,1.0,1.0,1.0,,,1.0,,,,1.0,,,1.0,1.0,1.0,,,,,1.0,1.0,1.0,,,,,,,,,,,,,,
25,Herning,2024-07-17,0,659,4.80,25,,1.0,1.0,,,1.0,,,1.0,1.0,1.0,,1.0,1.0,1.0,1.0,1.0,1.0,1.0,1.0,1.0,1.0,1.0,,1.0,,,1.0,,,,,,,,,
26,Herning,2024-07-17,0,812,5.0,4,3.0,2.0,1.0,,,1.0,,1.0,,1.0,1.0,,1.0,1.0,1.0,1.0,1.0,1.0,1.0,1.0,1.0,,,,,1.0,1.0,1.0,,,,,,,,,
27,Herning,2024-07-17,0,412,5.0,59,5.0,5.0,1.0,1.0,1.0,1.0,1.0,1.0,,,1.0,,1.0,1.0,1.0,1.0,1.0,1.0,1.0,1.0,1.0,1.0,1.0,,1.0,,,,,,,,,,,,
28,Herning,2024-07-17,0,559,4.79,19,,1.0,1.0,1.0,1.0,1.0,1.0,1.0,,,1.0,,1.0,,,,,,1.0,,1.0,,,,,,,,,,,,,,,,
29,Herning,2024-07-17,0,418,4.70,40,,1.0,1.0,1.0,1.0,1.0,,1.0,1.0,1.0,1.0,,1.0,1.0,,1.0,1.0,,1.0,1.0,1.0,1.0,1.0,,,,,,,,,,,,,,
30,Herning,2024-07-17,0,512,4.88,8,2.0,1.0,,,,,,,,,,,1.0,,,1.0,,,,,1.0,,,,,,,,,,,,,,,,
31,Herning,2024-07-17,0,497,4.82,11,,1.0,1.0,,,1.0,,1.0,1.0,,1.0,,1.0,1.0,,1.0,1.0,1.0,1.0,1.0,1.0,1.0,1.0,,,1.0,1.0,,,,,,,,,,
32,Herning,2024-07-17,0,581,4.39,18,,2.0,,,,,,,,,1.0,,,1.0,1.0,1.0,,,,,1.0,1.0,1.0,,,,,,,,,,,,,,
33,Herning,2024-07-17,0,588,4.71,24,3.0,2.0,1.0,,,,,,,,,,1.0,1.0,1.0,1.0,1.0,,,1.0,1.0,,,,1.0,1.0,1.0,1.0,,,,,,,,,
34,Herning,2024-07-17,0,530,4.33,9,,1.0,1.0,1.0,,,1.0,,,,,,1.0,1.0,1.0,1.0,,,,1.0,1.0,1.0,1.0,,,,,,,,,,,,,,
35,Herning,2024-07-17,0,683,4.82,17,6.0,2.0,1.0,,,1.0,,1.0,,1.0,1.0,,,1.0,1.0,1.0,1.0,1.0,1.0,,1.0,1.0,1.0,,,1.0,1.0,1.0,,,,,,,,,
36,Herning,2024-07-17,0,412,4.96,24,,1.0,1.0,1.0,1.0,1.0,,1.0,,1.0,1.0,,1.0,1.0,1.0,1.0,1.0,,,1.0,1.0,1.0,1.0,,,,,,,,,,,,,,
37,Herning,2024-07-17,0,706,5.0,7,,1.0,1.0,,1.0,1.0,,1.0,,,1.0,,,1.0,1.0,1.0,1.0,,1.0,1.0,1.0,1.0,1.0,,,1.0,1.0,1.0,,,,,,,,,
38,Herning,2024-07-17,0,444,,,,2.0,1.0,,,1.0,1.0,1.0,,,1.0,,1.0,1.0,1.0,1.0,1.0,1.0,,1.0,1.0,,,,,,,1.0,,,,,,,,,
39,Herning,2024-07-17,0,294,4.72,25,,4.0,,,,,,,,,,,1.0,1.0,,,,,1.0,1.0,1.0,,,,,,,,,,,,,,,,
40,Herning,2024-07-17,0,765,4.53,43,4.0,4.0,,,,,1.0,,,,1.0,,,1.0,1.0,1.0,1.0,,,1.0,1.0,,,,,,,,,,,,,,,,
41,Herning,2024-07-17,0,588,4.83,108,5.0,3.0,1.0,,,1.0,,1.0,1.0,,1.0,,1.0,1.0,,1.0,,1.0,1.0,1.0,1.0,1.0,1.0,1.0,1.0,1.0,1.0,1.0,,,,,,,,,
42,Herning,2024-07-17,0,559,4.36,14,,2.0,,,,,,,,,,,,1.0,1.0,1.0,,,,1.0,1.0,,,,1.0,,,,,,,,,,,,
43,Herning,2024-07-17,0,647,4.79,34,2.0,1.0,1.0,1.0,1.0,1.0,,1.0,,1.0,1.0,,1.0,1.0,1.0,1.0,1.0,1.0,1.0,1.0,1.0,,,,1.0,,,1.0,,,,,,,,,
44,Herning,2024-07-17,0,515,,,,1.0,,,,,1.0,,,,1.0,,1.0,1.0,1.0,1.0,1.0,,,1.0,1.0,,,,,,,1.0,,,,,,,,,
45,Herning,2024-07-17,0,459,,,,1.0,,,,,1.0,,,,1.0,,1.0,1.0,1.0,1.0,1.0,,,1.0,1.0,,,,,,,1.0,,,,,,,,,
46,Herning,2024-07-17,0,530,,,,2.0,,,,,1.0,,,,,,1.0,1.0,1.0,1.0,,,,1.0,1.0,,,,,,,,,,,,,,,,
47,Herning,2024-07-17,0,363,4.85,137,,2.0,1.0,,1.0,1.0,1.0,1.0,1.0,,1.0,,1.0,1.0,1.0,1.0,1.0,1.0,1.0,1.0,1.0,,,,,,,,,,,,,,,,
48,Herning,2024-07-17,0,706,5.0,5,,4.0,1.0,1.0,1.0,1.0,,1.0,1.0,,1.0,,1.0,1.0,1.0,1.0,1.0,1.0,1.0,1.0,1.0,1.0,,,,1.0,1.0,,,,,,,,,,
49,Herning,2024-07-17,0,765,4.80,25,,3.0,,,,,,,,,1.0,,1.0,1.0,1.0,1.0,,,,1.0,1.0,,,,,,,,,,,,,,,,
50,Herning,2024-07-17,0,368,,,,1.0,1.0,,1.0,1.0,,1.0,1.0,1.0,1.0,,1.0,1.0,1.0,1.0,1.0,1.0,1.0,1.0,1.0,1.0,,,,,,,1.0,1.0,,,,,,,
51,Herning,2024-07-17,0,588,4.60,5,4.0,4.0,1.0,,,1.0,,,,,1.0,1.0,1.0,,,1.0,1.0,,1.0,1.0,1.0,1.0,1.0,,1.0,1.0,1.0,1.0,,,,,,,,,
52,Herning,2024-07-17,0,839,4.95,21,5.0,5.0,1.0,,,,,1.0,,1.0,1.0,,1.0,1.0,1.0,1.0,1.0,1.0,1.0,1.0,1.0,,,1.0,,,,,,,,,,,,,
53,Herning,2024-07-17,0,515,,,,1.0,,,,,1.0,,,,1.0,,1.0,1.0,1.0,1.0,1.0,,,1.0,1.0,,,,,,,1.0,,,,,,,,,
54,Herning,2024-07-17,0,324,4.75,52,,4.0,1.0,1.0,1.0,1.0,1.0,1.0,,,,,1.0,1.0,1.0,1.0,1.0,,1.0,1.0,1.0,,,,,,,,,,,,,,,,
55,Herning,2024-07-17,0,824,4.69,125,8.0,4.0,1.0,1.0,,1.0,1.0,1.0,,1.0,1.0,,1.0,1.0,1.0,1.0,1.0,1.0,1.0,1.0,1.0,1.0,,1.0,,,,,,1.0,,,,,,,
56,Herning,2024-07-17,0,324,4.40,5,2.0,2.0,1.0,,,1.0,,1.0,,,1.0,,1.0,1.0,,1.0,1.0,1.0,1.0,1.0,1.0,,,1.0,1.0,1.0,1.0,,,,,,,,,,
57,Herning,2024-07-17,0,677,4.45,33,4.0,3.0,,,,,,,,,1.0,1.0,1.0,,,1.0,,,,1.0,1.0,,,,,,,,,,,,,,,,
58,Herning,2024-07-17,0,324,,,,5.0,1.0,,,,,1.0,,,1.0,,1.0,1.0,1.0,1.0,1.0,1.0,1.0,1.0,1.0,,,1.0,,1.0,1.0,,,,,,,,,,
59,Herning,2024-07-17,0,694,4.82,173,10.0,5.0,1.0,1.0,1.0,1.0,1.0,1.0,1.0,1.0,1.0,,1.0,1.0,1.0,1.0,1.0,1.0,1.0,1.0,1.0,1.0,1.0,1.0,1.0,1.0,1.0,1.0,,,,,,,,,
60,Herning,2024-07-17,0,588,4.33,13,,2.0,,,,,,,,,,,,1.0,1.0,1.0,,,,,1.0,,,,,,,,,,,,,,,,
61,Herning,2024-07-17,0,759,5.0,3,,3.0,1.0,,,1.0,,,,1.0,,,1.0,1.0,,,,,,,1.0,1.0,1.0,,1.0,1.0,1.0,,,,,,,,,,
62,Herning,2024-07-17,0,454,4.33,6,,2.0,1.0,,,,,,,1.0,1.0,,1.0,1.0,,1.0,1.0,,,1.0,1.0,,,1.0,,1.0,1.0,1.0,,,,,,,,,
63,Herning,2024-07-17,0,706,,,4.0,3.0,,,,,1.0,,,,1.0,,,1.0,1.0,1.0,,,,1.0,1.0,,,,,,,,,,,,,,,,
64,Herning,2024-07-17,0,588,3.75,9,,2.0,,,,,,,,,,,,1.0,1.0,,,,,,1.0,,,,,,,,,,,,,,,,
65,Herning,2024-07-17,0,800,4.28,29,4.0,2.0,1.0,1.0,,1.0,,1.0,,,1.0,1.0,1.0,1.0,1.0,1.0,,,1.0,,1.0,,,,,1.0,1.0,1.0,,,,,,,,,
66,Herning,2024-07-17,0,542,,,,2.0,1.0,,1.0,1.0,,1.0,1.0,1.0,1.0,,1.0,1.0,1.0,1.0,1.0,1.0,1.0,1.0,1.0,1.0,,,,,,,1.0,1.0,,,,,,,
67,Herning,2024-07-17,0,412,3.33,3,,1.0,1.0,,,1.0,1.0,,,,,,1.0,1.0,1.0,1.0,,,1.0,,1.0,,,,,,,,,,,,,,,,
68,Herning,2024-07-17,0,647,4.29,7,,5.0,1.0,,1.0,1.0,,1.0,,1.0,1.0,,,1.0,1.0,1.0,1.0,1.0,,1.0,1.0,1.0,1.0,1.0,1.0,1.0,1.0,,,,1.0,,,,,,
69,Herning,2024-07-17,0,588,4.13,8,,2.0,,,,,,,,,,,,1.0,1.0,1.0,,,,,1.0,,,,,,,,,,,,,,,,
70,Herning,2024-07-17,0,236,4.72,146,,11.0,1.0,,,1.0,1.0,1.0,,,1.0,,1.0,1.0,1.0,1.0,1.0,1.0,,1.0,1.0,,,1.0,,1.0,1.0,,,,,,,,,,
71,Herning,2024-07-17,0,701,5.0,15,4.0,2.0,1.0,1.0,1.0,1.0,,1.0,1.0,1.0,,,1.0,1.0,1.0,1.0,1.0,1.0,1.0,1.0,1.0,,,,1.0,1.0,1.0,,,,,,,,,,
72,Herning,2024-07-17,0,694,4.05,20,4.0,2.0,,,,,1.0,1.0,,,1.0,,1.0,1.0,1.0,1.0,,,,,1.0,,,,,,,,,,,,,,,,
73,Herning,2024-07-17,0,736,5.0,3,,2.0,1.0,1.0,,1.0,,1.0,,,1.0,,1.0,1.0,1.0,1.0,1.0,1.0,,1.0,1.0,1.0,,1.0,,1.0,1.0,,,,,,,,,,
74,Herning,2024-07-17,0,588,4.40,6,,2.0,,,,,,,,,,,,1.0,1.0,1.0,,,,,1.0,,,,,,,,,,,,,,,,
75,Herning,2024-07-17,0,353,4.88,42,,6.0,1.0,,,1.0,,,1.0,1.0,1.0,,1.0,1.0,,1.0,1.0,1.0,1.0,1.0,1.0,,,,1.0,,,,,,,,,,,,
76,Herning,2024-07-17,0,788,4.76,25,8.0,6.0,1.0,,,,,,1.0,,,,1.0,1.0,1.0,1.0,1.0,1.0,1.0,,1.0,1.0,1.0,1.0,,1.0,1.0,,,,,,,,,,
77,Herning,2024-07-17,0,797,4.29,7,6.0,4.0,1.0,1.0,,,1.0,,,,1.0,,1.0,1.0,1.0,1.0,,,,1.0,1.0,1.0,1.0,,,,,,,,,,,,,,
78,Herning,2024-07-17,0,765,4.80,44,4.0,4.0,1.0,,,1.0,,,,,1.0,,1.0,1.0,,1.0,1.0,1.0,1.0,1.0,1.0,,,,,,,,,,,,,,,,
79,Herning,2024-07-17,0,824,5.0,3,2.0,2.0,1.0,1.0,1.0,1.0,,1.0,,,1.0,,1.0,1.0,1.0,1.0,1.0,1.0,1.0,1.0,1.0,,,,,,,,,,,,,,,,
80,Herning,2024-07-17,0,312,4.78,41,,2.0,1.0,,,1.0,1.0,1.0,1.0,,1.0,,1.0,1.0,1.0,1.0,1.0,1.0,,1.0,1.0,,,1.0,,,,,,,,,,,,,
81,Herning,2024-07-17,0,300,4.74,54,,2.0,1.0,,,1.0,1.0,1.0,,,,,1.0,1.0,1.0,1.0,1.0,1.0,,1.0,1.0,1.0,1.0,1.0,,,,,,,,,,,,,
82,Herning,2024-07-17,0,500,4.86,16,,5.0,1.0,1.0,1.0,1.0,1.0,1.0,,,1.0,,1.0,1.0,1.0,1.0,1.0,1.0,1.0,1.0,1.0,1.0,,,,,,1.0,,,,,,,,,
83,Herning,2024-07-17,0,736,,,,2.0,1.0,1.0,,1.0,,1.0,,1.0,1.0,,,1.0,1.0,1.0,1.0,1.0,1.0,1.0,1.0,1.0,,1.0,,1.0,1.0,,,,,,,,,,
84,Herning,2024-07-17,0,430,4.79,29,,1.0,1.0,,1.0,,1.0,,,,1.0,,1.0,1.0,1.0,,,,,,,,,,,,,,,,,,,,,,
85,Herning,2024-07-17,0,612,5.0,4,,2.0,1.0,1.0,1.0,1.0,,1.0,,,1.0,,,1.0,1.0,1.0,1.0,1.0,1.0,1.0,1.0,,,,1.0,1.0,1.0,1.0,,,,,,,,,
86,Herning,2024-07-17,0,624,4.82,44,6.0,4.0,1.0,,1.0,1.0,,1.0,,,,,,1.0,,1.0,,,1.0,1.0,1.0,1.0,1.0,,1.0,,,1.0,,,,,,,,,
87,Herning,2024-07-17,0,587,4.86,22,,1.0,1.0,1.0,1.0,1.0,,1.0,1.0,1.0,1.0,1.0,1.0,1.0,1.0,1.0,1.0,,1.0,,1.0,,,,,,,,,,,,,,,,
88,Herning,2024-07-17,0,412,4.60,5,,2.0,,,,,1.0,,,,1.0,,1.0,1.0,1.0,1.0,,,1.0,1.0,1.0,1.0,1.0,,,,,,,,,,,,,,
89,Herning,2024-07-17,0,188,,,3.0,1.0,1.0,,,,,,,,,,,,,,,,1.0,1.0,1.0,,,,1.0,,,,,1.0,,,,,,,
90,Herning,2024-07-17,0,530,4.25,4,3.0,2.0,,,,,1.0,,,,1.0,,1.0,1.0,1.0,1.0,,,1.0,1.0,1.0,,,,,,,,,,,,,,,,
91,Herning,2024-07-17,0,493,4.57,14,,1.0,1.0,,1.0,1.0,,1.0,1.0,1.0,1.0,,1.0,1.0,,1.0,1.0,1.0,1.0,1.0,1.0,1.0,1.0,,1.0,,,,,,,,,,,,
92,Herning,2024-07-17,0,636,4.70,90,6.0,5.0,1.0,,1.0,1.0,,1.0,,,,,1.0,1.0,,1.0,1.0,,1.0,1.0,1.0,1.0,1.0,,,,,1.0,,,,,,,,,
93,Herning,2024-07-17,0,706,5.0,17,4.0,2.0,1.0,,,1.0,,1.0,1.0,,1.0,,1.0,1.0,1.0,1.0,1.0,1.0,1.0,1.0,1.0,1.0,,1.0,,,,,,,,,,,,,
94,Herning,2024-07-17,0,361,,,,7.0,,,,,1.0,,,,1.0,,,1.0,1.0,1.0,1.0,,,1.0,1.0,,,,,,,,1.0,,,,,,,,
95,Herning,2024-07-17,0,647,5.0,9,4.0,1.0,1.0,,1.0,1.0,,,1.0,1.0,1.0,,1.0,1.0,1.0,1.0,1.0,1.0,1.0,1.0,1.0,,,,1.0,1.0,1.0,,,,,,,,,,
96,Herning,2024-07-17,0,332,4.92,13,,2.0,,,,,,,,1.0,1.0,,1.0,1.0,,1.0,1.0,1.0,1.0,1.0,1.0,1.0,1.0,1.0,,,,,1.0,,,,,,,,
97,Herning,2024-07-17,0,332,5.0,11,,1.0,,,,,1.0,,,,1.0,,,1.0,1.0,1.0,,,,1.0,1.0,,,,,,,,,,,,,,,,
98,Herning,2024-07-17,0,706,,,3.0,2.0,1.0,1.0,,,,,,,1.0,1.0,,1.0,1.0,,,,,1.0,1.0,,,,1.0,,,,,,,,,,,,
99,Herning,2024-07-17,0,647,4.71,120,6.0,3.0,1.0,,1.0,1.0,1.0,1.0,,1.0,,,1.0,1.0,,1.0,1.0,1.0,1.0,1.0,1.0,1.0,1.0,1.0,1.0,1.0,1.0,1.0,,,,,,,,,
100,Herning,2024-07-17,0,413,5.0,8,3.0,4.0,1.0,,,1.0,,1.0,,,1.0,,1.0,1.0,1.0,1.0,1.0,1.0,1.0,1.0,1.0,,,,1.0,1.0,1.0,1.0,,,1.0,,,,,,
101,Herning,2024-07-17,0,471,4.69,26,,1.0,1.0,,1.0,1.0,,,1.0,,1.0,,1.0,1.0,1.0,1.0,1.0,1.0,1.0,1.0,1.0,,,,,,,,,,,,,,,,
102,Herning,2024-07-17,0,647,4.77,43,6.0,4.0,1.0,,1.0,1.0,,1.0,,,,,1.0,1.0,,1.0,1.0,1.0,1.0,1.0,1.0,1.0,1.0,,1.0,1.0,1.0,1.0,,,,,,,,,
103,Herning,2024-07-17,0,706,4.92,12,,2.0,1.0,1.0,1.0,1.0,,1.0,1.0,,1.0,1.0,1.0,1.0,1.0,1.0,,,1.0,,1.0,,,,,,,,,,,,,,,,
104,Herning,2024-07-17,0,471,,,,2.0,,,,,1.0,,,,1.0,,,1.0,1.0,1.0,1.0,,,1.0,1.0,,,,1.0,,,,,,,,,,,,
105,Herning,2024-07-17,0,471,,,,1.0,1.0,,,1.0,,,,1.0,,,,,,1.0,1.0,,,1.0,1.0,1.0,1.0,,,1.0,1.0,1.0,,,,,,,,,
106,Herning,2024-07-17,0,824,4.67,3,4.0,2.0,,,,,,,,,1.0,,1.0,1.0,1.0,1.0,1.0,,,,1.0,,,,,,,,,,,,,,,,
107,Herning,2024-07-17,0,603,2.75,4,16.0,22.0,1.0,1.0,,1.0,,1.0,,,1.0,,1.0,1.0,1.0,1.0,,1.0,1.0,1.0,1.0,,,1.0,,,,1.0,,,1.0,,,,,,
108,Herning,2024-07-17,0,878,4.81,16,4.0,1.0,,,,,1.0,,,,1.0,,1.0,1.0,1.0,1.0,1.0,1.0,,1.0,1.0,1.0,,,,,,,,,,,,,,,
109,Herning,2024-07-17,0,1177,4.97,75,6.0,5.0,1.0,1.0,1.0,1.0,,1.0,1.0,1.0,1.0,,1.0,1.0,,1.0,1.0,1.0,1.0,1.0,1.0,1.0,1.0,1.0,,1.0,1.0,,,,,,,,,,
110,Herning,2024-07-17,0,1412,5.0,16,6.0,1.0,,,,,,,,,,,,1.0,1.0,,,,,1.0,1.0,,,,,,,,,,,,,,,,
111,Herning,2024-07-17,0,1439,4.70,23,5.0,3.0,1.0,1.0,1.0,1.0,,1.0,,1.0,1.0,,1.0,1.0,,1.0,1.0,1.0,1.0,1.0,1.0,1.0,1.0,1.0,1.0,1.0,1.0,1.0,,,,,,,,,
112,Herning,2024-07-17,0,906,4.80,35,5.0,3.0,1.0,1.0,1.0,1.0,,1.0,,,,,1.0,1.0,1.0,1.0,1.0,1.0,,,1.0,1.0,1.0,,,1.0,1.0,1.0,,,,,,,,,
113,Herning,2024-07-17,0,1324,4.83,24,8.0,4.0,1.0,1.0,1.0,1.0,1.0,,1.0,,1.0,,1.0,1.0,1.0,1.0,1.0,1.0,1.0,1.0,1.0,1.0,1.0,1.0,,1.0,1.0,,,,,,,,,,
114,Herning,2024-07-17,0,908,4.89,80,4.0,3.0,1.0,1.0,1.0,1.0,,1.0,1.0,1.0,1.0,,1.0,1.0,1.0,1.0,1.0,1.0,,1.0,1.0,1.0,1.0,1.0,,,,,,,,,,,,,
115,Herning,2024-07-17,0,1088,4.74,42,4.0,2.0,1.0,1.0,,1.0,1.0,,,1.0,1.0,,1.0,1.0,1.0,1.0,1.0,1.0,1.0,1.0,1.0,,,1.0,,1.0,1.0,1.0,,,,,,,,,
116,Herning,2024-07-17,0,1265,4.43,7,2.0,2.0,1.0,,,1.0,1.0,,,1.0,1.0,,,1.0,1.0,1.0,1.0,1.0,1.0,1.0,1.0,,,1.0,1.0,1.0,1.0,,,,,,,,,,
117,Herning,2024-07-17,0,1353,4.88,8,5.0,4.0,1.0,1.0,,,,,,,1.0,,1.0,1.0,1.0,1.0,1.0,1.0,,,1.0,,,,,,,,,,,,,,,,
118,Herning,2024-07-17,0,1618,4.89,9,4.0,4.0,1.0,1.0,,1.0,,1.0,,1.0,1.0,,1.0,1.0,1.0,1.0,1.0,,1.0,1.0,1.0,1.0,1.0,1.0,,1.0,1.0,1.0,,,,,,,,,
119,Herning,2024-07-17,0,1633,4.83,41,5.0,4.0,1.0,,,1.0,,1.0,1.0,,1.0,,1.0,1.0,1.0,1.0,1.0,1.0,1.0,1.0,1.0,1.0,1.0,1.0,,,,1.0,,,,,,,,,
120,Herning,2024-07-17,0,900,5.0,6,4.0,3.0,1.0,1.0,,1.0,,1.0,,1.0,1.0,,1.0,1.0,,1.0,1.0,1.0,1.0,1.0,1.0,,,1.0,,1.0,1.0,1.0,,,1.0,,,,,,
121,Herning,2024-07-17,0,1618,4.88,34,4.0,3.0,1.0,1.0,1.0,1.0,,1.0,1.0,1.0,1.0,,,1.0,1.0,1.0,1.0,1.0,1.0,1.0,1.0,1.0,,1.0,,1.0,1.0,,,,,,,,,,
122,Herning,2024-07-17,0,971,5.0,13,2.0,1.0,1.0,1.0,1.0,1.0,,1.0,,1.0,1.0,,1.0,1.0,,1.0,,1.0,1.0,1.0,1.0,1.0,1.0,,1.0,1.0,1.0,1.0,,,,,,,,,
123,Herning,2024-07-17,0,1030,4.85,176,6.0,4.0,1.0,1.0,1.0,1.0,1.0,1.0,1.0,,1.0,,1.0,1.0,1.0,1.0,1.0,1.0,,,1.0,,,,,,,,,,,,,,,,
124,Herning,2024-07-17,0,1412,4.50,8,6.0,3.0,,,,,,,,,1.0,1.0,1.0,1.0,1.0,1.0,,,,1.0,1.0,,,,,,,,,,,,,,,,
125,Herning,2024-07-17,0,1412,5.0,7,5.0,5.0,1.0,1.0,1.0,1.0,,1.0,,,1.0,,1.0,1.0,1.0,1.0,1.0,1.0,1.0,1.0,,,,,,,,,,,,,,,,,
126,Herning,2024-07-17,0,1171,,,2.0,3.0,1.0,,1.0,,,,,,1.0,,1.0,,,1.0,1.0,,,1.0,1.0,1.0,1.0,1.0,1.0,1.0,1.0,,,,,,,,,,
127,Herning,2024-07-17,0,941,5.0,5,4.0,2.0,1.0,1.0,1.0,1.0,,,,1.0,1.0,,1.0,1.0,1.0,1.0,1.0,,1.0,,1.0,1.0,1.0,1.0,,1.0,1.0,,,,,,,,,,
128,Herning,2024-07-17,0,941,4.64,207,4.0,2.0,1.0,1.0,1.0,1.0,1.0,1.0,1.0,,1.0,1.0,1.0,,,1.0,1.0,1.0,1.0,1.0,1.0,1.0,1.0,,1.0,,,,,,,,,,,,
129,Herning,2024-07-17,0,1147,4.92,13,2.0,1.0,1.0,,,1.0,,1.0,1.0,,1.0,,1.0,1.0,1.0,1.0,1.0,1.0,1.0,,1.0,,,,1.0,1.0,1.0,,,,,,,,,,
130,Herning,2024-07-17,0,1059,5.0,20,6.0,2.0,1.0,1.0,1.0,1.0,,1.0,,1.0,1.0,,1.0,1.0,1.0,1.0,1.0,1.0,1.0,1.0,1.0,1.0,1.0,1.0,1.0,1.0,1.0,1.0,,,,,,,,,
131,Herning,2024-07-17,0,1295,4.63,16,4.0,3.0,,,,,,,,,1.0,,1.0,1.0,1.0,1.0,1.0,1.0,,1.0,1.0,1.0,1.0,,,,,1.0,,,,,,,,,
132,Herning,2024-07-17,0,894,4.60,10,5.0,2.0,1.0,1.0,1.0,1.0,,1.0,,1.0,1.0,,,1.0,1.0,1.0,1.0,,1.0,1.0,1.0,1.0,1.0,1.0,,1.0,1.0,1.0,,,,,,,,,
133,Herning,2024-07-17,0,1177,,,4.0,1.0,1.0,,1.0,1.0,,1.0,1.0,1.0,1.0,,,1.0,,1.0,1.0,1.0,1.0,1.0,1.0,,,1.0,,1.0,1.0,,,,,,,,,,
134,Herning,2024-07-17,0,1706,5.0,6,5.0,3.0,1.0,,,,1.0,,,,1.0,,1.0,1.0,1.0,1.0,1.0,,,1.0,1.0,,,,,1.0,1.0,,,,,,,,,,
135,Herning,2024-07-17,0,1059,5.0,3,4.0,2.0,1.0,1.0,,1.0,,1.0,,1.0,1.0,,1.0,1.0,1.0,1.0,1.0,1.0,1.0,1.0,1.0,1.0,1.0,1.0,1.0,1.0,1.0,,,,,,,,,,
136,Herning,2024-07-17,0,941,5.0,8,3.0,3.0,1.0,1.0,1.0,1.0,,1.0,,,1.0,,1.0,1.0,1.0,1.0,1.0,1.0,1.0,1.0,1.0,,,,,,,,,,,,,,,,
137,Herning,2024-07-17,0,1471,,,4.0,3.0,1.0,1.0,1.0,1.0,1.0,1.0,,1.0,1.0,,1.0,1.0,1.0,1.0,1.0,,1.0,1.0,1.0,1.0,1.0,1.0,,1.0,1.0,1.0,,,,,,,,,
138,Herning,2024-07-17,0,1530,4.69,13,7.0,7.0,1.0,,,1.0,,1.0,1.0,1.0,1.0,,1.0,1.0,1.0,1.0,1.0,1.0,,1.0,1.0,1.0,1.0,,1.0,,,,,,,,,,,,
139,Herning,2024-07-17,0,1383,5.0,15,8.0,3.0,1.0,1.0,,1.0,,1.0,,1.0,1.0,,1.0,1.0,1.0,1.0,,1.0,,1.0,1.0,,,1.0,,1.0,1.0,1.0,,,,,,,,,
140,Herning,2024-07-17,0,1383,4.67,3,3.0,2.0,1.0,1.0,,1.0,1.0,1.0,,1.0,1.0,,1.0,1.0,1.0,1.0,1.0,,1.0,1.0,1.0,1.0,1.0,1.0,,1.0,1.0,1.0,,,,,,,,,
141,Herning,2024-07-17,0,912,4.94,50,3.0,2.0,1.0,1.0,1.0,1.0,1.0,1.0,1.0,1.0,1.0,,1.0,1.0,1.0,1.0,1.0,1.0,1.0,1.0,1.0,,,1.0,1.0,,,,,,,,,,,,
142,Herning,2024-07-17,0,863,4.78,24,,3.0,1.0,,1.0,1.0,1.0,1.0,1.0,,1.0,,1.0,1.0,1.0,1.0,1.0,1.0,1.0,1.0,1.0,1.0,1.0,,1.0,,,,,,,,,,,,
143,Herning,2024-07-17,0,1099,5.0,3,2.0,1.0,1.0,1.0,1.0,1.0,,1.0,1.0,,1.0,,1.0,1.0,1.0,1.0,1.0,1.0,1.0,1.0,1.0,1.0,1.0,1.0,,1.0,1.0,,,,,,,,,,
144,Herning,2024-07-17,0,1341,5.0,3,3.0,1.0,1.0,1.0,,1.0,,1.0,,,1.0,,,1.0,1.0,1.0,1.0,1.0,,1.0,1.0,,,,1.0,1.0,1.0,1.0,,,1.0,,,,,,
145,Herning,2024-07-17,0,1171,,,,1.0,1.0,,,1.0,,1.0,,1.0,1.0,,1.0,1.0,1.0,1.0,1.0,1.0,1.0,1.0,1.0,,,,,,,1.0,,1.0,,,,,,,
146,Herning,2024-07-17,0,883,,,2.0,3.0,,,,,1.0,,,,,,1.0,1.0,1.0,1.0,,,,,,,,,,,,,,,,,,,,,
147,Herning,2024-07-17,0,1412,,,4.0,2.0,1.0,1.0,,,1.0,,,,1.0,,1.0,1.0,1.0,1.0,1.0,,,1.0,1.0,,,,,,,,,,,,,,,,
148,Herning,2024-07-17,0,1177,4.30,20,,5.0,1.0,,,1.0,1.0,1.0,,1.0,1.0,,1.0,1.0,1.0,1.0,1.0,1.0,1.0,1.0,1.0,,,1.0,,,,,,,,,,,,,
149,Herning,2024-07-17,0,1118,,,6.0,2.0,1.0,,1.0,1.0,1.0,,,,1.0,,1.0,1.0,1.0,1.0,1.0,1.0,,1.0,1.0,,,1.0,1.0,1.0,1.0,1.0,,,,,,,,,
150,Herning,2024-07-17,0,1588,5.0,12,6.0,6.0,1.0,1.0,1.0,1.0,1.0,1.0,1.0,1.0,1.0,,1.0,1.0,,1.0,1.0,1.0,1.0,1.0,1.0,,,1.0,1.0,1.0,1.0,,,,,,,,,,
151,Herning,2024-07-17,0,1147,4.17,6,3.0,1.0,1.0,,1.0,1.0,,,1.0,,1.0,,,1.0,1.0,1.0,1.0,1.0,,1.0,1.0,,,1.0,,1.0,1.0,,,,,,,,,,
152,Herning,2024-07-17,0,1294,5.0,4,4.0,4.0,1.0,1.0,1.0,1.0,,1.0,,,1.0,,1.0,1.0,1.0,1.0,1.0,1.0,1.0,1.0,1.0,,,,,,,,,,,,,,,,
153,Herning,2024-07-17,0,1245,,,4.0,3.0,,,,,1.0,,,,1.0,,,1.0,1.0,1.0,,,,1.0,1.0,,,,,,,,,,,,,,,,
154,Herning,2024-07-17,0,1324,4.70,40,6.0,3.0,1.0,1.0,,1.0,1.0,1.0,1.0,,1.0,,1.0,1.0,1.0,1.0,1.0,1.0,1.0,1.0,1.0,,,1.0,1.0,1.0,1.0,,,,1.0,,,,,,
155,Herning,2024-07-17,0,1383,4.82,34,6.0,6.0,1.0,,1.0,1.0,,1.0,1.0,,1.0,,1.0,1.0,1.0,1.0,1.0,1.0,1.0,1.0,1.0,,,1.0,,,,1.0,,,,,,,,,
156,Herning,2024-07-17,0,853,4.79,34,6.0,1.0,1.0,1.0,1.0,1.0,,1.0,,1.0,1.0,,1.0,1.0,1.0,1.0,1.0,1.0,1.0,1.0,1.0,1.0,1.0,1.0,1.0,1.0,1.0,,,,,,,,,,
157,Herning,2024-07-17,0,851,4.87,31,6.0,3.0,1.0,1.0,1.0,1.0,,1.0,1.0,1.0,,,1.0,1.0,1.0,1.0,1.0,1.0,1.0,1.0,1.0,1.0,1.0,,1.0,1.0,1.0,,,,,,,,,,
158,Herning,2024-07-17,0,853,,,3.0,2.0,1.0,,,1.0,1.0,1.0,,,1.0,,1.0,1.0,1.0,1.0,,1.0,1.0,1.0,1.0,1.0,1.0,1.0,,1.0,1.0,1.0,,,,,,,,,
159,Herning,2024-07-17,0,1094,4.50,4,6.0,3.0,1.0,,1.0,1.0,,1.0,,1.0,1.0,,1.0,1.0,1.0,1.0,1.0,1.0,1.0,1.0,1.0,1.0,1.0,1.0,,1.0,1.0,,,,,,,,,,
160,Herning,2024-07-17,0,1177,,,,4.0,1.0,,,1.0,,,,,,,1.0,,,1.0,,1.0,,,1.0,,,,,,,,,,,,,,,,
161,Herning,2024-07-17,0,1177,4.77,13,12.0,10.0,1.0,1.0,1.0,1.0,,1.0,,,1.0,,1.0,1.0,1.0,1.0,1.0,1.0,1.0,1.0,1.0,,,1.0,1.0,1.0,1.0,1.0,,,,,,,,,
162,Herning,2024-07-17,0,1280,4.56,18,13.0,13.0,,,,,1.0,,,,1.0,,1.0,1.0,1.0,1.0,1.0,1.0,,1.0,1.0,1.0,1.0,1.0,,,,,,,,,,,,,
163,Herning,2024-07-17,0,1527,,,6.0,3.0,1.0,,,1.0,,1.0,,1.0,1.0,,1.0,1.0,1.0,1.0,,1.0,1.0,1.0,1.0,1.0,1.0,1.0,,1.0,1.0,1.0,,,,,,,,,
164,Herning,2024-07-17,0,1103,,,4.0,,1.0,1.0,,1.0,1.0,,,,,,1.0,,,1.0,1.0,1.0,1.0,1.0,1.0,,,1.0,1.0,1.0,1.0,,,,,,,,,,
165,Herning,2024-07-17,0,883,4.69,26,6.0,6.0,1.0,1.0,1.0,1.0,1.0,1.0,1.0,,1.0,1.0,1.0,1.0,1.0,1.0,1.0,1.0,1.0,1.0,1.0,1.0,1.0,1.0,,,,,,,,,,,,,
166,Herning,2024-07-17,0,883,4.70,40,9.0,8.0,1.0,1.0,,1.0,1.0,1.0,1.0,,1.0,,1.0,1.0,1.0,1.0,1.0,1.0,1.0,1.0,1.0,1.0,1.0,1.0,,1.0,1.0,1.0,,,,,,,,,
167,Herning,2024-07-17,0,1059,,,,1.0,,,,,,,,,,,,1.0,1.0,,,,,,1.0,,,,,,,,,,,,,,,,
168,Herning,2024-07-17,0,1294,,,,1.0,,,,,,,,,1.0,,,1.0,1.0,,,,,,1.0,,,,,,,,,,,,,,,,
169,Herning,2024-07-17,0,938,,,,1.0,1.0,1.0,,1.0,1.0,,1.0,,1.0,,1.0,1.0,,1.0,1.0,1.0,,1.0,1.0,,,1.0,,1.0,1.0,,,,,,,,,,
170,Herning,2024-07-17,0,891,4.95,21,4.0,2.0,1.0,,1.0,1.0,,,1.0,1.0,1.0,,1.0,1.0,1.0,1.0,1.0,1.0,1.0,1.0,1.0,1.0,1.0,,1.0,1.0,1.0,1.0,,,,,,,,,
171,Herning,2024-07-17,0,883,,,5.0,1.0,,,,,1.0,,,,1.0,1.0,1.0,1.0,1.0,1.0,,,,1.0,1.0,,,,,,,1.0,,1.0,,,,,,,
172,Herning,2024-07-17,0,883,,,,2.0,,,,,,,,,,,,,,,,,,,,,,,,,,,,,,,,,,,
173,Herning,2024-07-17,0,883,,,,1.0,,,,,,,,,,,,,,,,,,,,,,,,,,,,,,,,,,,
174,Herning,2024-07-17,0,1494,4.22,9,7.0,5.0,1.0,1.0,1.0,1.0,1.0,1.0,1.0,,1.0,,1.0,1.0,1.0,1.0,1.0,1.0,1.0,1.0,1.0,1.0,,,1.0,,,1.0,,,,,,,,,
175,Herning,2024-07-17,0,1013,4.30,20,4.0,3.0,,,,,,,,,1.0,,1.0,1.0,1.0,1.0,1.0,,,1.0,1.0,,,,,,,,,,,,,,,,
176,Herning,2024-07-17,0,1459,5.0,3,4.0,3.0,1.0,1.0,,1.0,,,1.0,1.0,1.0,,1.0,1.0,1.0,1.0,,1.0,1.0,1.0,1.0,1.0,1.0,1.0,1.0,1.0,1.0,1.0,,,,,,,,,
177,Herning,2024-07-17,0,1530,4.85,110,8.0,8.0,1.0,,1.0,1.0,,1.0,,,1.0,,1.0,1.0,1.0,1.0,1.0,1.0,1.0,1.0,1.0,1.0,1.0,1.0,1.0,1.0,1.0,,,,1.0,,,,,,
178,Herning,2024-07-17,0,941,,,4.0,2.0,,,,,1.0,,,,1.0,,1.0,1.0,1.0,1.0,1.0,1.0,,1.0,1.0,,,,,,,,,,,,,,,,
179,Herning,2024-07-17,0,1176,,,4.0,2.0,1.0,,,1.0,,1.0,,,1.0,,1.0,1.0,,1.0,1.0,1.0,1.0,1.0,1.0,,,1.0,,1.0,1.0,1.0,,,,,,,,,
180,Herning,2024-07-17,0,1153,,,6.0,3.0,1.0,1.0,,1.0,1.0,1.0,,,1.0,,1.0,1.0,1.0,1.0,1.0,1.0,1.0,1.0,1.0,1.0,1.0,1.0,1.0,1.0,1.0,1.0,,,,,,,,,
181,Herning,2024-07-17,0,1294,5.0,6,8.0,5.0,1.0,,,,1.0,,,,1.0,1.0,1.0,1.0,1.0,1.0,1.0,1.0,,1.0,1.0,,,,1.0,1.0,1.0,,1.0,,,,,,,,
182,Herning,2024-07-17,0,1173,,,4.0,3.0,,,,,1.0,,,,1.0,,1.0,1.0,1.0,1.0,,,,1.0,1.0,,,,,,,,,1.0,,,,,,,
