,city,date,treat,price,rating,omtaler,gæster,soveværelser,bathroom,hair dryer,shampoo,hot water,hangers,bed linen,blackout curtains,entertainment,temperature,security,work,wi-fi,kitchen,refrigerator,dishwasher,parkering and faciliteter,host,washing machine,outdoor,other,cleaning products,view,family,fireplace,fitness equipment,smoking allowed,attractions nearby,mailbox,pool etc.,Sights,Safety,Shopping,Location,Climate,Affordability
0,Munchen,2024-07-27,1,738,4.68,130,2.0,1.0,1.0,1.0,1.0,1.0,1.0,1.0,1.0,1.0,1.0,1.0,1.0,1.0,1.0,1.0,1.0,1.0,1.0,,,,,,,,,,,,,,,,,,
1,Munchen,2024-07-27,1,482,4.86,523,,1.0,1.0,1.0,,,,,,,,1.0,1.0,1.0,1.0,,,1.0,,,,,,,,,,,,,,,,,,,
2,Munchen,2024-07-27,1,931,4.68,59,3.0,2.0,1.0,1.0,1.0,1.0,1.0,1.0,1.0,1.0,1.0,1.0,1.0,1.0,1.0,1.0,,1.0,1.0,1.0,,,,,,,,,,,,,,,,,
3,Munchen,2024-07-27,1,544,4.95,118,,1.0,1.0,1.0,1.0,1.0,1.0,1.0,1.0,,,1.0,1.0,1.0,1.0,,,1.0,,1.0,,,,,,,,,,,,,,,,,
4,Munchen,2024-07-27,1,570,4.85,33,,2.0,1.0,1.0,1.0,1.0,1.0,1.0,1.0,,,,1.0,1.0,,,,,,,,,,,,,,,,,,,,,,,
5,Munchen,2024-07-27,1,833,4.29,24,,1.0,,,,,,,,1.0,,1.0,1.0,1.0,1.0,1.0,,,,,1.0,,,,,,,,,,,,,,,,
6,Munchen,2024-07-27,1,482,5.0,3,,1.0,,,,,,,,,1.0,1.0,1.0,1.0,1.0,,,,,1.0,,,,,,,,,,,,,,,,,
7,Munchen,2024-07-27,1,658,4.60,48,2.0,1.0,1.0,1.0,1.0,,1.0,1.0,1.0,1.0,1.0,1.0,1.0,1.0,1.0,1.0,,1.0,1.0,,1.0,1.0,1.0,,,,,,,,,,,,,,
8,Munchen,2024-07-27,1,745,,,2.0,1.0,,,,,,,,1.0,,1.0,1.0,1.0,1.0,,,,,,,,,,,,,,,,,,,,,,
9,Munchen,2024-07-27,1,307,4.87,558,,2.0,1.0,1.0,1.0,1.0,1.0,1.0,1.0,,,1.0,1.0,1.0,,,,1.0,,,,,,,,,,,,,,,,,,,
10,Munchen,2024-07-27,1,912,4.91,229,,2.0,1.0,1.0,1.0,1.0,1.0,,1.0,1.0,,1.0,1.0,1.0,1.0,1.0,1.0,1.0,,,1.0,,,1.0,1.0,,,,,,,,,,,,
11,Munchen,2024-07-27,1,780,5.0,62,,1.0,1.0,1.0,1.0,1.0,1.0,,1.0,1.0,1.0,1.0,1.0,1.0,1.0,1.0,1.0,1.0,,1.0,1.0,,,,1.0,,,,,,,,,,,,
12,Munchen,2024-07-27,1,570,4.92,289,,1.0,1.0,,,1.0,1.0,1.0,,1.0,,1.0,1.0,,1.0,1.0,1.0,1.0,,,1.0,,,,1.0,1.0,,,,,,,,,,,
13,Munchen,2024-07-27,1,886,4.73,11,2.0,1.0,,,,,,,,1.0,,1.0,1.0,1.0,1.0,,,,,,,,,,,,,,,,,,,,,,
14,Munchen,2024-07-27,1,614,4.93,15,,1.0,1.0,,,1.0,,,1.0,1.0,1.0,1.0,1.0,1.0,1.0,1.0,1.0,1.0,,1.0,1.0,,,,,,1.0,1.0,,,,,,,,,
15,Munchen,2024-07-27,1,614,4.89,18,,1.0,,,,,,,,,,1.0,1.0,1.0,1.0,,,1.0,,1.0,,,,,,,,,,,,,,,,,
16,Munchen,2024-07-27,1,851,4.90,10,2.0,1.0,,,,,,,,1.0,,,1.0,1.0,1.0,,,,,1.0,,,,,,,,,,,,,,,,,
17,Munchen,2024-07-27,1,606,4.47,67,,1.0,1.0,1.0,1.0,1.0,1.0,1.0,,,,1.0,1.0,1.0,1.0,1.0,1.0,1.0,,1.0,1.0,,,,1.0,,,,,,,,,,,,
18,Munchen,2024-07-27,1,701,5.0,45,4.0,2.0,1.0,1.0,1.0,1.0,1.0,1.0,1.0,1.0,1.0,1.0,1.0,1.0,1.0,1.0,1.0,1.0,1.0,,,,,,1.0,,,,1.0,1.0,,,,,,,
19,Munchen,2024-07-27,1,684,5.0,8,,1.0,1.0,1.0,,1.0,,,1.0,1.0,,1.0,1.0,,1.0,1.0,1.0,1.0,,,1.0,,,1.0,1.0,,,,,,,,,,,,
20,Munchen,2024-07-27,1,886,5.0,19,,1.0,1.0,1.0,1.0,1.0,1.0,1.0,1.0,1.0,1.0,1.0,1.0,,1.0,,1.0,1.0,,,1.0,1.0,1.0,,1.0,,,,1.0,,,,,,,,
21,Munchen,2024-07-27,1,738,4.65,98,2.0,1.0,1.0,1.0,1.0,1.0,1.0,1.0,1.0,1.0,1.0,1.0,1.0,1.0,1.0,1.0,,1.0,1.0,1.0,,,,,,,,,,,,,,,,,
22,Munchen,2024-07-27,1,929,5.0,30,,1.0,1.0,1.0,1.0,1.0,1.0,1.0,,1.0,,1.0,1.0,1.0,1.0,1.0,1.0,1.0,,1.0,,,,,1.0,1.0,,1.0,,,,,,,,,
23,Munchen,2024-07-27,1,812,4.94,53,,1.0,1.0,1.0,1.0,1.0,1.0,1.0,1.0,,1.0,1.0,1.0,1.0,1.0,1.0,1.0,1.0,1.0,,1.0,1.0,1.0,1.0,1.0,,,,1.0,1.0,,,,,,,
24,Munchen,2024-07-27,1,447,4.73,100,2.0,2.0,1.0,1.0,,1.0,1.0,1.0,,1.0,,1.0,1.0,1.0,1.0,1.0,1.0,1.0,1.0,1.0,1.0,,,,1.0,1.0,,,1.0,1.0,,,,,,,
25,Munchen,2024-07-27,1,246,4.76,68,,2.0,1.0,1.0,1.0,1.0,1.0,1.0,,,,,1.0,1.0,1.0,1.0,,1.0,,1.0,,,,,1.0,,,,,,,,,,,,
26,Munchen,2024-07-27,1,527,4.98,351,,1.0,1.0,1.0,1.0,1.0,1.0,,1.0,1.0,1.0,1.0,1.0,,1.0,1.0,,1.0,1.0,,1.0,1.0,1.0,,,,,,1.0,1.0,,,,,,,
27,Munchen,2024-07-27,1,508,4.80,49,,1.0,1.0,,,1.0,1.0,,1.0,1.0,1.0,,1.0,1.0,1.0,,,1.0,,1.0,1.0,,,,,,,,,,,,,,,,
28,Munchen,2024-07-27,1,394,4.40,5,,1.0,1.0,1.0,1.0,1.0,1.0,1.0,1.0,1.0,1.0,,1.0,1.0,1.0,1.0,1.0,1.0,,1.0,1.0,1.0,1.0,,1.0,,,,,,,,,,,,
29,Munchen,2024-07-27,1,833,4.64,92,,1.0,1.0,1.0,1.0,1.0,,,,1.0,,1.0,1.0,1.0,1.0,,,1.0,1.0,,,,,,,,,,,1.0,,,,,,,
30,Munchen,2024-07-27,1,526,,,1.0,1.0,,,,,,,,1.0,,1.0,,,1.0,,,,,,1.0,,,,,,,,,,,,,,,,
31,Munchen,2024-07-27,1,421,4.88,8,,1.0,,,,,,,,1.0,,1.0,1.0,1.0,1.0,,,1.0,,1.0,,,,,,,,,,,,,,,,,
32,Munchen,2024-07-27,1,360,4.92,13,,1.0,1.0,,,,,,,,,,1.0,1.0,1.0,,,,,1.0,1.0,,,,,,,,,,,,,,,,
33,Munchen,2024-07-27,1,1276,,,4.0,2.0,1.0,1.0,1.0,1.0,1.0,,,1.0,1.0,1.0,1.0,1.0,1.0,1.0,1.0,1.0,,1.0,1.0,1.0,1.0,,1.0,,,,1.0,,,,,,,,
34,Munchen,2024-07-27,1,351,5.0,7,,6.0,1.0,1.0,,,1.0,,,1.0,,,1.0,1.0,,,,1.0,,,,,,,,,,,,,,,,,,,
35,Munchen,2024-07-27,1,410,4.67,3,2.0,1.0,1.0,1.0,1.0,1.0,1.0,1.0,1.0,1.0,1.0,1.0,1.0,1.0,1.0,1.0,,1.0,,,1.0,,,1.0,1.0,,,,1.0,,,,,,,,
36,Munchen,2024-07-27,1,596,4.29,21,4.0,4.0,1.0,1.0,,,,,,1.0,,1.0,1.0,1.0,1.0,,,1.0,,1.0,,,,,,,,,,,,,,,,,
37,Munchen,2024-07-27,1,833,4.65,49,,1.0,1.0,1.0,,1.0,1.0,,,1.0,,1.0,1.0,1.0,1.0,1.0,1.0,,1.0,,1.0,,,,1.0,,,1.0,,1.0,,,,,,,
38,Munchen,2024-07-27,1,439,4.89,19,,1.0,1.0,1.0,1.0,1.0,1.0,1.0,,1.0,1.0,1.0,1.0,,1.0,1.0,,1.0,,,,1.0,1.0,,1.0,,,,,,,,,,,,
39,Munchen,2024-07-27,1,518,5.0,9,,1.0,1.0,1.0,1.0,1.0,1.0,1.0,1.0,1.0,1.0,1.0,1.0,1.0,1.0,1.0,1.0,1.0,,,1.0,1.0,1.0,1.0,1.0,,,,,,,,,,,,
40,Munchen,2024-07-27,1,272,4.58,79,,1.0,1.0,,1.0,1.0,1.0,,,,,,1.0,1.0,1.0,,,,1.0,1.0,1.0,,,,,,,,,,,,,,,,
41,Munchen,2024-07-27,1,614,4.85,13,,1.0,,,,,,,,1.0,,,1.0,1.0,1.0,1.0,,1.0,,,1.0,,,1.0,,,,,,,,,,,,,
42,Munchen,2024-07-27,1,377,4.87,108,,1.0,1.0,1.0,1.0,1.0,1.0,1.0,1.0,1.0,,1.0,1.0,1.0,1.0,1.0,1.0,1.0,,,1.0,1.0,1.0,,1.0,,,1.0,1.0,,,,,,,,
43,Munchen,2024-07-27,1,877,4.81,16,,1.0,,,,,,,,,,1.0,1.0,1.0,1.0,,,,,1.0,,,,,,,,,,,,,,,,,
44,Munchen,2024-07-27,1,219,4.71,7,,6.0,,,,,1.0,,,1.0,,,1.0,1.0,,,,1.0,,1.0,,,,,,,,,,,,,,,,,
45,Munchen,2024-07-27,1,468,,,,1.0,1.0,1.0,1.0,1.0,,,1.0,1.0,1.0,1.0,1.0,1.0,1.0,,,1.0,,,1.0,,,,1.0,,,,,,,,,,,,
46,Munchen,2024-07-27,1,961,4.67,12,2.0,1.0,1.0,1.0,1.0,1.0,1.0,1.0,,1.0,1.0,1.0,1.0,1.0,1.0,1.0,1.0,1.0,1.0,1.0,,,,,,,,,,,,,,,,,
47,Munchen,2024-07-27,1,1113,4.50,6,,1.0,1.0,1.0,1.0,1.0,,,1.0,1.0,,1.0,1.0,1.0,1.0,1.0,1.0,1.0,,1.0,,1.0,1.0,,1.0,,,,1.0,,,,,,,,
48,Munchen,2024-07-27,1,351,4.79,52,,,1.0,,,1.0,1.0,1.0,,1.0,,,1.0,1.0,1.0,1.0,,1.0,,,,,,,,,,,,,,,,,,,
49,Munchen,2024-07-27,1,518,4.97,59,,2.0,1.0,1.0,1.0,1.0,1.0,1.0,1.0,1.0,1.0,1.0,1.0,1.0,1.0,1.0,1.0,1.0,,,1.0,1.0,1.0,1.0,1.0,,,,,,,,,,,,
50,Munchen,2024-07-27,1,280,4.69,29,,1.0,1.0,,,,,,,,,,1.0,1.0,1.0,,,,1.0,1.0,1.0,,,,,,,,,,,,,,,,
51,Munchen,2024-07-27,1,656,4.78,36,2.0,2.0,1.0,1.0,1.0,1.0,1.0,1.0,1.0,1.0,,1.0,1.0,1.0,1.0,1.0,,1.0,1.0,,1.0,,,,1.0,,,,1.0,1.0,,,,,,,
52,Munchen,2024-07-27,1,482,,,,1.0,,,,,,,,,,1.0,1.0,1.0,,,,1.0,,,,,,1.0,,,,,,,,,,,,,
53,Munchen,2024-07-27,1,658,4.67,33,,1.0,1.0,1.0,,1.0,1.0,,1.0,1.0,1.0,1.0,1.0,,1.0,,1.0,1.0,,1.0,1.0,1.0,1.0,1.0,1.0,,1.0,,1.0,,,,,,,,
54,Munchen,2024-07-27,1,999,4.98,47,1.0,1.0,1.0,1.0,,1.0,1.0,1.0,1.0,1.0,1.0,1.0,1.0,1.0,1.0,1.0,,1.0,,,1.0,,,,,,,,,,,,,,,,
55,Munchen,2024-07-27,1,527,5.0,20,,1.0,1.0,1.0,1.0,1.0,1.0,,1.0,,,1.0,1.0,1.0,1.0,1.0,1.0,1.0,,,1.0,,,1.0,1.0,,,,,,,,,,,,
56,Munchen,2024-07-27,1,693,5.0,27,,1.0,1.0,1.0,1.0,1.0,1.0,1.0,,1.0,1.0,1.0,1.0,1.0,1.0,1.0,1.0,1.0,,,1.0,,,,1.0,,,,,,,,,,,,
57,Munchen,2024-07-27,1,394,4.75,8,,1.0,1.0,1.0,1.0,1.0,1.0,1.0,,,1.0,1.0,1.0,1.0,1.0,1.0,1.0,1.0,,,1.0,1.0,1.0,1.0,1.0,,,1.0,,,1.0,,,,,,
58,Munchen,2024-07-27,1,373,4.11,9,2.0,,1.0,1.0,1.0,1.0,1.0,1.0,1.0,1.0,1.0,1.0,1.0,1.0,1.0,1.0,,1.0,,,1.0,,,1.0,1.0,,,,1.0,,,,,,,,
59,Munchen,2024-07-27,1,772,,,,1.0,1.0,1.0,1.0,1.0,1.0,,1.0,,1.0,,1.0,1.0,1.0,,1.0,1.0,,1.0,,1.0,1.0,,1.0,,,,,,1.0,,,,,,
60,Munchen,2024-07-27,1,762,4.67,42,,1.0,1.0,1.0,,,,,,1.0,,1.0,1.0,1.0,1.0,,1.0,1.0,,,1.0,1.0,1.0,1.0,,,,,,,,,,,,,
61,Munchen,2024-07-27,1,671,3.33,3,1.0,1.0,1.0,1.0,1.0,1.0,1.0,,1.0,1.0,1.0,1.0,1.0,1.0,,,,1.0,1.0,,,,,,,,,,1.0,,,,,,,,
62,Munchen,2024-07-27,1,631,4.88,96,,1.0,,,,,,1.0,,1.0,,1.0,1.0,1.0,1.0,,,,,1.0,,,,,,,,,,,,,,,,,
63,Munchen,2024-07-27,1,965,5.0,8,,2.0,1.0,1.0,1.0,1.0,1.0,,1.0,1.0,,1.0,1.0,1.0,1.0,1.0,,1.0,,,1.0,,,1.0,1.0,,,1.0,,,,,,,,,
64,Munchen,2024-07-27,1,640,4.27,11,,2.0,1.0,1.0,1.0,,,,,1.0,,1.0,1.0,1.0,1.0,1.0,,1.0,1.0,,1.0,,,1.0,1.0,,1.0,,1.0,1.0,,,,,,,
65,Munchen,2024-07-27,1,886,,,,1.0,,,,,,,,1.0,,1.0,1.0,1.0,1.0,,,,,1.0,1.0,,,1.0,,,,,,,,,,,,,
66,Munchen,2024-07-27,1,693,4.79,428,,3.0,1.0,1.0,1.0,1.0,1.0,1.0,1.0,,,1.0,1.0,1.0,1.0,1.0,1.0,1.0,,,1.0,,,,1.0,,,,1.0,,,,,,,,
67,Munchen,2024-07-27,1,491,4.50,24,,2.0,1.0,,1.0,1.0,1.0,,,,,,1.0,1.0,1.0,,,1.0,1.0,1.0,1.0,,,,,,,,,,,,,,,,
68,Munchen,2024-07-27,1,482,5.0,7,,1.0,1.0,1.0,1.0,1.0,1.0,1.0,,1.0,1.0,1.0,1.0,1.0,1.0,1.0,,1.0,,1.0,1.0,1.0,1.0,,,,1.0,,1.0,,,,,,,,
69,Munchen,2024-07-27,1,701,5.0,7,,1.0,1.0,1.0,1.0,1.0,1.0,1.0,,1.0,,1.0,1.0,1.0,1.0,1.0,1.0,1.0,,1.0,1.0,1.0,1.0,,1.0,,,,,,,,,,,,
70,Munchen,2024-07-27,1,447,4.75,44,,1.0,1.0,,,,,,,,,,1.0,1.0,1.0,,,,1.0,1.0,1.0,,,,,,,,,,,,,,,,
71,Munchen,2024-07-27,1,877,,,,1.0,1.0,1.0,,1.0,1.0,1.0,1.0,1.0,,1.0,1.0,1.0,1.0,1.0,1.0,1.0,,1.0,1.0,,,1.0,,,,,,,,,,,,,
72,Munchen,2024-07-27,1,789,4.79,172,4.0,4.0,1.0,1.0,1.0,1.0,1.0,1.0,1.0,1.0,1.0,1.0,1.0,1.0,1.0,1.0,1.0,1.0,,,1.0,1.0,1.0,1.0,1.0,,,,,,,,,,,,
73,Munchen,2024-07-27,1,833,5.0,18,,1.0,1.0,1.0,1.0,1.0,1.0,,1.0,1.0,1.0,1.0,1.0,1.0,1.0,1.0,1.0,1.0,,,1.0,1.0,1.0,1.0,1.0,,,,1.0,,,,,,,,
74,Munchen,2024-07-27,1,368,4.72,134,,1.0,1.0,1.0,1.0,1.0,1.0,1.0,1.0,,1.0,1.0,1.0,1.0,1.0,1.0,1.0,1.0,,1.0,1.0,,,,,,,,,,,,,,,,
75,Munchen,2024-07-27,1,491,4.61,33,,2.0,1.0,,1.0,1.0,1.0,,,,,,1.0,1.0,1.0,,,,1.0,1.0,1.0,,,,,,,,,,,,,,,,
76,Munchen,2024-07-27,1,1052,,,,1.0,1.0,1.0,,,,,,1.0,,,1.0,1.0,1.0,,,,,,,,,,,,,,,,,,,,,,
77,Munchen,2024-07-27,1,789,,,2.0,1.0,1.0,,1.0,1.0,1.0,1.0,1.0,1.0,1.0,1.0,1.0,1.0,1.0,,,1.0,,1.0,1.0,,,,,,,,,,,,,,,,
78,Munchen,2024-07-27,1,912,5.0,8,,1.0,,,,,,,,1.0,,1.0,1.0,1.0,1.0,,,1.0,,1.0,1.0,,,,,,,,,,,,,,,,
79,Munchen,2024-07-27,1,500,4.92,13,1.0,20.0,1.0,1.0,1.0,1.0,1.0,1.0,,1.0,,1.0,1.0,1.0,,,,1.0,,1.0,1.0,,,,1.0,,,,,,,,,,,,
80,Munchen,2024-07-27,1,1008,4.83,166,2.0,1.0,1.0,,1.0,1.0,1.0,1.0,1.0,,,1.0,1.0,1.0,1.0,1.0,,1.0,1.0,,,1.0,1.0,,1.0,,,,1.0,1.0,,,,,,,
81,Munchen,2024-07-27,1,526,4.71,7,1.0,1.0,1.0,1.0,1.0,1.0,1.0,,1.0,1.0,1.0,1.0,1.0,,1.0,,,1.0,1.0,,1.0,1.0,1.0,1.0,,,,1.0,1.0,1.0,,,,,,,
82,Munchen,2024-07-27,1,789,4.80,15,,1.0,1.0,1.0,1.0,1.0,1.0,,1.0,1.0,1.0,1.0,1.0,1.0,1.0,1.0,1.0,,,1.0,1.0,1.0,1.0,,1.0,,,,1.0,,,,,,,,
83,Munchen,2024-07-27,1,965,5.0,3,,1.0,1.0,1.0,,1.0,1.0,1.0,1.0,1.0,1.0,1.0,1.0,1.0,1.0,1.0,,1.0,,1.0,,,,,1.0,,,,,,,,,,,,
84,Munchen,2024-07-27,1,701,4.60,5,,1.0,,,,,,,,,,1.0,1.0,1.0,1.0,1.0,,1.0,,1.0,,,,,1.0,,,,,,1.0,,,,,,
85,Munchen,2024-07-27,1,789,4.71,7,,1.0,1.0,,,1.0,1.0,1.0,,1.0,,1.0,1.0,1.0,1.0,,,,,1.0,,,,,,,,1.0,,,,,,,,,
86,Munchen,2024-07-27,1,789,4.80,5,,2.0,1.0,1.0,1.0,1.0,1.0,1.0,1.0,1.0,1.0,1.0,1.0,1.0,1.0,1.0,,1.0,,,,1.0,1.0,,1.0,,,,1.0,,,,,,,,
87,Munchen,2024-07-27,1,693,4.83,23,,1.0,1.0,1.0,1.0,1.0,1.0,1.0,,,,,1.0,1.0,1.0,,,1.0,,,,,,,,,,,,,,,,,,,
88,Munchen,2024-07-27,1,596,4.89,67,,2.0,,,,,1.0,,,1.0,,1.0,1.0,1.0,1.0,,,,,1.0,,,,,1.0,,,,,,,,,,,,
89,Munchen,2024-07-27,1,632,4.0,5,2.0,1.0,,,,,,,,1.0,,1.0,1.0,1.0,,,,1.0,,1.0,1.0,,,,,,,,,,,,,,,,
90,Munchen,2024-07-27,1,798,,,,1.0,1.0,1.0,,,,,,1.0,,1.0,1.0,1.0,1.0,,,1.0,,,,,,,,,1.0,,,,1.0,,,,,,
91,Munchen,2024-07-27,1,439,4.61,38,,2.0,1.0,1.0,1.0,1.0,1.0,1.0,,1.0,1.0,1.0,1.0,1.0,1.0,1.0,1.0,,,1.0,1.0,1.0,1.0,,1.0,,1.0,,,,,,,,,,
92,Munchen,2024-07-27,1,728,4.73,11,,1.0,,,,,,1.0,,1.0,1.0,1.0,1.0,1.0,,,,1.0,,,,,,,,,,1.0,,,,,,,,,
93,Munchen,2024-07-27,1,570,,,,1.0,,,,,,,,1.0,,,1.0,1.0,1.0,,,1.0,,,,,,,,,,1.0,,,,,,,,,
94,Munchen,2024-07-27,1,701,4.20,10,,2.0,1.0,1.0,1.0,1.0,1.0,1.0,1.0,1.0,1.0,1.0,1.0,1.0,1.0,1.0,,,,,1.0,1.0,1.0,,1.0,,,1.0,,,,,,,,,
95,Munchen,2024-07-27,1,833,4.93,42,,2.0,1.0,1.0,1.0,1.0,1.0,1.0,,,1.0,1.0,1.0,1.0,1.0,1.0,1.0,1.0,,1.0,1.0,,,,1.0,,,,,,,,,,,,
96,Munchen,2024-07-27,1,965,5.0,6,,1.0,,,,,,,,,,1.0,1.0,1.0,1.0,,,,,,,,,,,,,,,,,,,,,,
97,Munchen,2024-07-27,1,833,5.0,3,2.0,1.0,,,,,,,,,,,1.0,1.0,,,,1.0,,,,,,,,,,,,,,,,,,,
98,Munchen,2024-07-27,1,693,,,,1.0,,,,,,,,1.0,,1.0,1.0,1.0,1.0,,,,,1.0,,,,,,,,,,,,,,,,,
99,Munchen,2024-07-27,1,780,,,,1.0,,,,,,,,,,,1.0,1.0,1.0,,,,,1.0,,,,,,,,,,,,,,,,,
100,Munchen,2024-07-27,1,491,4.86,14,16.0,20.0,1.0,1.0,1.0,1.0,1.0,,,1.0,,1.0,1.0,1.0,,,,1.0,,1.0,1.0,,,,1.0,,,,,,,,,,,,
101,Munchen,2024-07-27,1,482,4.59,171,,1.0,1.0,1.0,,1.0,1.0,1.0,1.0,1.0,,1.0,1.0,1.0,1.0,1.0,,1.0,,,1.0,,,1.0,,,,,,,,,,,,,
102,Munchen,2024-07-27,1,833,,,2.0,1.0,1.0,1.0,,1.0,,,,,,1.0,1.0,1.0,1.0,,,1.0,1.0,,1.0,,,1.0,,,,,1.0,1.0,,,,,,,
103,Munchen,2024-07-27,1,868,,,2.0,1.0,1.0,1.0,1.0,1.0,1.0,1.0,1.0,1.0,1.0,1.0,1.0,1.0,1.0,1.0,1.0,1.0,1.0,,1.0,,,,1.0,,,,1.0,,,,,,,,
104,Munchen,2024-07-27,1,701,4.94,16,,1.0,1.0,1.0,1.0,1.0,1.0,1.0,1.0,1.0,,1.0,1.0,1.0,1.0,1.0,,1.0,,1.0,,1.0,1.0,,,,,,,,,,,,,,
105,Munchen,2024-07-27,1,631,4.50,8,2.0,1.0,,,,,,,,1.0,1.0,,1.0,1.0,1.0,,,1.0,,1.0,,,,1.0,,,,,,,,,,,,,
106,Munchen,2024-07-27,1,878,5.0,3,3.0,1.0,1.0,1.0,,1.0,1.0,1.0,1.0,1.0,,1.0,1.0,1.0,1.0,1.0,1.0,1.0,1.0,,,,,,1.0,,,,1.0,1.0,,,,,,,
107,Munchen,2024-07-27,1,964,4.93,14,4.0,2.0,1.0,1.0,1.0,1.0,1.0,1.0,1.0,1.0,1.0,,1.0,1.0,1.0,1.0,,1.0,1.0,,,1.0,1.0,,1.0,,,,1.0,1.0,,,,,,,
108,Munchen,2024-07-27,1,877,,,2.0,1.0,,,,,,,,1.0,,,1.0,1.0,1.0,,,1.0,,1.0,1.0,,,,,,,,,,,,,,,,
109,Munchen,2024-07-27,1,877,5.0,33,,1.0,,,,,,,,1.0,,,1.0,1.0,1.0,1.0,,1.0,,1.0,1.0,,,1.0,,,,,,,,,,,,,
110,Munchen,2024-07-27,1,482,4.75,8,,1.0,1.0,1.0,,,,,,,,1.0,1.0,,1.0,,,1.0,,1.0,,,,,,,,,,,,,,,,,
111,Munchen,2024-07-27,1,605,4.0,5,,1.0,1.0,1.0,1.0,1.0,1.0,,1.0,1.0,1.0,1.0,1.0,1.0,1.0,1.0,1.0,1.0,,,1.0,1.0,1.0,,,,,1.0,1.0,,,,,,,,
112,Munchen,2024-07-27,1,701,4.86,22,2.0,1.0,1.0,,1.0,1.0,,1.0,1.0,1.0,1.0,1.0,1.0,1.0,1.0,1.0,,1.0,,,,,,,,,,,1.0,,,,,,,,
113,Munchen,2024-07-27,1,877,,,,1.0,1.0,1.0,,1.0,,,,1.0,1.0,1.0,1.0,1.0,1.0,,,,,1.0,,,,,1.0,,,,,,,,,,,,
114,Munchen,2024-07-27,1,789,4.55,11,,1.0,1.0,1.0,1.0,,1.0,,,1.0,,1.0,1.0,,1.0,,,1.0,,1.0,,,,,,,,,,,1.0,,,,,,
115,Munchen,2024-07-27,1,500,4.0,8,,1.0,1.0,,1.0,1.0,1.0,,1.0,1.0,,1.0,1.0,1.0,1.0,1.0,,1.0,,,1.0,1.0,1.0,1.0,1.0,,,1.0,1.0,,,,,,,,
116,Munchen,2024-07-27,1,614,4.75,8,,1.0,1.0,1.0,1.0,1.0,,1.0,,1.0,1.0,1.0,1.0,1.0,1.0,,,1.0,,,1.0,1.0,1.0,1.0,1.0,,,,,,,,,,,,
117,Munchen,2024-07-27,1,746,,,,1.0,1.0,1.0,1.0,1.0,1.0,1.0,,1.0,,1.0,1.0,1.0,1.0,1.0,1.0,1.0,,1.0,1.0,1.0,1.0,,1.0,,,,,,,,,,,,
118,Munchen,2024-07-27,1,1052,4.97,62,,1.0,1.0,1.0,1.0,1.0,1.0,1.0,,1.0,,1.0,1.0,1.0,1.0,,,1.0,,1.0,1.0,,,,1.0,1.0,,,,,,,,,,,
119,Munchen,2024-07-27,1,877,5.0,4,,2.0,,,,,,,,1.0,,1.0,1.0,1.0,1.0,,,1.0,,1.0,,,,,,,,,,,,,,,,,
120,Munchen,2024-07-27,1,701,4.50,10,,1.0,,,,,,,,1.0,,1.0,1.0,1.0,1.0,1.0,,1.0,1.0,1.0,1.0,,,1.0,,,,,,1.0,,,,,,,
121,Munchen,2024-07-27,1,526,,,,1.0,1.0,1.0,1.0,1.0,1.0,1.0,1.0,1.0,,1.0,1.0,1.0,1.0,1.0,1.0,1.0,,1.0,,1.0,1.0,,1.0,,,,,,,,,,,,
122,Munchen,2024-07-27,1,656,4.67,18,2.0,2.0,1.0,1.0,,1.0,1.0,1.0,,1.0,,1.0,1.0,1.0,1.0,1.0,,1.0,1.0,1.0,1.0,,,,1.0,,,,1.0,1.0,,,,,,,
123,Munchen,2024-07-27,1,614,5.0,17,,1.0,1.0,1.0,,1.0,1.0,,,1.0,1.0,1.0,1.0,1.0,1.0,,,1.0,,,,,,1.0,1.0,,,,,,,,,,,,
124,Munchen,2024-07-27,1,526,5.0,8,2.0,1.0,1.0,1.0,1.0,1.0,1.0,,1.0,1.0,1.0,1.0,1.0,,1.0,1.0,1.0,1.0,,,1.0,1.0,1.0,1.0,1.0,,,1.0,,,1.0,,,,,,
125,Munchen,2024-07-27,1,482,4.64,144,,2.0,1.0,1.0,,1.0,1.0,1.0,1.0,1.0,,1.0,1.0,1.0,1.0,,,1.0,,,,,,1.0,,,,,,,,,,,,,
126,Munchen,2024-07-27,1,1095,3.67,3,2.0,1.0,,,,,,,,1.0,,,1.0,1.0,1.0,,,1.0,,,,,,,,,,,,,,,,,,,
127,Munchen,2024-07-27,1,413,4.60,77,,1.0,1.0,1.0,1.0,1.0,1.0,,,1.0,,1.0,1.0,1.0,1.0,1.0,,1.0,1.0,1.0,1.0,,,,,,,,1.0,1.0,,,,,,,
128,Munchen,2024-07-27,1,307,4.78,98,,1.0,1.0,1.0,1.0,1.0,1.0,1.0,,,1.0,1.0,1.0,1.0,1.0,1.0,,1.0,,1.0,1.0,1.0,1.0,,,,,,,,,,,,,,
129,Munchen,2024-07-27,1,710,,,,1.0,,,,,,,,1.0,,1.0,1.0,1.0,1.0,,,1.0,,1.0,1.0,,,,,,,,,,,,,,,,
130,Munchen,2024-07-27,1,1008,5.0,3,2.0,1.0,1.0,,1.0,1.0,,,1.0,1.0,1.0,1.0,1.0,,1.0,1.0,1.0,1.0,,,1.0,1.0,1.0,,,,,1.0,,,,,,,,,
131,Munchen,2024-07-27,1,658,4.91,32,,2.0,1.0,1.0,,1.0,,,1.0,,1.0,1.0,1.0,1.0,1.0,,,1.0,,,1.0,1.0,1.0,1.0,1.0,,,,,,,,,,,,
132,Munchen,2024-07-27,1,887,,,2.0,1.0,1.0,1.0,1.0,1.0,1.0,1.0,1.0,1.0,,1.0,1.0,1.0,1.0,1.0,,1.0,,1.0,1.0,,,1.0,1.0,,,,,,,,,,,,
133,Munchen,2024-07-27,1,674,4.88,34,2.0,1.0,1.0,,1.0,1.0,1.0,1.0,,1.0,,1.0,1.0,,1.0,1.0,1.0,1.0,,,1.0,,,,1.0,,,,,,,,,,,,
134,Munchen,2024-07-27,1,439,,,,1.0,,,,,,,,,,,1.0,1.0,1.0,,,1.0,,1.0,,,,,,,,,,,,,,,,,
135,Munchen,2024-07-27,1,522,4.72,68,,2.0,1.0,1.0,,1.0,1.0,,,1.0,,1.0,1.0,1.0,1.0,1.0,,1.0,1.0,1.0,,,,,1.0,1.0,,,,1.0,,,,,,,
136,Munchen,2024-07-27,1,886,,,,1.0,1.0,1.0,1.0,,,,,,,,1.0,1.0,,,,,,,,,,,,,,,,,,,,,,,
137,Munchen,2024-07-27,1,648,3.80,5,,1.0,1.0,1.0,1.0,1.0,1.0,,1.0,,1.0,1.0,1.0,1.0,1.0,1.0,,1.0,,1.0,,1.0,1.0,,1.0,,,,,,,,,,,,
138,Munchen,2024-07-27,1,588,4.86,250,,2.0,1.0,1.0,1.0,1.0,1.0,1.0,,1.0,,1.0,1.0,,1.0,1.0,,1.0,,,1.0,,,,,,,,,,,,,,,,
139,Munchen,2024-07-27,1,844,4.97,38,,1.0,1.0,1.0,1.0,1.0,1.0,,,1.0,,,1.0,1.0,1.0,1.0,1.0,1.0,,1.0,1.0,,,1.0,1.0,1.0,,,,,,,,,,,
140,Munchen,2024-07-27,1,571,4.97,35,,1.0,1.0,1.0,,1.0,1.0,,,1.0,1.0,1.0,1.0,1.0,1.0,1.0,,1.0,,,1.0,,,,1.0,1.0,,,1.0,,,,,,,,
141,Munchen,2024-07-27,1,781,,,,1.0,1.0,,1.0,1.0,1.0,1.0,,1.0,,1.0,1.0,1.0,1.0,1.0,,1.0,,1.0,,1.0,1.0,,1.0,,,,,,1.0,,,,,,
142,Munchen,2024-07-27,1,351,,,,1.0,,,,,1.0,,,1.0,,,1.0,1.0,,,,1.0,,,,,,,,,,,,,,,,,,,
143,Munchen,2024-07-27,1,789,4.92,39,,1.0,1.0,1.0,1.0,1.0,1.0,,,1.0,,1.0,1.0,1.0,1.0,1.0,,,,1.0,1.0,,,,1.0,,,,,,,,,,,,
144,Munchen,2024-07-27,1,1052,5.0,3,3.0,1.0,1.0,1.0,,,1.0,,,1.0,,1.0,1.0,1.0,1.0,1.0,,1.0,,,,,,,1.0,,,,1.0,,,,,,,,
145,Munchen,2024-07-27,1,878,,,,1.0,1.0,,,1.0,1.0,1.0,,,,1.0,1.0,1.0,1.0,,,,,1.0,,,,,,,,,,,,,,,,,
146,Munchen,2024-07-27,1,450,4.56,76,,1.0,1.0,1.0,,1.0,1.0,,,1.0,,1.0,1.0,1.0,1.0,1.0,,1.0,1.0,,1.0,,,,,,,,1.0,1.0,,,,,,,
147,Munchen,2024-07-27,1,701,4.82,11,,1.0,1.0,1.0,1.0,1.0,,,,1.0,1.0,1.0,1.0,1.0,1.0,1.0,1.0,1.0,,1.0,,1.0,1.0,,,,,,,,,,,,,,
148,Munchen,2024-07-27,1,219,,,1.0,1.0,,,,,,,,,,,1.0,1.0,1.0,,,,,1.0,,,,,,,,,,,,,,,,,
149,Munchen,2024-07-27,1,1052,5.0,4,,1.0,,,,,,,,,,,1.0,1.0,1.0,,,1.0,,1.0,,,,,,,,1.0,,,,,,,,,
150,Munchen,2024-07-27,1,656,4.33,3,2.0,2.0,1.0,1.0,1.0,1.0,1.0,1.0,1.0,1.0,,1.0,1.0,1.0,1.0,1.0,,1.0,1.0,,1.0,,,,1.0,,,,1.0,1.0,,,,,,,
151,Munchen,2024-07-27,1,622,4.90,29,,1.0,1.0,1.0,1.0,1.0,1.0,1.0,1.0,1.0,,1.0,1.0,1.0,1.0,,1.0,1.0,,1.0,1.0,1.0,1.0,,,,,,,,,,,,,,
152,Munchen,2024-07-27,1,537,,,1.0,1.0,1.0,1.0,,1.0,1.0,1.0,,1.0,,1.0,1.0,1.0,1.0,1.0,,1.0,1.0,1.0,1.0,,,,1.0,,,,1.0,1.0,,,,,,,
153,Munchen,2024-07-27,1,877,,,,1.0,,,,,,,,1.0,,1.0,1.0,1.0,1.0,,,,,1.0,,,,,,,,,,,,,,,,,
154,Munchen,2024-07-27,1,1379,,,1.0,1.0,1.0,1.0,1.0,1.0,1.0,1.0,,1.0,1.0,1.0,1.0,1.0,1.0,1.0,,1.0,1.0,,1.0,,,,1.0,,,,,,1.0,,,,,,
155,Munchen,2024-07-27,1,812,,,2.0,2.0,1.0,1.0,1.0,1.0,1.0,,1.0,1.0,1.0,1.0,1.0,1.0,1.0,1.0,,1.0,1.0,,1.0,,,1.0,1.0,,,,,,,,,,,,
156,Munchen,2024-07-27,1,455,5.0,15,,1.0,1.0,1.0,1.0,1.0,,1.0,,1.0,1.0,1.0,1.0,1.0,1.0,1.0,,1.0,1.0,,,1.0,1.0,1.0,,,,,,1.0,,,,,,,
157,Munchen,2024-07-27,1,373,4.88,17,,1.0,1.0,1.0,,1.0,1.0,,,1.0,,1.0,1.0,1.0,1.0,,,1.0,1.0,1.0,1.0,,,,1.0,1.0,,,,1.0,,,,,,,
158,Munchen,2024-07-27,1,825,,,3.0,2.0,,,,,,,,,1.0,1.0,1.0,,1.0,,,1.0,1.0,,,,,,1.0,,,,,1.0,1.0,,,,,,
159,Munchen,2024-07-27,1,886,4.89,9,,2.0,,,,,,,,1.0,,,1.0,1.0,1.0,,,1.0,,,,,,1.0,,,,,,,,,,,,,
160,Munchen,2024-07-27,1,658,,,2.0,2.0,1.0,,,,,,,1.0,,1.0,1.0,1.0,1.0,1.0,,1.0,,,1.0,,,,,,,,1.0,,,,,,,,
161,Munchen,2024-07-27,1,315,4.17,6,,1.0,,,,,,,,1.0,,,1.0,1.0,1.0,,,,,1.0,1.0,,,,,,,1.0,,,,,,,,,
162,Munchen,2024-07-27,1,965,5.0,9,,2.0,,,,,,,,,,,1.0,1.0,1.0,,,,,,,,,,,,,,,,,,,,,,
163,Munchen,2024-07-27,1,482,4.90,50,,1.0,1.0,1.0,1.0,1.0,1.0,1.0,1.0,1.0,1.0,1.0,1.0,1.0,1.0,1.0,,1.0,1.0,,,1.0,1.0,1.0,,,,,,1.0,,,,,,,
164,Munchen,2024-07-27,1,518,,,,3.0,1.0,1.0,1.0,1.0,1.0,,,,1.0,1.0,1.0,1.0,1.0,1.0,,1.0,,1.0,,1.0,1.0,,1.0,,,,,,,,,,,,
165,Munchen,2024-07-27,1,491,4.82,22,,1.0,1.0,1.0,1.0,1.0,1.0,,1.0,1.0,1.0,1.0,1.0,1.0,1.0,,,1.0,,,1.0,1.0,1.0,1.0,1.0,,,,1.0,,,,,,,,
166,Munchen,2024-07-27,1,1053,,,,1.0,,,,,,,,1.0,,1.0,1.0,1.0,1.0,,,,,,,,,,,,,,,,,,,,,,
167,Munchen,2024-07-27,1,701,,,,1.0,1.0,1.0,1.0,1.0,,,1.0,1.0,,1.0,1.0,1.0,1.0,,,1.0,,1.0,,1.0,1.0,,1.0,,,,,,,,,,,,
168,Munchen,2024-07-27,1,429,4.88,40,,1.0,1.0,1.0,1.0,1.0,1.0,,1.0,1.0,,,1.0,1.0,1.0,1.0,1.0,1.0,,,1.0,1.0,1.0,,1.0,,,,1.0,,,,,,,,
169,Munchen,2024-07-27,1,1034,,,,1.0,,,,,,,,1.0,,1.0,1.0,1.0,1.0,,,1.0,,1.0,,,,,,1.0,,,,,1.0,,,,,,
170,Munchen,2024-07-27,1,1052,5.0,4,3.0,3.0,1.0,1.0,1.0,1.0,1.0,,,1.0,1.0,1.0,1.0,1.0,1.0,1.0,,1.0,,,,1.0,1.0,,1.0,,,,1.0,,,,,,,,
171,Munchen,2024-07-27,1,656,4.78,9,2.0,2.0,1.0,1.0,,1.0,1.0,1.0,,1.0,,1.0,1.0,1.0,1.0,1.0,,1.0,1.0,1.0,1.0,,,,1.0,,,,1.0,1.0,,,,,,,
172,Munchen,2024-07-27,1,482,,,,1.0,,,,,,,,,,,1.0,1.0,,,,,,1.0,,,,,,,,,,,,,,,,,
173,Munchen,2024-07-27,1,701,5.0,3,,1.0,,,,,,,,,,1.0,1.0,1.0,1.0,,,1.0,,,1.0,,,,,,,,,,,,,,,,
174,Munchen,2024-07-27,1,306,,,,50.0,,,,,,,,,,1.0,,,,,,,,,,,,,,,,,,,,,,,,,
175,Munchen,2024-07-27,1,537,5.0,4,1.0,1.0,1.0,1.0,1.0,1.0,1.0,1.0,1.0,1.0,,1.0,1.0,1.0,1.0,1.0,,1.0,1.0,1.0,1.0,,,,1.0,,,,1.0,1.0,,,,,,,
176,Munchen,2024-07-27,1,693,4.85,20,,1.0,1.0,1.0,1.0,1.0,1.0,1.0,1.0,1.0,,1.0,1.0,1.0,1.0,1.0,1.0,1.0,,1.0,1.0,1.0,1.0,,1.0,,,,,,,,,,,,
177,Munchen,2024-07-27,1,491,4.86,7,16.0,20.0,1.0,1.0,1.0,1.0,1.0,,,1.0,,1.0,1.0,1.0,1.0,,,1.0,,1.0,1.0,,,,1.0,,,1.0,,,,,,,,,
178,Munchen,2024-07-27,1,1079,,,,1.0,,,,,,,,,,1.0,1.0,1.0,1.0,,,1.0,,1.0,,,,,,,,,,,,,,,,,
179,Munchen,2024-07-27,1,1026,4.97,37,2.0,1.0,1.0,1.0,1.0,1.0,1.0,1.0,,1.0,,1.0,1.0,1.0,1.0,1.0,1.0,1.0,,1.0,1.0,,,,1.0,,,,1.0,,,,,,,,
180,Munchen,2024-07-27,1,877,4.93,15,,1.0,1.0,1.0,,1.0,1.0,,,,1.0,1.0,1.0,1.0,1.0,,,1.0,,,1.0,,,1.0,,,,,,,,,,,,,
181,Munchen,2024-07-27,1,614,4.83,12,2.0,1.0,1.0,1.0,,1.0,,,,,,1.0,1.0,1.0,1.0,1.0,,1.0,,,1.0,1.0,1.0,,,,,,1.0,,,,,,,,
182,Munchen,2024-07-27,1,1095,4.91,22,2.0,1.0,1.0,1.0,,1.0,1.0,,1.0,1.0,1.0,1.0,1.0,1.0,1.0,1.0,1.0,1.0,1.0,,1.0,,,,1.0,,,,,1.0,,,,,,,
183,Munchen,2024-07-27,1,492,,,1.0,1.0,,,,,,,,1.0,,,1.0,1.0,,,,1.0,,,,,,,,,,,,,,,,,,,
184,Munchen,2024-07-27,1,325,4.50,4,,3.0,1.0,1.0,1.0,1.0,1.0,,1.0,,,1.0,1.0,1.0,1.0,1.0,1.0,1.0,,,1.0,,,,1.0,,,,,,,,,,,,
185,Munchen,2024-07-27,1,727,5.0,5,,1.0,1.0,1.0,,1.0,1.0,1.0,,1.0,1.0,1.0,1.0,1.0,1.0,1.0,1.0,1.0,,1.0,1.0,1.0,1.0,,1.0,,,,,,,,,,,,
186,Munchen,2024-07-27,1,544,4.60,30,1.0,1.0,1.0,1.0,1.0,1.0,1.0,1.0,,,,1.0,1.0,1.0,1.0,1.0,1.0,1.0,,,,,,,1.0,,,,,,,,,,,,
187,Munchen,2024-07-27,1,701,4.39,103,,1.0,1.0,1.0,,1.0,1.0,1.0,,1.0,,1.0,1.0,1.0,1.0,,,,1.0,1.0,,,,,1.0,1.0,,,,1.0,,,,,,,
188,Munchen,2024-07-27,1,439,4.89,9,,1.0,1.0,1.0,1.0,1.0,1.0,,,1.0,,1.0,1.0,1.0,1.0,,,,,1.0,1.0,,,,1.0,1.0,,,,,,,,,,,
189,Munchen,2024-07-27,1,656,4.83,18,2.0,2.0,1.0,1.0,,1.0,1.0,1.0,,1.0,,1.0,1.0,1.0,1.0,1.0,,1.0,1.0,1.0,1.0,,,,1.0,,,,1.0,1.0,,,,,,,
190,Munchen,2024-07-27,1,484,4.33,6,3.0,3.0,1.0,1.0,,,,1.0,,1.0,,1.0,1.0,1.0,1.0,1.0,,1.0,,,,,,,,,,,,,,,,,,,
191,Munchen,2024-07-27,1,430,5.0,5,,2.0,1.0,,,1.0,1.0,,1.0,1.0,1.0,1.0,1.0,1.0,1.0,1.0,1.0,1.0,,1.0,1.0,,,,1.0,,,,1.0,,,,,,,,
192,Munchen,2024-07-27,1,614,,,,1.0,,,,,,,,1.0,,1.0,1.0,1.0,1.0,,,1.0,,,1.0,,,,,,,,,,,,,,,,
193,Munchen,2024-07-27,1,658,5.0,4,,1.0,1.0,1.0,1.0,1.0,1.0,,,1.0,,1.0,1.0,1.0,1.0,,,1.0,,1.0,1.0,,,,,,,,,,,,,,,,
194,Munchen,2024-07-27,1,596,4.20,5,,5.0,1.0,1.0,,,,,,1.0,,1.0,1.0,1.0,1.0,1.0,,1.0,1.0,1.0,,,,,1.0,,,,,1.0,,,,,,,
195,Munchen,2024-07-27,1,956,5.0,3,,1.0,1.0,1.0,,,,1.0,,,,1.0,1.0,1.0,1.0,,,,,1.0,,,,,,,,,,,,,,,,,
196,Munchen,2024-07-27,1,965,,,,1.0,,,,,,,,1.0,,1.0,1.0,1.0,1.0,,,,,1.0,1.0,,,,,,,,,,,,,,,,
197,Munchen,2024-07-27,1,965,5.0,3,,1.0,,,,,,,,,,1.0,1.0,1.0,,,,,,,1.0,,,,,,,,,,,,,,,,
198,Munchen,2024-07-27,1,815,4.80,5,,2.0,1.0,1.0,1.0,,1.0,,,1.0,,1.0,1.0,1.0,1.0,,,1.0,,1.0,1.0,,,,,,,,,,,,,,,,
199,Munchen,2024-07-27,1,656,4.81,16,2.0,1.0,1.0,1.0,,1.0,1.0,1.0,,1.0,,1.0,1.0,1.0,1.0,1.0,,1.0,1.0,1.0,1.0,,,,1.0,,,,1.0,1.0,,,,,,,
200,Munchen,2024-07-27,1,456,3.0,5,,1.0,1.0,1.0,1.0,1.0,,1.0,1.0,,,1.0,1.0,1.0,1.0,1.0,1.0,1.0,,1.0,1.0,1.0,1.0,,1.0,,,1.0,,,,,,,,,
201,Munchen,2024-07-27,1,412,,,,1.0,1.0,1.0,,1.0,1.0,,1.0,,1.0,1.0,1.0,1.0,1.0,,,,,,1.0,1.0,1.0,,1.0,,,,,,,,,,,,
202,Munchen,2024-07-27,1,1122,4.98,51,4.0,2.0,1.0,1.0,1.0,1.0,1.0,,1.0,1.0,1.0,1.0,1.0,1.0,1.0,1.0,1.0,1.0,,,1.0,1.0,1.0,,1.0,,,,1.0,,,,,,,,
203,Munchen,2024-07-27,1,544,4.67,12,,1.0,1.0,1.0,1.0,1.0,,,,1.0,1.0,1.0,1.0,,1.0,,,,,1.0,,1.0,1.0,,1.0,,,,,,,,,,,,
204,Munchen,2024-07-27,1,325,,,,1.0,1.0,1.0,1.0,1.0,1.0,1.0,1.0,,,1.0,1.0,1.0,1.0,1.0,1.0,1.0,,,1.0,,,,1.0,,,,,,,,,,,,
205,Munchen,2024-07-27,1,701,,,,1.0,,,,,,,,1.0,,1.0,1.0,1.0,1.0,,,1.0,,,,,,,,,,,,,,,,,,,
206,Munchen,2024-07-27,1,656,5.0,8,2.0,2.0,1.0,1.0,,1.0,1.0,,,1.0,,1.0,1.0,1.0,1.0,1.0,,1.0,1.0,,,,,,1.0,,,,1.0,1.0,,,,,,,
207,Munchen,2024-07-27,1,701,,,,,1.0,1.0,1.0,1.0,1.0,1.0,,,,1.0,1.0,1.0,1.0,,,,,1.0,1.0,,,,,,,,,,,,,,,,
208,Munchen,2024-07-27,1,701,,,,1.0,,,,,,,,,,1.0,1.0,1.0,1.0,,,1.0,,1.0,1.0,,,,,,,,,,,,,,,,
209,Munchen,2024-07-27,1,658,5.0,6,,1.0,,,,,,,,,,1.0,1.0,1.0,1.0,,,,,,1.0,,,,,,,,,,,,,,,,
210,Munchen,2024-07-27,1,1008,4.50,6,,1.0,1.0,1.0,1.0,1.0,1.0,1.0,,,,1.0,1.0,1.0,1.0,1.0,1.0,1.0,,1.0,1.0,1.0,1.0,,1.0,,,1.0,,,,,,,,,
211,Munchen,2024-07-27,1,746,4.87,45,,1.0,1.0,1.0,1.0,,1.0,,,1.0,,1.0,1.0,1.0,,,,1.0,1.0,,,,,,,,,,,1.0,,,,,,,
212,Munchen,2024-07-27,1,1192,,,1.0,1.0,1.0,1.0,1.0,1.0,1.0,1.0,,1.0,1.0,1.0,1.0,1.0,1.0,1.0,,1.0,1.0,,,,,,1.0,,,,,,,,,,,,
213,Munchen,2024-07-27,1,656,5.0,9,2.0,2.0,1.0,1.0,1.0,1.0,1.0,1.0,1.0,1.0,,1.0,1.0,1.0,1.0,1.0,,1.0,1.0,1.0,1.0,,,,1.0,,,,1.0,1.0,,,,,,,
214,Munchen,2024-07-27,1,325,4.25,4,,1.0,1.0,,1.0,1.0,1.0,,1.0,,,1.0,1.0,1.0,1.0,,1.0,1.0,,,1.0,,,,,,,,,,,,,,,,
215,Munchen,2024-07-27,1,789,,,,3.0,1.0,,,1.0,,1.0,1.0,,,1.0,1.0,1.0,1.0,1.0,1.0,1.0,,,,,,,,,,,,,,,,,,,
216,Munchen,2024-07-27,1,537,,,1.0,1.0,1.0,1.0,,1.0,1.0,1.0,,1.0,,1.0,1.0,1.0,1.0,1.0,,1.0,1.0,1.0,1.0,,,,1.0,,,,1.0,1.0,,,,,,,
217,Munchen,2024-07-27,1,745,4.80,10,,1.0,1.0,1.0,,,1.0,,,,1.0,1.0,1.0,1.0,1.0,,1.0,1.0,,1.0,1.0,1.0,1.0,1.0,,,,,,,,,,,,,
218,Munchen,2024-07-27,1,1053,4.67,3,,1.0,,,,,,,,,,1.0,1.0,1.0,1.0,,,1.0,,1.0,1.0,,,,,,,,,,,,,,,,
219,Munchen,2024-07-27,1,333,4.83,40,,1.0,1.0,1.0,1.0,1.0,,1.0,1.0,1.0,,1.0,1.0,1.0,1.0,1.0,1.0,1.0,,,1.0,,,,1.0,,,,,,,,,,,,
220,Munchen,2024-07-27,1,878,5.0,5,,1.0,1.0,1.0,1.0,1.0,1.0,1.0,1.0,1.0,,1.0,1.0,1.0,1.0,1.0,1.0,1.0,,1.0,1.0,,,1.0,1.0,1.0,,,,,,,,,,,
221,Munchen,2024-07-27,1,984,4.62,118,5.0,4.0,1.0,1.0,,1.0,1.0,,1.0,1.0,,1.0,1.0,1.0,1.0,1.0,1.0,1.0,,1.0,1.0,,,,1.0,,,,,,,,,,,,
222,Munchen,2024-07-27,1,878,4.67,3,2.0,1.0,1.0,1.0,1.0,1.0,1.0,,1.0,1.0,1.0,1.0,1.0,1.0,1.0,,1.0,1.0,,,,1.0,1.0,,1.0,,,,1.0,,,,,,,,
223,Munchen,2024-07-27,1,965,5.0,10,2.0,1.0,1.0,1.0,,1.0,1.0,1.0,,1.0,,,1.0,1.0,1.0,1.0,,1.0,,1.0,1.0,,,1.0,1.0,,,,,,,,,,,,
224,Munchen,2024-07-27,1,526,4.80,5,,2.0,1.0,1.0,1.0,1.0,1.0,,1.0,1.0,1.0,1.0,1.0,,1.0,1.0,1.0,1.0,,,1.0,1.0,1.0,1.0,1.0,,,,,,,,,,,,
225,Munchen,2024-07-27,1,675,4.71,17,,1.0,1.0,1.0,,1.0,,,,,,1.0,1.0,1.0,1.0,1.0,,1.0,,1.0,1.0,,,,1.0,,,,,,,,,,,,
226,Munchen,2024-07-27,1,1052,4.56,16,,1.0,1.0,1.0,,1.0,,1.0,,,,,1.0,1.0,,,,1.0,,1.0,1.0,,,,,,,,,,,,,,,,
227,Munchen,2024-07-27,1,631,,,,2.0,1.0,1.0,1.0,1.0,1.0,1.0,1.0,1.0,,1.0,1.0,1.0,1.0,1.0,1.0,1.0,1.0,1.0,1.0,,,,1.0,,,1.0,1.0,1.0,,,,,,,
228,Munchen,2024-07-27,1,587,4.86,14,,2.0,1.0,,,1.0,1.0,,1.0,1.0,1.0,1.0,1.0,1.0,1.0,1.0,1.0,1.0,1.0,,1.0,,,,1.0,,,,,1.0,,,,,,,
229,Munchen,2024-07-27,1,315,,,,2.0,,,,,,,,1.0,,1.0,1.0,1.0,,,,,,,,,,,,,,,,,,,,,,,
230,Munchen,2024-07-27,1,877,,,2.0,2.0,1.0,,1.0,1.0,,1.0,,,,1.0,1.0,,1.0,,,,,1.0,1.0,,,,,,,,,,,,,,,,
231,Munchen,2024-07-27,1,965,4.78,46,,1.0,1.0,1.0,1.0,1.0,1.0,1.0,1.0,,,1.0,1.0,1.0,,,,1.0,,1.0,1.0,,,,1.0,,,,,,,,,,,,
232,Munchen,2024-07-27,1,439,4.65,17,,1.0,1.0,1.0,1.0,1.0,1.0,,1.0,1.0,1.0,1.0,1.0,1.0,1.0,,1.0,1.0,,1.0,,1.0,1.0,,,,,,,,,,,,,,
233,Munchen,2024-07-27,1,1052,3.0,4,3.0,2.0,,,,,,,,1.0,,1.0,1.0,1.0,1.0,,,,,1.0,1.0,,,,,1.0,,,,,,,,,,,
234,Munchen,2024-07-27,1,658,4.50,12,,1.0,1.0,1.0,,,,,,,,1.0,1.0,1.0,1.0,,,,,1.0,1.0,1.0,1.0,,,,,,,,,,,,,,
235,Munchen,2024-07-27,1,219,4.67,10,,1.0,,,,,1.0,,,,,1.0,1.0,1.0,,,,1.0,,,,,,,,,,,,,,,,,,,
236,Munchen,2024-07-27,1,535,4.79,14,,1.0,1.0,,,1.0,1.0,,1.0,1.0,1.0,1.0,1.0,,1.0,,,1.0,,1.0,,1.0,1.0,,,,,,,,,,,,,,
237,Munchen,2024-07-27,1,421,,,,1.0,,,,,,,,1.0,,,,,1.0,1.0,,,,,1.0,,,1.0,,,1.0,,,,,,,,,,
238,Munchen,2024-07-27,1,342,,,,1.0,1.0,,1.0,1.0,,,1.0,,,1.0,1.0,1.0,1.0,1.0,,1.0,,,1.0,1.0,1.0,,,,,,1.0,,,,,,,,
239,Munchen,2024-07-27,1,1052,,,,2.0,,,,,,,,1.0,1.0,,1.0,1.0,1.0,,,1.0,,1.0,1.0,,,,,,1.0,,,,,,,,,,
240,Munchen,2024-07-27,1,1105,4.20,5,,1.0,1.0,1.0,1.0,1.0,1.0,,1.0,1.0,1.0,1.0,1.0,1.0,1.0,,,1.0,,,1.0,1.0,1.0,,1.0,,,,1.0,,,,,,,,
241,Munchen,2024-07-27,1,701,,,,2.0,1.0,1.0,1.0,1.0,,,1.0,1.0,1.0,,1.0,1.0,1.0,,,1.0,,1.0,,1.0,1.0,,,,,,,,,,,,,,
242,Munchen,2024-07-27,1,439,,,,1.0,,,,,,,,,,,1.0,1.0,1.0,1.0,1.0,1.0,,,,,,,,,,,1.0,,,,,,,,
243,Munchen,2024-07-27,1,658,4.76,17,,1.0,,,,,1.0,,,,,1.0,1.0,1.0,1.0,,,1.0,,,,,,,,,,,,,,,,,,,
244,Munchen,2024-07-27,1,1122,,,,1.0,1.0,1.0,,1.0,1.0,,1.0,1.0,1.0,1.0,1.0,1.0,,,,1.0,,,1.0,,,1.0,,1.0,,,,,,,,,,,
245,Munchen,2024-07-27,1,587,4.90,10,,2.0,1.0,,,1.0,1.0,1.0,1.0,1.0,,1.0,1.0,1.0,1.0,1.0,1.0,1.0,1.0,1.0,1.0,,,,1.0,,,,,1.0,,,,,,,
246,Munchen,2024-07-27,1,710,5.0,18,,1.0,1.0,,1.0,,,,,,,1.0,1.0,1.0,1.0,,,,,1.0,,,,1.0,,,,,,,,,,,,,
247,Munchen,2024-07-27,1,333,,,1.0,2.0,,,,,,,,1.0,,,1.0,1.0,1.0,,,,,1.0,,,,,,,1.0,,,,,,,,,,
248,Munchen,2024-07-27,1,544,4.25,20,,1.0,,,,,,,,1.0,,,1.0,1.0,1.0,,,1.0,,1.0,,,,,,1.0,,,,,,,,,,,
249,Munchen,2024-07-27,1,658,,,1.0,1.0,,,,,,,,,,,,,,,,,,,,,,,,,,,,,,,,,,,
250,Munchen,2024-07-27,1,587,4.36,11,,2.0,1.0,,,1.0,1.0,1.0,1.0,1.0,,1.0,1.0,1.0,1.0,1.0,1.0,1.0,1.0,1.0,1.0,,,,1.0,,,,,1.0,,,,,,,
251,Munchen,2024-07-27,1,368,4.95,20,,2.0,,,,,1.0,,,1.0,,1.0,1.0,1.0,1.0,,,1.0,,,,,,,,1.0,,,,,,,,,,,
252,Munchen,2024-07-27,1,929,,,2.0,2.0,,,,,,,,1.0,,1.0,1.0,1.0,,,,1.0,1.0,,,,,,,,,,,1.0,,,,,,,
253,Munchen,2024-07-27,1,596,,,4.0,4.0,,,,,,1.0,,,,1.0,1.0,1.0,1.0,,,1.0,,,,,,,,,,,,,,,,,,,
254,Munchen,2024-07-27,1,763,4.33,12,,2.0,,,,,,,,1.0,,,1.0,1.0,1.0,,,1.0,,1.0,,,,,,1.0,,,,,,,,,,,
255,Munchen,2024-07-27,1,868,4.70,20,,1.0,1.0,,1.0,,,,,1.0,,1.0,1.0,1.0,1.0,1.0,,1.0,,,1.0,,,,,,,,,,,,,,,,
256,Munchen,2024-07-27,1,500,,,,3.0,1.0,1.0,,,,,,1.0,,1.0,1.0,1.0,1.0,1.0,,1.0,,1.0,1.0,,,1.0,,1.0,,,,,,,,,,,
257,Munchen,2024-07-27,1,254,,,1.0,1.0,1.0,,,1.0,1.0,,,,1.0,1.0,1.0,1.0,1.0,1.0,,1.0,,1.0,1.0,1.0,1.0,,,,,,,,,,,,,,
258,Munchen,2024-07-27,1,877,,,,1.0,1.0,1.0,1.0,,1.0,,,1.0,,,1.0,1.0,1.0,,,1.0,,1.0,,,,,,,,,,,,,,,,,
259,Munchen,2024-07-27,1,956,4.69,13,,1.0,1.0,1.0,1.0,1.0,1.0,1.0,,1.0,,1.0,1.0,1.0,1.0,,,1.0,,,1.0,,,,1.0,,,1.0,,,,,,,,,
260,Munchen,2024-07-27,1,965,,,2.0,1.0,1.0,1.0,1.0,1.0,1.0,,1.0,1.0,1.0,1.0,1.0,1.0,1.0,,1.0,1.0,,,1.0,1.0,1.0,,1.0,,,,1.0,,,,,,,,
261,Munchen,2024-07-27,1,1000,,,2.0,1.0,1.0,1.0,1.0,1.0,1.0,,1.0,1.0,1.0,1.0,1.0,1.0,1.0,1.0,1.0,1.0,,,1.0,1.0,1.0,,1.0,,,,,,,,,,,,
262,Munchen,2024-07-27,1,264,,,2.0,1.0,1.0,,1.0,1.0,1.0,,,1.0,1.0,1.0,,,1.0,1.0,,1.0,,1.0,1.0,1.0,1.0,,,,,,,,,,,,,,
263,Munchen,2024-07-27,1,526,,,,1.0,,,,,,,,,,1.0,1.0,1.0,,,,1.0,,1.0,,,,,,,,,,,,,,,,,
264,Munchen,2024-07-27,1,956,4.88,8,,1.0,1.0,,,1.0,,,,1.0,,1.0,1.0,1.0,1.0,1.0,,1.0,,,,,,,,,,,,,,,,,,,
265,Munchen,2024-07-27,1,1408,4.67,9,2.0,1.0,1.0,1.0,1.0,1.0,,,,1.0,,1.0,1.0,1.0,1.0,1.0,,1.0,1.0,,1.0,,,,1.0,,,,,1.0,,,,,,,
266,Munchen,2024-07-27,1,2191,4.86,21,2.0,1.0,1.0,1.0,1.0,,1.0,,,1.0,,1.0,1.0,1.0,,,,1.0,,,,,,,,,,,1.0,,,,,,,,
267,Munchen,2024-07-27,1,1207,,,1.0,1.0,1.0,1.0,1.0,1.0,1.0,,1.0,1.0,1.0,1.0,1.0,1.0,,,,1.0,,,1.0,,,,,,,,,,1.0,,,,,,
268,Munchen,2024-07-27,1,2183,5.0,4,2.0,1.0,1.0,1.0,,,,,,1.0,,1.0,1.0,1.0,1.0,1.0,,1.0,,1.0,1.0,,,1.0,,,,,,,,,,,,,
269,Munchen,2024-07-27,1,1580,,,2.0,1.0,1.0,1.0,1.0,1.0,1.0,1.0,1.0,1.0,1.0,1.0,1.0,1.0,1.0,1.0,,1.0,1.0,,,,,,1.0,,,,,,,,,,,,
270,Munchen,2024-07-27,1,1148,5.0,14,,1.0,1.0,1.0,1.0,1.0,1.0,,1.0,,1.0,1.0,1.0,1.0,,,,1.0,,1.0,1.0,,,,1.0,,,,,,,,,,,,
271,Munchen,2024-07-27,1,2382,,,3.0,3.0,,,,,,,,1.0,,1.0,1.0,1.0,1.0,,,1.0,,1.0,,,,,,,,,,,,,,,,,
272,Munchen,2024-07-27,1,2087,4.89,9,4.0,2.0,1.0,1.0,,,1.0,,,1.0,1.0,1.0,1.0,1.0,,,,1.0,,1.0,,,,,,,,,1.0,,,,,,,,
273,Munchen,2024-07-27,1,1271,4.96,26,5.0,2.0,1.0,1.0,,,1.0,1.0,,1.0,,1.0,1.0,1.0,1.0,1.0,1.0,,1.0,1.0,1.0,,,,,,,,1.0,1.0,,,,,,,
274,Munchen,2024-07-27,1,1490,4.51,55,2.0,1.0,1.0,1.0,1.0,1.0,1.0,1.0,1.0,1.0,1.0,1.0,1.0,1.0,1.0,1.0,,1.0,,,1.0,,,1.0,1.0,,,,1.0,,,,,,,,
275,Munchen,2024-07-27,1,1447,4.95,22,,,1.0,1.0,,1.0,1.0,1.0,1.0,1.0,,1.0,1.0,1.0,1.0,1.0,,1.0,,,1.0,,,,1.0,,,,,,,,,,,,
276,Munchen,2024-07-27,1,1867,4.93,27,3.0,2.0,1.0,1.0,1.0,1.0,1.0,1.0,1.0,1.0,,1.0,1.0,,1.0,1.0,1.0,1.0,,,1.0,1.0,1.0,1.0,1.0,,,,1.0,,,,,,,,
277,Munchen,2024-07-27,1,1315,4.82,22,2.0,1.0,1.0,1.0,1.0,1.0,1.0,1.0,,1.0,1.0,1.0,1.0,1.0,1.0,1.0,1.0,1.0,1.0,,1.0,1.0,1.0,1.0,1.0,,,,,1.0,,,,,,,
278,Munchen,2024-07-27,1,1421,,,2.0,1.0,,,,,,,,1.0,1.0,1.0,1.0,1.0,1.0,,,1.0,1.0,1.0,1.0,,,1.0,,,1.0,,,1.0,,,,,,,
279,Munchen,2024-07-27,1,2087,4.88,201,2.0,2.0,1.0,1.0,1.0,1.0,1.0,,1.0,1.0,,1.0,1.0,1.0,1.0,,,1.0,1.0,,1.0,,,1.0,1.0,,,,1.0,1.0,,,,,,,
280,Munchen,2024-07-27,1,1832,4.86,7,4.0,2.0,1.0,1.0,,1.0,,,,1.0,1.0,1.0,1.0,1.0,1.0,1.0,1.0,1.0,,,1.0,,,,,,,,,,,,,,,,
281,Munchen,2024-07-27,1,2192,4.86,7,3.0,2.0,,,,,,,,,,1.0,1.0,1.0,1.0,1.0,,,,,1.0,,,1.0,,,,,,,,,,,,,
282,Munchen,2024-07-27,1,1140,4.57,7,4.0,2.0,1.0,1.0,1.0,1.0,,,,1.0,1.0,1.0,1.0,1.0,1.0,,,1.0,,1.0,,1.0,1.0,,,,,,,,,,,,,,
283,Munchen,2024-07-27,1,1158,,,2.0,,,,,,,,,,,1.0,1.0,1.0,1.0,,,,,1.0,,,,,,,,,,,,,,,,,
284,Munchen,2024-07-27,1,1376,4.61,18,,1.0,1.0,1.0,1.0,1.0,,,1.0,1.0,1.0,1.0,1.0,1.0,1.0,1.0,1.0,1.0,,,1.0,1.0,1.0,,1.0,,,1.0,,,,,,,,,
285,Munchen,2024-07-27,1,1228,,,2.0,1.0,1.0,,,1.0,1.0,,,,1.0,1.0,1.0,1.0,1.0,1.0,,1.0,,1.0,1.0,1.0,1.0,,,,,,1.0,,,,,,,,
286,Munchen,2024-07-27,1,1453,,,2.0,2.0,1.0,1.0,1.0,1.0,1.0,1.0,1.0,1.0,1.0,1.0,1.0,1.0,1.0,1.0,,1.0,1.0,,,,,,1.0,,,,,,,,,,,,
287,Munchen,2024-07-27,1,2414,4.88,8,2.0,1.0,1.0,1.0,1.0,,1.0,,,1.0,,1.0,1.0,1.0,,,,,,,,,,,,,,,1.0,,,,,,,,
288,Munchen,2024-07-27,1,1386,,,1.0,1.0,1.0,1.0,1.0,1.0,1.0,,1.0,1.0,1.0,1.0,1.0,1.0,1.0,,,1.0,,,1.0,,,,1.0,,,,,,1.0,,,,,,
289,Munchen,2024-07-27,1,2367,,,2.0,1.0,,,,,,,,1.0,,1.0,1.0,1.0,1.0,,,,,,,,,,,,,,,,,,,,,,
290,Munchen,2024-07-27,1,1420,4.93,72,,1.0,1.0,1.0,1.0,1.0,1.0,1.0,1.0,1.0,,1.0,1.0,1.0,1.0,,,1.0,1.0,1.0,1.0,1.0,1.0,1.0,1.0,,,,1.0,,,,,,,,
291,Munchen,2024-07-27,1,1666,,,4.0,2.0,1.0,1.0,,1.0,1.0,,1.0,1.0,1.0,1.0,1.0,,1.0,1.0,1.0,,,,1.0,,,1.0,1.0,,,,1.0,,,,,,,,
292,Munchen,2024-07-27,1,2244,4.33,3,4.0,4.0,,,,,,,,1.0,,,,,1.0,,,,,1.0,1.0,,,,,,,,,,,,,,,,
293,Munchen,2024-07-27,1,1132,4.77,13,,1.0,1.0,1.0,,1.0,,1.0,,,,1.0,1.0,1.0,1.0,1.0,,1.0,,,1.0,,,,,,,1.0,,,,,,,,,
294,Munchen,2024-07-27,1,1402,,,2.0,1.0,1.0,1.0,1.0,,,,,1.0,,1.0,1.0,1.0,1.0,1.0,,1.0,,,1.0,1.0,1.0,,,,,,,,,,,,,,
295,Munchen,2024-07-27,1,1753,4.71,7,4.0,2.0,1.0,1.0,,1.0,,1.0,,1.0,,1.0,1.0,1.0,1.0,,1.0,1.0,,1.0,1.0,,,,,,,,1.0,,,,,,,,
296,Munchen,2024-07-27,1,1640,4.88,32,5.0,1.0,1.0,,1.0,1.0,1.0,,1.0,1.0,1.0,1.0,1.0,,,,,1.0,,1.0,,1.0,1.0,1.0,1.0,1.0,,,1.0,,,,,,,,
297,Munchen,2024-07-27,1,2192,5.0,3,4.0,1.0,1.0,1.0,,,,,,1.0,,1.0,1.0,1.0,1.0,,,1.0,,,1.0,,,,,,1.0,,,,,,,,,,
298,Munchen,2024-07-27,1,1267,,,2.0,1.0,1.0,1.0,1.0,1.0,1.0,,1.0,1.0,,1.0,1.0,1.0,1.0,1.0,1.0,1.0,,,1.0,1.0,1.0,,,,,,,,,,,,,,
299,Munchen,2024-07-27,1,1227,4.40,15,2.0,1.0,1.0,1.0,,1.0,1.0,,,1.0,1.0,1.0,1.0,1.0,1.0,1.0,,1.0,1.0,,1.0,1.0,1.0,1.0,,,,,1.0,1.0,,,,,,,
300,Munchen,2024-07-27,1,1288,5.0,4,2.0,1.0,,,,,,,,1.0,,,1.0,1.0,1.0,,,1.0,,1.0,,,,,,,,,,,,,,,,,
301,Munchen,2024-07-27,1,1753,5.0,5,2.0,2.0,,,,,,,,1.0,,1.0,1.0,1.0,1.0,,,1.0,,1.0,,,,,,,,1.0,1.0,,,,,,,,
302,Munchen,2024-07-27,1,2245,,,2.0,1.0,1.0,1.0,,,,,,1.0,1.0,1.0,1.0,1.0,1.0,1.0,,1.0,1.0,,1.0,,,1.0,1.0,,1.0,1.0,,1.0,,,,,,,
303,Munchen,2024-07-27,1,2452,5.0,6,1.0,1.0,1.0,1.0,1.0,1.0,1.0,1.0,,1.0,1.0,1.0,1.0,1.0,,,,,,,,,,,,,,,,,,,,,,,
304,Munchen,2024-07-27,1,2245,,,5.0,3.0,1.0,1.0,,1.0,1.0,,,1.0,1.0,1.0,1.0,1.0,1.0,,,1.0,,1.0,,,,,,,,,,,,,,,,,
305,Munchen,2024-07-27,1,1491,4.94,17,,4.0,1.0,1.0,,1.0,1.0,1.0,,1.0,1.0,1.0,1.0,1.0,1.0,1.0,,1.0,,,1.0,1.0,1.0,,1.0,,,,,,,,,,,,
306,Munchen,2024-07-27,1,1359,5.0,4,2.0,1.0,1.0,1.0,,1.0,,,,1.0,,1.0,1.0,1.0,1.0,,,,,,,,,,,,,,,,,,,,,,
307,Munchen,2024-07-27,1,1617,,,2.0,1.0,1.0,1.0,1.0,1.0,1.0,1.0,,1.0,1.0,1.0,1.0,1.0,1.0,1.0,,1.0,1.0,,,,,,1.0,,,,,,,,,,,,
308,Munchen,2024-07-27,1,1131,4.96,25,,1.0,1.0,1.0,1.0,1.0,1.0,,,,,1.0,1.0,1.0,1.0,1.0,,1.0,1.0,,1.0,,,,,,,,,,,,,,,,
309,Munchen,2024-07-27,1,1552,4.58,12,4.0,2.0,1.0,1.0,1.0,1.0,1.0,1.0,1.0,1.0,,1.0,1.0,1.0,1.0,1.0,,1.0,,,1.0,1.0,1.0,,1.0,,,,,,,,,,,,
310,Munchen,2024-07-27,1,2060,4.89,27,3.0,2.0,1.0,1.0,,,1.0,,,1.0,,1.0,,,1.0,1.0,,1.0,,1.0,1.0,,,,,,,,,,,,,,,,
311,Munchen,2024-07-27,1,2438,4.86,14,2.0,1.0,1.0,,1.0,1.0,1.0,1.0,,1.0,1.0,1.0,1.0,1.0,1.0,,,,,,,1.0,1.0,,,,,,,,,,,,,,
312,Munchen,2024-07-27,1,1447,5.0,5,,2.0,,,,,,,,1.0,,,1.0,1.0,1.0,,,1.0,,,1.0,,,,,,,,,,,,,,,,
313,Munchen,2024-07-27,1,1508,5.0,3,,1.0,1.0,1.0,,,,,,1.0,,1.0,1.0,1.0,1.0,,,1.0,,1.0,1.0,,,,,,,,,,,,,,,,
314,Munchen,2024-07-27,1,1408,4.67,3,4.0,4.0,1.0,1.0,1.0,1.0,1.0,1.0,1.0,1.0,,1.0,1.0,1.0,1.0,1.0,,1.0,,1.0,1.0,,,1.0,1.0,,,,,,,,,,,,
315,Munchen,2024-07-27,1,1341,,,4.0,2.0,1.0,1.0,1.0,1.0,1.0,,1.0,1.0,,1.0,1.0,1.0,1.0,1.0,1.0,1.0,,,1.0,,,1.0,1.0,,,,,,,,,,,,
316,Munchen,2024-07-27,1,1227,4.75,4,2.0,2.0,,,,,,,,,,1.0,1.0,1.0,1.0,1.0,,1.0,,1.0,,,,,,,,,,,,,,,,,
317,Munchen,2024-07-27,1,2192,4.40,5,,2.0,,,,,,,,1.0,,1.0,1.0,1.0,1.0,1.0,,,,1.0,1.0,,,,,,,1.0,,,,,,,,,
318,Munchen,2024-07-27,1,1192,4.48,23,2.0,1.0,1.0,1.0,1.0,1.0,,,,1.0,1.0,,1.0,,1.0,1.0,,1.0,,,,1.0,1.0,,1.0,,,,,,,,,,,,
319,Munchen,2024-07-27,1,2455,,,4.0,2.0,,,,,,,,,,1.0,1.0,1.0,1.0,,,,,1.0,,,,,,,,,,,,,,,,,
320,Munchen,2024-07-27,1,2042,5.0,9,4.0,2.0,1.0,1.0,1.0,1.0,1.0,1.0,1.0,1.0,1.0,1.0,1.0,1.0,1.0,1.0,1.0,1.0,,1.0,1.0,1.0,1.0,1.0,1.0,1.0,1.0,,1.0,,,,,,,,
321,Munchen,2024-07-27,1,1972,,,2.0,1.0,1.0,1.0,,,,,,,,1.0,1.0,1.0,1.0,,,,,1.0,,,,,,,,,,,,,,,,,
322,Munchen,2024-07-27,1,1403,4.93,14,2.0,1.0,1.0,1.0,1.0,1.0,1.0,,1.0,1.0,1.0,1.0,1.0,1.0,1.0,1.0,1.0,1.0,1.0,,,1.0,1.0,1.0,1.0,,,,1.0,1.0,,,,,,,
323,Munchen,2024-07-27,1,1973,,,,2.0,,,,,,,,,,1.0,1.0,1.0,1.0,,,1.0,,1.0,1.0,,,,,,,,,,,,,,,,
324,Munchen,2024-07-27,1,1753,,,,1.0,1.0,1.0,,,,,,1.0,,1.0,1.0,1.0,1.0,,,1.0,,,,,,,,,,,,,,,,,,,
325,Munchen,2024-07-27,1,2213,,,2.0,1.0,1.0,1.0,1.0,1.0,1.0,1.0,1.0,1.0,1.0,1.0,1.0,1.0,1.0,1.0,,1.0,1.0,,,,,,1.0,,,,,,,,,,,,
326,Munchen,2024-07-27,1,1579,,,2.0,1.0,1.0,1.0,1.0,1.0,1.0,,,,1.0,1.0,1.0,1.0,1.0,,,1.0,,1.0,,,,,,,,,,,,,,,,,
327,Munchen,2024-07-27,1,1631,4.67,3,2.0,1.0,1.0,,1.0,1.0,,1.0,1.0,,1.0,1.0,1.0,,1.0,1.0,1.0,1.0,1.0,1.0,1.0,1.0,1.0,,,,,,1.0,1.0,,,,,,,
328,Munchen,2024-07-27,1,1832,,,3.0,1.0,1.0,1.0,,,,,,1.0,1.0,1.0,1.0,1.0,1.0,,,1.0,1.0,1.0,1.0,,,,,,,,,1.0,,,,,,,
329,Munchen,2024-07-27,1,1438,4.47,15,2.0,2.0,1.0,1.0,1.0,1.0,1.0,1.0,1.0,1.0,1.0,1.0,1.0,,1.0,1.0,1.0,1.0,,,,1.0,1.0,,1.0,,,,,,,,,,,,
330,Munchen,2024-07-27,1,2411,,,3.0,1.0,1.0,1.0,,,,,,1.0,1.0,,1.0,1.0,1.0,,1.0,1.0,,1.0,1.0,1.0,1.0,,,,,,,,,,,,,,
331,Munchen,2024-07-27,1,1447,,,,1.0,,,,,,,,,,,1.0,1.0,1.0,,,1.0,,1.0,,,,,,,,,,,,,,,,,
332,Munchen,2024-07-27,1,2310,4.50,4,2.0,1.0,1.0,1.0,1.0,1.0,,1.0,,1.0,,1.0,1.0,1.0,1.0,1.0,,1.0,1.0,,,,,,,,,,,,,,,,,,
333,Munchen,2024-07-27,1,1464,,,4.0,1.0,1.0,,,1.0,,,1.0,1.0,1.0,1.0,1.0,,1.0,1.0,1.0,1.0,1.0,,1.0,1.0,1.0,,1.0,,,,1.0,1.0,,,,,,,
334,Munchen,2024-07-27,1,1736,,,1.0,1.0,1.0,1.0,,,1.0,,,1.0,1.0,1.0,1.0,1.0,,,,1.0,,1.0,,,,,,,,,1.0,,,,,,,,
335,Munchen,2024-07-27,1,1315,5.0,4,,1.0,,,,,,,,,,,1.0,1.0,1.0,,,,,1.0,,,,,,,,,,,,,,,,,
336,Munchen,2024-07-27,1,1833,5.0,5,,1.0,1.0,1.0,1.0,1.0,1.0,1.0,1.0,1.0,1.0,1.0,1.0,1.0,1.0,1.0,1.0,,,1.0,1.0,1.0,1.0,,1.0,,,,,,,,,,,,
337,Munchen,2024-07-27,1,1565,4.67,3,,3.0,1.0,1.0,1.0,1.0,,1.0,,1.0,,1.0,1.0,1.0,1.0,1.0,,1.0,,,1.0,,,,,,,,,,,,,,,,
338,Munchen,2024-07-27,1,1184,5.0,4,3.0,1.0,,,,,,,,1.0,,1.0,1.0,1.0,1.0,,,,,1.0,,,,,,,1.0,,,,,,,,,,
339,Munchen,2024-07-27,1,1464,5.0,15,4.0,3.0,1.0,1.0,1.0,1.0,1.0,,1.0,1.0,1.0,1.0,1.0,1.0,1.0,1.0,1.0,1.0,,,1.0,1.0,1.0,,1.0,,,1.0,1.0,,,,,,,,
340,Munchen,2024-07-27,1,2452,4.80,5,1.0,1.0,1.0,1.0,1.0,1.0,1.0,1.0,,1.0,1.0,1.0,1.0,1.0,1.0,,,1.0,,,,,,,,,,,,,,,,,,,
341,Munchen,2024-07-27,1,2288,5.0,5,2.0,1.0,1.0,1.0,1.0,1.0,,1.0,,1.0,,1.0,1.0,1.0,,,,1.0,1.0,,,,,,,,,,,,,,,,,,
342,Munchen,2024-07-27,1,1753,4.42,12,2.0,1.0,1.0,1.0,1.0,1.0,1.0,,,1.0,1.0,1.0,1.0,1.0,1.0,1.0,,1.0,,1.0,,1.0,1.0,,,,1.0,1.0,,,,,,,,,
343,Munchen,2024-07-27,1,2200,,,4.0,2.0,1.0,1.0,1.0,1.0,1.0,1.0,1.0,1.0,1.0,,1.0,1.0,1.0,1.0,1.0,1.0,1.0,1.0,1.0,1.0,1.0,,1.0,,,,,1.0,1.0,,,,,,
344,Munchen,2024-07-27,1,1315,5.0,6,,1.0,1.0,1.0,,1.0,1.0,,1.0,1.0,1.0,1.0,1.0,,1.0,1.0,1.0,1.0,,1.0,1.0,,,,1.0,,,,1.0,,,,,,,,
345,Munchen,2024-07-27,1,1535,5.0,12,,1.0,1.0,1.0,,,1.0,,,1.0,,1.0,1.0,1.0,1.0,1.0,,1.0,,1.0,1.0,,,1.0,,,,,,,,,,,,,
346,Munchen,2024-07-27,1,1368,5.0,8,4.0,2.0,1.0,1.0,1.0,1.0,1.0,1.0,1.0,1.0,1.0,1.0,1.0,,1.0,1.0,1.0,1.0,,1.0,1.0,1.0,1.0,1.0,1.0,,,,1.0,,,,,,,,
347,Munchen,2024-07-27,1,1219,,,,1.0,,,,,,,,,,1.0,1.0,1.0,1.0,,,,,1.0,,,,,,,,,,,,,,,,,
348,Munchen,2024-07-27,1,1459,,,2.0,1.0,1.0,1.0,1.0,1.0,1.0,,1.0,1.0,1.0,1.0,1.0,1.0,1.0,1.0,1.0,1.0,,1.0,1.0,1.0,1.0,1.0,1.0,,,,1.0,,,,,,,,
349,Munchen,2024-07-27,1,1499,,,,1.0,1.0,1.0,1.0,1.0,1.0,,1.0,1.0,1.0,1.0,1.0,1.0,1.0,1.0,,1.0,,1.0,1.0,1.0,1.0,,,,,,1.0,,,,,,,,
350,Munchen,2024-07-27,1,1841,5.0,3,,1.0,1.0,1.0,1.0,1.0,,1.0,1.0,1.0,,,1.0,1.0,1.0,1.0,,,,1.0,1.0,,,,,,,,,,,,,,,,
351,Munchen,2024-07-27,1,1184,,,,1.0,1.0,1.0,,,,,,1.0,,1.0,1.0,1.0,1.0,,,,,1.0,,,,,,,,1.0,,,,,,,,,
352,Munchen,2024-07-27,1,1140,5.0,3,,1.0,1.0,1.0,1.0,1.0,1.0,,1.0,1.0,,1.0,1.0,1.0,1.0,1.0,,1.0,,1.0,,1.0,1.0,,1.0,,,,,,,,,,,,
353,Munchen,2024-07-27,1,1491,,,,1.0,,,,,,,,1.0,1.0,1.0,1.0,1.0,1.0,,,1.0,,1.0,,,,,,,,,,,,,,,,,
354,Munchen,2024-07-27,1,2078,,,,3.0,,,,,,,,,,1.0,1.0,1.0,1.0,,,1.0,,,1.0,,,,,,,,,,,,,,,,
355,Munchen,2024-07-27,1,1184,5.0,5,2.0,1.0,1.0,1.0,1.0,1.0,1.0,,1.0,1.0,1.0,1.0,1.0,1.0,1.0,1.0,,1.0,1.0,,1.0,1.0,1.0,,1.0,,,,1.0,1.0,,,,,,,
356,Munchen,2024-07-27,1,1140,,,3.0,1.0,,,,,,,,1.0,,1.0,1.0,1.0,1.0,,,,,1.0,,,,,,,,,,,,,,,,,
357,Munchen,2024-07-27,1,1753,,,,1.0,1.0,,1.0,,,1.0,,,,1.0,1.0,1.0,1.0,,,1.0,,,,,,,,,,,,,,,,,,,
358,Munchen,2024-07-27,1,1920,4.54,386,,1.0,1.0,1.0,1.0,1.0,1.0,1.0,,,,,1.0,1.0,,,,1.0,,,,,,,,,,,,,,,,,,,
359,Munchen,2024-07-27,1,1595,,,2.0,2.0,1.0,,,,,,,1.0,1.0,1.0,1.0,1.0,1.0,,,1.0,,1.0,1.0,,,,,,1.0,1.0,,,,,,,,,
360,Munchen,2024-07-27,1,1534,,,,2.0,,,,,,,,1.0,,,1.0,1.0,1.0,,,,,1.0,,,,,,,,,,,,,,,,,
361,Munchen,2024-07-27,1,1753,,,3.0,2.0,,,,,,,,1.0,,,1.0,1.0,1.0,,,,,1.0,,,,,,,,,,,,,,,,,
362,Munchen,2024-07-27,1,1481,,,2.0,2.0,,,,,,,,1.0,,1.0,1.0,1.0,1.0,,,1.0,,,,,,,,,,,,,,,,,,,
363,Munchen,2024-07-27,1,2192,,,,1.0,1.0,1.0,1.0,1.0,1.0,,1.0,1.0,1.0,1.0,1.0,1.0,1.0,,1.0,,,1.0,,,,,,,,,,,,,,,,,
364,Munchen,2024-07-27,1,1622,5.0,3,,1.0,,,,,,,,,,,,,,,,,,,1.0,,,,,,,,,,,,,,,,
365,Munchen,2024-07-27,1,2192,3.67,6,3.0,1.0,1.0,,1.0,1.0,,,,,,1.0,1.0,,1.0,1.0,1.0,1.0,,,,1.0,1.0,,,,,1.0,,,,,,,,,
366,Munchen,2024-07-27,1,1315,,,3.0,2.0,1.0,1.0,1.0,,,,,1.0,1.0,1.0,1.0,,1.0,1.0,,1.0,1.0,1.0,,,,,,,,,,1.0,,,,,,,
367,Munchen,2024-07-27,1,1131,,,,1.0,1.0,1.0,1.0,1.0,1.0,,1.0,,1.0,,1.0,1.0,1.0,,,,,1.0,,1.0,1.0,,,,,,,,,,,,,,
368,Munchen,2024-07-27,1,1771,4.75,8,,2.0,1.0,1.0,1.0,,1.0,,1.0,1.0,,1.0,1.0,1.0,1.0,1.0,,,,1.0,1.0,1.0,1.0,,,,,,,,,,,,,,
369,Munchen,2024-07-27,1,1315,4.50,6,2.0,1.0,1.0,1.0,1.0,,,,,1.0,1.0,1.0,1.0,1.0,1.0,1.0,,1.0,,,1.0,,,,,,,,,,,,,,,,
370,Munchen,2024-07-27,1,2481,,,4.0,4.0,1.0,1.0,,1.0,1.0,,1.0,,1.0,1.0,,,1.0,1.0,1.0,1.0,,,1.0,1.0,1.0,,,,,,,,,,,,,,
371,Munchen,2024-07-27,1,1184,5.0,10,,1.0,1.0,1.0,1.0,1.0,1.0,,1.0,,,1.0,1.0,1.0,1.0,1.0,1.0,1.0,,,1.0,1.0,1.0,,1.0,,,1.0,1.0,,,,,,,,
372,Munchen,2024-07-27,1,1424,,,2.0,1.0,1.0,1.0,,,,1.0,,1.0,,1.0,1.0,1.0,1.0,1.0,,1.0,,,1.0,,,1.0,,,,,1.0,,,,,,,,
373,Munchen,2024-07-27,1,1209,5.0,4,2.0,1.0,1.0,,1.0,1.0,1.0,,1.0,1.0,,1.0,1.0,1.0,1.0,1.0,,1.0,,,1.0,,,1.0,1.0,,,,1.0,,,,,,,,
374,Munchen,2024-07-27,1,1333,4.67,9,,2.0,,,,,,,,1.0,,1.0,1.0,1.0,1.0,,,1.0,,1.0,,,,,,,1.0,,,,,,,,,,
375,Munchen,2024-07-27,1,1964,5.0,4,,1.0,1.0,1.0,1.0,1.0,,1.0,1.0,1.0,1.0,1.0,1.0,1.0,1.0,,,1.0,,1.0,,1.0,1.0,,,1.0,,,,,,,,,,,
376,Munchen,2024-07-27,1,2279,,,3.0,2.0,,,,,,,,1.0,,,1.0,1.0,1.0,,,,,1.0,,,,,,,,,,,,,,,,,
377,Munchen,2024-07-27,1,1491,5.0,3,,1.0,1.0,1.0,,1.0,1.0,,,1.0,,,1.0,1.0,1.0,1.0,,1.0,,1.0,1.0,,,,,,,,,,,,,,,,
378,Munchen,2024-07-27,1,1338,5.0,21,,1.0,1.0,1.0,1.0,1.0,1.0,,,1.0,,1.0,1.0,1.0,1.0,1.0,,1.0,,,1.0,,,,,,,,,,,,,,,,
379,Munchen,2024-07-27,1,1499,,,2.0,1.0,1.0,1.0,1.0,1.0,1.0,,1.0,1.0,1.0,1.0,1.0,1.0,1.0,1.0,1.0,1.0,,,,1.0,1.0,,,,,,1.0,,,,,,,,
380,Munchen,2024-07-27,1,2214,,,2.0,2.0,,,,,,,,1.0,,1.0,1.0,1.0,1.0,,,1.0,,1.0,,,,,,,,,,,,,,,,,
381,Munchen,2024-07-27,1,1565,,,3.0,2.0,1.0,1.0,1.0,1.0,,1.0,,1.0,,1.0,1.0,1.0,1.0,1.0,,1.0,,,1.0,,,,,,,,,,,,,,,,
382,Munchen,2024-07-27,1,1359,,,,1.0,,,,,,,,,,1.0,1.0,1.0,1.0,,,1.0,,1.0,,,,,,,,,,,,,,,,,
383,Munchen,2024-07-27,1,1658,,,2.0,1.0,1.0,1.0,,1.0,1.0,1.0,,1.0,,1.0,1.0,1.0,1.0,1.0,1.0,1.0,,1.0,1.0,,,,,1.0,,,,,,,,,,,
384,Munchen,2024-07-27,1,1754,5.0,3,,1.0,1.0,1.0,1.0,1.0,,1.0,1.0,1.0,1.0,1.0,1.0,1.0,1.0,1.0,1.0,1.0,,,1.0,,,,1.0,,,,,,,,,,,,
385,Munchen,2024-07-27,1,1605,,,,1.0,1.0,1.0,1.0,1.0,,1.0,1.0,1.0,1.0,,1.0,1.0,1.0,1.0,1.0,1.0,,1.0,,1.0,1.0,,,,,,,,,,,,,,
386,Munchen,2024-07-27,1,1973,,,3.0,2.0,1.0,1.0,,,,,,1.0,,,1.0,1.0,1.0,1.0,,1.0,,1.0,1.0,,,,,,,,,,,,,,,,
387,Munchen,2024-07-27,1,1754,,,1.0,1.0,1.0,,1.0,1.0,1.0,,,1.0,,,1.0,,1.0,1.0,,1.0,,1.0,,,,1.0,,,,,,,,,,,,,
388,Munchen,2024-07-27,1,2370,,,2.0,1.0,1.0,1.0,1.0,1.0,,1.0,,1.0,,1.0,1.0,1.0,1.0,1.0,,1.0,1.0,,,,,,,,,,,,,,,,,,
389,Munchen,2024-07-27,1,1674,4.67,3,3.0,2.0,,,,,,,,1.0,,1.0,1.0,1.0,1.0,1.0,,,,,1.0,,,1.0,1.0,,,,,,,,,,,,
390,Munchen,2024-07-27,1,2060,,,,1.0,,,,,,,,1.0,,,1.0,1.0,1.0,1.0,,,,1.0,,,,,,,,,,,,,,,,,
391,Munchen,2024-07-27,1,1315,,,,1.0,,,,,,,,1.0,,1.0,1.0,1.0,1.0,,,,,1.0,,,,,,,,,,,,,,,,,
392,Munchen,2024-07-27,1,2148,4.75,4,,1.0,,,,,,,,,,,1.0,1.0,1.0,1.0,,,,1.0,,,,,,,,,,,,,,,,,
393,Munchen,2024-07-27,1,1753,,,,1.0,,,,,,,,1.0,,1.0,1.0,1.0,1.0,1.0,,1.0,,1.0,,,,,,,,,,,,,,,,,
394,Munchen,2024-07-27,1,1166,,,,1.0,,,,,,,,1.0,,1.0,1.0,1.0,1.0,,,1.0,,1.0,,,,,,,,,,,,,,,,,
395,Munchen,2024-07-27,1,2279,,,,1.0,1.0,1.0,,,,1.0,,,,,1.0,1.0,1.0,1.0,,,,,1.0,,,,,,,,,,,,,,,,
396,Munchen,2024-07-27,1,1788,,,4.0,2.0,1.0,1.0,1.0,1.0,,1.0,,1.0,,1.0,1.0,1.0,1.0,1.0,,1.0,,,1.0,,,,,,,,,,,,,,,,
397,Munchen,2024-07-27,1,2474,,,2.0,1.0,1.0,1.0,1.0,1.0,1.0,1.0,,1.0,1.0,1.0,1.0,1.0,1.0,1.0,,1.0,1.0,,,,,,1.0,,,,,,,,,,,,
398,Munchen,2024-07-27,1,2192,,,5.0,5.0,,,,,,,,1.0,,1.0,,,1.0,1.0,,1.0,,1.0,,,,,,,,1.0,,,,,,,,,
399,Munchen,2024-07-27,1,1140,,,,1.0,1.0,1.0,1.0,1.0,,,,1.0,,1.0,1.0,1.0,1.0,1.0,1.0,1.0,,1.0,,1.0,1.0,,1.0,,1.0,,,,,,,,,,
400,Munchen,2024-07-27,1,1280,4.89,9,4.0,3.0,1.0,,,,,,1.0,1.0,1.0,1.0,1.0,1.0,1.0,1.0,,1.0,,,1.0,1.0,1.0,1.0,1.0,,,,1.0,,1.0,,,,,,
401,Munchen,2024-07-27,1,2192,,,,1.0,,,,,,,,,,,,,,,,,,,,,,,,,,,,,,,,,,,
402,Munchen,2024-07-27,1,1596,,,,1.0,,,,,,,,1.0,,1.0,1.0,1.0,1.0,,,,,1.0,,,,,,,,,,,,,,,,,
403,Munchen,2024-07-27,1,1692,,,,1.0,,,,,,,,,,1.0,1.0,1.0,,,,,,,,,,,,,,,,,,,,,,,
404,Munchen,2024-07-27,1,2016,,,5.0,5.0,,,,,,,,1.0,,1.0,1.0,1.0,,,,1.0,,,,,,,,,,,,,,,,,,,
405,Munchen,2024-07-27,1,2254,,,4.0,3.0,,,,,,,,1.0,,1.0,1.0,1.0,1.0,,,1.0,,1.0,1.0,,,,,1.0,,,,,,,,,,,
406,Munchen,2024-07-27,1,2454,,,4.0,2.0,,,,,,,,1.0,,1.0,1.0,1.0,1.0,1.0,,,,,1.0,,,,,,,1.0,,,,,,,,,
407,Munchen,2024-07-27,1,1184,,,,,1.0,1.0,,1.0,,,1.0,1.0,1.0,1.0,1.0,1.0,1.0,,1.0,1.0,,1.0,1.0,1.0,1.0,,1.0,,,,,,,,,,,,
408,Munchen,2024-07-27,1,1841,,,4.0,1.0,1.0,1.0,,1.0,1.0,1.0,1.0,1.0,,1.0,1.0,1.0,1.0,1.0,,1.0,,1.0,1.0,1.0,1.0,,,,,,,,,,,,,,
409,Munchen,2024-07-27,1,2444,4.83,6,2.0,1.0,1.0,1.0,1.0,1.0,,1.0,,1.0,,1.0,1.0,1.0,1.0,1.0,,1.0,1.0,,,,,,,,,,,,,,,,,,
410,Munchen,2024-07-27,1,2061,4.47,78,,5.0,1.0,1.0,,1.0,1.0,1.0,1.0,,,1.0,1.0,1.0,1.0,1.0,1.0,1.0,1.0,1.0,1.0,,,,1.0,,,,1.0,,,,,,,,
411,Munchen,2024-07-27,1,1227,,,,1.0,,,,,,,,,,,1.0,1.0,,,,,,,,,,,,,,,,,,,,,,,
412,Munchen,2024-07-27,1,2323,,,,1.0,1.0,1.0,1.0,1.0,,,1.0,,,1.0,1.0,1.0,1.0,1.0,1.0,,1.0,1.0,1.0,1.0,1.0,,,,,,,1.0,,,,,,,
413,Munchen,2024-07-27,1,2236,,,1.0,1.0,1.0,1.0,1.0,1.0,,1.0,,1.0,,1.0,1.0,1.0,,,,1.0,1.0,,,,,,,,,,,,,,,,,,
414,Munchen,2024-07-27,1,1271,,,4.0,1.0,,,,,,,,,,1.0,1.0,,1.0,,,1.0,,1.0,1.0,,,,,,,,,,,,,,,,
415,Munchen,2024-07-27,1,2323,,,,1.0,1.0,1.0,1.0,1.0,,,1.0,,,1.0,1.0,1.0,1.0,1.0,1.0,,1.0,1.0,1.0,1.0,1.0,,,,,,,1.0,,,,,,,
416,Munchen,2024-07-27,1,1666,,,,1.0,,,,,,,,1.0,,1.0,1.0,1.0,,,,,,1.0,1.0,,,,,,,,,,,,,,,,
417,Munchen,2024-07-27,1,1753,,,,1.0,,,,,1.0,1.0,,1.0,,,1.0,1.0,1.0,,,1.0,,,,,,,,,,,,,,,,,,,
418,Munchen,2024-07-27,1,1578,,,,1.0,1.0,1.0,,,,1.0,,,,1.0,,,,,,1.0,,,,,,,,,,,,,,,,,,,
419,Munchen,2024-07-27,1,2192,,,3.0,1.0,1.0,1.0,1.0,1.0,1.0,,,1.0,,1.0,,,1.0,1.0,,1.0,,1.0,1.0,,,,,,,,,,,,,,,,
420,Munchen,2024-07-27,1,2061,4.34,64,,3.0,1.0,1.0,,1.0,1.0,1.0,1.0,,,1.0,1.0,1.0,1.0,1.0,1.0,1.0,1.0,1.0,1.0,,,,1.0,,,,1.0,,,,,,,,
421,Munchen,2024-07-27,1,1315,,,,2.0,1.0,,,,,,,1.0,,1.0,1.0,1.0,,,,,,,,,,,,,,,,,,,,,,,
422,Munchen,2024-07-27,1,1622,,,,4.0,1.0,1.0,1.0,1.0,1.0,1.0,1.0,1.0,1.0,1.0,1.0,1.0,1.0,1.0,,1.0,,,1.0,1.0,1.0,1.0,1.0,,,,,,,,,,,,
423,Munchen,2024-07-27,1,2367,,,,1.0,,,,,,,,1.0,,1.0,1.0,1.0,1.0,,,,,1.0,,,,,,,,,,,,,,,,,
424,Munchen,2024-07-27,1,2245,,,2.0,1.0,,,,,,,,1.0,,,1.0,1.0,1.0,,,1.0,,1.0,,,,,,,,,,,,,,,,,
425,Munchen,2024-07-27,1,2121,,,3.0,1.0,1.0,1.0,1.0,1.0,1.0,,,1.0,1.0,1.0,1.0,1.0,1.0,,1.0,1.0,,,,1.0,1.0,,1.0,,,,,,,,,,,,
426,Munchen,2024-07-27,1,1490,4.0,7,6.0,6.0,,,,,,1.0,,1.0,,1.0,1.0,1.0,1.0,1.0,1.0,1.0,,,1.0,,,,1.0,,,,,,,,,,,,
427,Munchen,2024-07-27,1,1753,,,,1.0,1.0,1.0,1.0,1.0,1.0,,1.0,1.0,1.0,,1.0,1.0,1.0,,,1.0,,1.0,,1.0,1.0,,,,1.0,1.0,,,,,,,,,
428,Munchen,2024-07-27,1,1131,,,,1.0,1.0,,1.0,,1.0,,,1.0,,,1.0,1.0,1.0,,,1.0,,1.0,,,,,,,,,,,,,,,,,
429,Munchen,2024-07-27,1,1605,,,3.0,1.0,,,,,,,,1.0,,1.0,1.0,1.0,1.0,,,,,1.0,,,,,,,,,,,,,,,,,
430,Munchen,2024-07-27,1,1306,5.0,4,2.0,2.0,1.0,1.0,1.0,,1.0,,,1.0,,,1.0,1.0,1.0,,,1.0,,,,,,,,,,,,,,,,,,,
431,Munchen,2024-07-27,1,1886,,,2.0,1.0,1.0,1.0,1.0,1.0,,1.0,,1.0,1.0,,1.0,1.0,1.0,1.0,1.0,1.0,,1.0,,1.0,1.0,,1.0,,,,,,,,,,,,
432,Munchen,2024-07-27,1,2052,5.0,8,,2.0,1.0,1.0,,1.0,1.0,1.0,,1.0,,1.0,1.0,1.0,1.0,1.0,,1.0,,1.0,,,,,1.0,,,,,,,,,,,,
433,Munchen,2024-07-27,1,2061,4.42,60,,3.0,1.0,1.0,,1.0,1.0,1.0,1.0,,,1.0,1.0,1.0,1.0,1.0,1.0,1.0,1.0,1.0,1.0,,,,1.0,,,,1.0,,,,,,,,
434,Munchen,2024-07-27,1,1447,,,,1.0,,,,,,,,1.0,,1.0,1.0,1.0,,,,1.0,,,1.0,,,,,,1.0,,,,,,,,,,
435,Munchen,2024-07-27,1,1867,,,,1.0,,,,,,,,,,1.0,1.0,1.0,1.0,,,,,1.0,,,,,,,,1.0,,,,,,,,,
436,Munchen,2024-07-27,1,2367,,,,3.0,,,,,,,,1.0,,1.0,,,,,,,,,1.0,,,,,,,,,,,,,,,,
437,Munchen,2024-07-27,1,1709,5.0,4,,1.0,1.0,1.0,1.0,1.0,,,,1.0,1.0,1.0,1.0,1.0,1.0,1.0,1.0,1.0,,1.0,1.0,1.0,1.0,,,,1.0,1.0,1.0,,,,,,,,
438,Munchen,2024-07-27,1,1306,,,2.0,1.0,1.0,1.0,1.0,,1.0,,,1.0,,1.0,1.0,1.0,1.0,,,1.0,,,,,,,,,,,,,,,,,,,
439,Munchen,2024-07-27,1,1306,,,2.0,1.0,1.0,1.0,1.0,,1.0,,,1.0,,,1.0,1.0,1.0,,,1.0,,,,,,,,,,,,,,,,,,,
440,Munchen,2024-07-27,1,1367,4.75,4,1.0,1.0,,,,,,,,1.0,,1.0,1.0,1.0,1.0,1.0,,,,1.0,1.0,,,,,,,,,,,,,,,,
441,Munchen,2024-07-27,1,1753,,,,1.0,,,,,,,,,,,,,,,,,,,,,,,,,,,,,,,,,,,
442,Munchen,2024-07-27,1,1394,5.0,5,,1.0,1.0,1.0,1.0,1.0,1.0,,1.0,1.0,,1.0,1.0,,1.0,1.0,,1.0,,,,,,,1.0,1.0,,,,,,,,,,,
443,Munchen,2024-07-27,1,1753,,,3.0,2.0,1.0,1.0,,,,,,1.0,,,,,1.0,,,,,,1.0,,,,,,,,,,,,,,,,
444,Munchen,2024-07-27,1,2061,4.65,37,,4.0,1.0,1.0,,1.0,1.0,1.0,1.0,,,1.0,1.0,1.0,1.0,1.0,1.0,1.0,1.0,1.0,1.0,,,,1.0,,,,1.0,,,,,,,,
445,Munchen,2024-07-27,1,1666,,,,1.0,1.0,1.0,1.0,1.0,1.0,,1.0,1.0,1.0,1.0,1.0,1.0,1.0,1.0,1.0,1.0,,1.0,1.0,1.0,1.0,,1.0,1.0,,,,,,,,,,,
446,Munchen,2024-07-27,1,2455,,,8.0,7.0,,,,,,,,1.0,,,1.0,1.0,1.0,,,1.0,,1.0,,,,,,,,,,,,,,,,,
447,Munchen,2024-07-27,1,1753,,,,1.0,,,,,,,,1.0,,,1.0,1.0,1.0,,,,,1.0,,,,,,,,,,,,,,,,,
448,Munchen,2024-07-27,1,2973,4.75,4,4.0,2.0,1.0,1.0,1.0,1.0,1.0,1.0,,1.0,1.0,1.0,1.0,1.0,1.0,1.0,1.0,1.0,1.0,1.0,1.0,,,,1.0,,,,,,,,,,,,
449,Munchen,2024-07-27,1,3104,4.71,7,3.0,1.0,1.0,1.0,,,,,,1.0,,1.0,1.0,1.0,1.0,1.0,,1.0,1.0,,1.0,,,1.0,1.0,,1.0,1.0,,1.0,,,,,,,
450,Munchen,2024-07-27,1,3647,,,3.0,1.0,1.0,1.0,,,,,,1.0,,1.0,1.0,1.0,1.0,1.0,,1.0,1.0,,1.0,,,1.0,1.0,,1.0,1.0,,1.0,,,,,,,
451,Munchen,2024-07-27,1,3498,5.0,4,4.0,2.0,1.0,1.0,,1.0,1.0,,1.0,1.0,1.0,1.0,1.0,1.0,1.0,1.0,1.0,1.0,,1.0,1.0,1.0,1.0,1.0,1.0,,,,1.0,,,,,,,,
452,Munchen,2024-07-27,1,2526,,,2.0,1.0,1.0,1.0,1.0,1.0,1.0,1.0,,1.0,1.0,1.0,1.0,1.0,1.0,,,,,,,,,,,,,,,,,,,,,,
453,Munchen,2024-07-27,1,2601,4.84,25,2.0,1.0,1.0,1.0,1.0,1.0,1.0,,1.0,1.0,1.0,1.0,1.0,1.0,1.0,1.0,,,,,,1.0,1.0,,,,,,1.0,,,,,,,,
454,Munchen,2024-07-27,1,2692,4.60,5,4.0,2.0,1.0,1.0,1.0,1.0,1.0,,1.0,1.0,1.0,1.0,1.0,,1.0,1.0,1.0,1.0,,,1.0,1.0,1.0,,1.0,,,,,,,,,,,,
455,Munchen,2024-07-27,1,2718,,,4.0,2.0,1.0,1.0,,1.0,1.0,,1.0,1.0,1.0,1.0,1.0,1.0,1.0,1.0,1.0,1.0,,1.0,1.0,,,,,,,1.0,1.0,,,,,,,,
456,Munchen,2024-07-27,1,3200,5.0,10,4.0,2.0,1.0,1.0,,,,,,1.0,,1.0,1.0,1.0,1.0,,,1.0,,,1.0,,,,,,,,,,,,,,,,
457,Munchen,2024-07-27,1,2665,4.89,9,2.0,1.0,1.0,1.0,,,1.0,,,1.0,1.0,1.0,1.0,1.0,1.0,,,,1.0,1.0,,1.0,1.0,,1.0,,,,,1.0,,,,,,,
458,Munchen,2024-07-27,1,3420,4.88,8,3.0,1.0,1.0,1.0,1.0,1.0,1.0,,1.0,1.0,,1.0,1.0,1.0,1.0,1.0,1.0,1.0,,,1.0,1.0,1.0,1.0,1.0,,,,1.0,,1.0,,,,,,
459,Munchen,2024-07-27,1,2526,4.33,12,2.0,1.0,1.0,1.0,1.0,1.0,1.0,,,1.0,1.0,1.0,1.0,1.0,1.0,,,1.0,,,,,,,,,,,1.0,,,,,,,,
460,Munchen,2024-07-27,1,3507,,,4.0,2.0,1.0,,1.0,1.0,1.0,1.0,,1.0,1.0,1.0,1.0,1.0,1.0,,1.0,1.0,,1.0,1.0,1.0,1.0,,1.0,1.0,,,1.0,,,,,,,,
461,Munchen,2024-07-27,1,2937,4.86,21,2.0,2.0,1.0,1.0,1.0,1.0,1.0,,1.0,1.0,1.0,1.0,1.0,1.0,1.0,1.0,,1.0,,,1.0,1.0,1.0,,1.0,,,,,,,,,,,,
462,Munchen,2024-07-27,1,3682,5.0,6,8.0,5.0,1.0,1.0,1.0,1.0,1.0,1.0,1.0,1.0,,1.0,1.0,1.0,1.0,1.0,1.0,1.0,,1.0,1.0,1.0,1.0,,1.0,,,,1.0,,,,,,,,
463,Munchen,2024-07-27,1,3259,4.35,20,3.0,3.0,1.0,,,1.0,,,,1.0,,1.0,1.0,1.0,1.0,1.0,1.0,,1.0,1.0,1.0,,,,1.0,,,,,1.0,,,,,,,
464,Munchen,2024-07-27,1,3507,,,3.0,1.0,,,,,,,,1.0,,1.0,1.0,1.0,1.0,,,,,1.0,,,,,,,,,,,,,,,,,
465,Munchen,2024-07-27,1,4164,4.75,4,3.0,1.0,1.0,1.0,,,,,,1.0,,1.0,1.0,1.0,1.0,1.0,,1.0,1.0,,1.0,,,1.0,1.0,,1.0,,,1.0,,,,,,,
466,Munchen,2024-07-27,1,2621,5.0,7,4.0,1.0,,,,,,,,1.0,,1.0,1.0,,1.0,,,,,1.0,,,,,,,,,,,,,,,,,
467,Munchen,2024-07-27,1,4362,,,10.0,3.0,1.0,1.0,1.0,1.0,1.0,1.0,1.0,1.0,,1.0,1.0,1.0,1.0,1.0,1.0,1.0,1.0,,1.0,1.0,1.0,1.0,1.0,,,,,,,,,,,,
468,Munchen,2024-07-27,1,2981,,,3.0,1.0,1.0,1.0,,,,,,1.0,,1.0,1.0,1.0,1.0,,,,,1.0,,,,,,,,,,,,,,,,,
469,Munchen,2024-07-27,1,2526,4.85,92,2.0,1.0,1.0,1.0,1.0,1.0,1.0,,1.0,1.0,1.0,1.0,1.0,1.0,1.0,1.0,,1.0,,,,,,,,,,,1.0,,,,,,,,
470,Munchen,2024-07-27,1,2601,5.0,3,2.0,2.0,1.0,1.0,1.0,1.0,1.0,,,1.0,1.0,1.0,1.0,1.0,,,,1.0,,,,,,,,,,,,,,,,,,,
471,Munchen,2024-07-27,1,2601,,,2.0,1.0,1.0,1.0,1.0,1.0,1.0,1.0,,1.0,1.0,1.0,1.0,1.0,,,,1.0,,,,,,,,,,,,,,,,,,,
472,Munchen,2024-07-27,1,2806,4.56,9,1.0,1.0,1.0,1.0,,,,,,1.0,1.0,1.0,1.0,1.0,1.0,,,1.0,,,1.0,,,,,,,,,,,,,,,,
473,Munchen,2024-07-27,1,4406,,,4.0,4.0,1.0,1.0,1.0,1.0,1.0,1.0,,1.0,1.0,1.0,1.0,1.0,1.0,1.0,1.0,1.0,,,1.0,1.0,1.0,,1.0,,,1.0,1.0,,,,,,,,
474,Munchen,2024-07-27,1,4120,,,4.0,2.0,1.0,1.0,,,,,,,,1.0,1.0,1.0,1.0,,,,,1.0,,,,,,,,,,,,,,,,,
475,Munchen,2024-07-27,1,2674,4.0,21,6.0,1.0,1.0,1.0,,,,,,1.0,1.0,1.0,1.0,1.0,1.0,1.0,,1.0,1.0,1.0,1.0,1.0,1.0,,1.0,,,,1.0,,,,,,,,
476,Munchen,2024-07-27,1,3156,,,4.0,2.0,1.0,1.0,1.0,1.0,,,1.0,1.0,1.0,1.0,1.0,1.0,1.0,1.0,,1.0,,,1.0,1.0,1.0,,1.0,,,,,,,,,,,,
477,Munchen,2024-07-27,1,2601,,,2.0,1.0,1.0,1.0,1.0,,1.0,,,1.0,1.0,1.0,1.0,1.0,1.0,,,1.0,,,,,,,,,,,,,,,,,,,
478,Munchen,2024-07-27,1,2832,,,1.0,1.0,1.0,1.0,1.0,1.0,1.0,1.0,1.0,1.0,,1.0,1.0,1.0,1.0,1.0,,1.0,1.0,,,,,,,,,,,,,,,,,,
479,Munchen,2024-07-27,1,3573,,,8.0,3.0,1.0,1.0,1.0,1.0,1.0,,1.0,1.0,1.0,1.0,1.0,1.0,1.0,1.0,1.0,1.0,1.0,,1.0,1.0,1.0,1.0,1.0,,,,,,,,,,,,
480,Munchen,2024-07-27,1,3244,4.80,5,3.0,1.0,1.0,1.0,1.0,1.0,1.0,1.0,1.0,1.0,1.0,1.0,1.0,1.0,1.0,1.0,1.0,1.0,1.0,,1.0,1.0,1.0,1.0,1.0,,1.0,1.0,1.0,1.0,,,,,,,
481,Munchen,2024-07-27,1,3271,,,2.0,2.0,1.0,1.0,1.0,1.0,1.0,1.0,1.0,1.0,1.0,1.0,1.0,1.0,1.0,1.0,,1.0,,,,,,,,,,,,,,,,,,,
482,Munchen,2024-07-27,1,3068,,,4.0,2.0,,,,,,,,1.0,,1.0,,,1.0,,,,,1.0,,,,,,,,1.0,,,,,,,,,
483,Munchen,2024-07-27,1,3235,4.75,4,2.0,1.0,1.0,1.0,1.0,1.0,1.0,,1.0,1.0,,1.0,1.0,1.0,1.0,,,1.0,,,1.0,1.0,1.0,1.0,,,,,1.0,,,,,,,,
484,Munchen,2024-07-27,1,2981,,,3.0,1.0,1.0,,,1.0,,,,1.0,,1.0,1.0,1.0,1.0,1.0,,1.0,,1.0,1.0,1.0,1.0,1.0,1.0,,,1.0,,,,,,,,,
485,Munchen,2024-07-27,1,3945,4.67,3,5.0,5.0,1.0,1.0,,1.0,,1.0,,1.0,,1.0,1.0,1.0,1.0,,,1.0,,1.0,,,,,,,,,,,,,,,,,
486,Munchen,2024-07-27,1,2629,,,2.0,2.0,1.0,1.0,,1.0,1.0,,1.0,1.0,1.0,1.0,1.0,,1.0,,1.0,1.0,,1.0,1.0,,,1.0,,,,,,,,,,,,,
487,Munchen,2024-07-27,1,3507,,,,1.0,1.0,,,,,,,1.0,,1.0,1.0,1.0,1.0,1.0,,1.0,,1.0,1.0,,,1.0,,,1.0,,,,,,,,,,
488,Munchen,2024-07-27,1,2981,,,4.0,2.0,,,,,,,,1.0,,1.0,1.0,1.0,1.0,,,1.0,,1.0,1.0,,,,,,,,,,,,,,,,
489,Munchen,2024-07-27,1,3332,,,3.0,1.0,1.0,1.0,1.0,1.0,1.0,,,1.0,,1.0,1.0,1.0,1.0,1.0,1.0,1.0,1.0,1.0,1.0,1.0,1.0,,,,,,,1.0,,,,,,,
490,Munchen,2024-07-27,1,3361,,,8.0,3.0,1.0,1.0,1.0,1.0,1.0,1.0,1.0,1.0,,1.0,1.0,1.0,1.0,1.0,1.0,1.0,1.0,,1.0,1.0,1.0,,1.0,,,,,,,,,,,,
491,Munchen,2024-07-27,1,3835,,,8.0,3.0,1.0,1.0,1.0,1.0,1.0,1.0,1.0,1.0,,1.0,1.0,1.0,1.0,1.0,1.0,1.0,1.0,,1.0,1.0,1.0,1.0,1.0,,,,,,,,,,,,
492,Munchen,2024-07-27,1,2849,,,,1.0,1.0,1.0,1.0,1.0,,1.0,,1.0,1.0,1.0,1.0,1.0,1.0,1.0,1.0,1.0,,1.0,1.0,,,1.0,1.0,,,1.0,,,,,,,,,
493,Munchen,2024-07-27,1,3156,5.0,4,3.0,3.0,1.0,1.0,1.0,,1.0,,,1.0,,,1.0,1.0,1.0,1.0,,1.0,,1.0,1.0,,,,,1.0,,,1.0,,,,,,,,
494,Munchen,2024-07-27,1,2630,,,3.0,1.0,1.0,1.0,1.0,1.0,1.0,,,1.0,1.0,1.0,1.0,1.0,1.0,1.0,1.0,1.0,,1.0,1.0,1.0,1.0,,1.0,,,,,,,,,,,,
495,Munchen,2024-07-27,1,2560,,,6.0,3.0,1.0,1.0,1.0,1.0,1.0,,,1.0,,1.0,1.0,1.0,1.0,1.0,,1.0,,,1.0,,,1.0,1.0,,,,1.0,,,,,,,,
496,Munchen,2024-07-27,1,4348,,,,1.0,,,,,,,,,,1.0,1.0,1.0,1.0,,,,,1.0,1.0,,,,,,,,,,,,,,,,
497,Munchen,2024-07-27,1,3465,3.60,5,2.0,1.0,1.0,1.0,1.0,,1.0,,,1.0,,1.0,1.0,1.0,,,,1.0,,,,,,,,,,,1.0,,,,,,,,
498,Munchen,2024-07-27,1,2534,4.80,36,,1.0,1.0,1.0,1.0,1.0,1.0,1.0,,1.0,1.0,1.0,1.0,1.0,1.0,1.0,,1.0,,,1.0,1.0,1.0,,1.0,1.0,,,,,,,,,,,
499,Munchen,2024-07-27,1,2719,,,,2.0,1.0,1.0,,,,,,1.0,1.0,1.0,1.0,1.0,1.0,,,1.0,,1.0,,,,,,,,,,,,,,,,,
500,Munchen,2024-07-27,1,2979,4.29,17,16.0,10.0,1.0,1.0,,1.0,,,,,,1.0,1.0,1.0,1.0,,,1.0,1.0,,1.0,,,,,,,,1.0,1.0,,,,,,,
501,Munchen,2024-07-27,1,2629,,,4.0,1.0,1.0,,1.0,1.0,,,,1.0,,1.0,1.0,1.0,,,,,,,,,,,,,,,,,,,,,,,
502,Munchen,2024-07-27,1,4094,,,2.0,1.0,1.0,1.0,,1.0,1.0,,1.0,1.0,1.0,1.0,1.0,1.0,1.0,1.0,1.0,1.0,,,1.0,,,1.0,1.0,,,,1.0,,,,,,,,
503,Munchen,2024-07-27,1,3156,,,,3.0,,,,,,,,,,1.0,1.0,1.0,1.0,1.0,,,,1.0,,,,1.0,,,,,,,,,,,,,
504,Munchen,2024-07-27,1,4384,,,,1.0,1.0,1.0,1.0,1.0,,1.0,,1.0,,1.0,1.0,1.0,1.0,1.0,,1.0,,,1.0,1.0,1.0,,1.0,,,,1.0,,,,,,,,
505,Munchen,2024-07-27,1,3946,,,2.0,1.0,1.0,1.0,1.0,1.0,1.0,,1.0,1.0,,,1.0,1.0,1.0,1.0,1.0,1.0,,1.0,1.0,1.0,1.0,1.0,1.0,,,,1.0,,,,,,,,
506,Munchen,2024-07-27,1,3391,,,2.0,1.0,1.0,1.0,1.0,,1.0,,,1.0,,1.0,1.0,1.0,1.0,,,1.0,,,,,,,,,,,1.0,,,,,,,,
507,Munchen,2024-07-27,1,3507,,,,1.0,1.0,,1.0,1.0,,,,1.0,,,1.0,1.0,1.0,,,,,1.0,1.0,1.0,1.0,,,,,,,,,,,,,,
508,Munchen,2024-07-27,1,3068,,,4.0,1.0,,,,,,,,,,1.0,1.0,1.0,1.0,,,1.0,,1.0,,,,,,,,,,,,,,,,,
509,Munchen,2024-07-27,1,2720,2.33,4,2.0,1.0,,,,,,,,,,,1.0,1.0,1.0,,,1.0,,,,,,,,,,,,,,,,,,,
510,Munchen,2024-07-27,1,4120,5.0,6,2.0,1.0,1.0,1.0,1.0,,1.0,,,1.0,,,1.0,1.0,1.0,,,1.0,,1.0,,,,,,,,,,,,,,,,,
511,Munchen,2024-07-27,1,3682,,,,1.0,1.0,1.0,1.0,,1.0,,,1.0,,1.0,1.0,1.0,1.0,,,1.0,,1.0,,,,,,,,1.0,,,,,,,,,
512,Munchen,2024-07-27,1,3945,,,,2.0,1.0,,1.0,,,,,1.0,,,1.0,1.0,1.0,,,1.0,,1.0,,,,,,,,,,,,,,,,,
513,Munchen,2024-07-27,1,3507,,,,1.0,1.0,1.0,1.0,,1.0,,,1.0,,,1.0,1.0,1.0,,,1.0,,1.0,,,,,,,,1.0,,,,,,,,,
