,city,date,treat,price,rating,omtaler,gæster,soveværelser,bathroom,hair dryer,shampoo,hot water,washing machine,hangers,bed linen,security,work,wi-fi,kitchen,refrigerator,dishwasher,family,attractions nearby,outdoor,parkering and faciliteter,pool etc.,host,other,cleaning products,temperature,blackout curtains,entertainment,mailbox,view,fireplace,fitness equipment,smoking allowed,Sights,Safety,Shopping,Location,Climate,Affordability
0,Stockholm,2024-05-17,1,1052.0,4.92,125,2.0,2.0,1.0,1.0,1.0,1.0,1.0,1.0,1.0,1.0,1.0,1.0,1.0,1.0,1.0,1.0,1.0,1.0,1.0,1.0,1.0,,,,,,,,,,,6.75,8.75,6.25,9.0,5.0,1.5
1,Stockholm,2024-05-17,1,487.0,4.87,90,2.0,2.0,1.0,,1.0,1.0,,1.0,,1.0,1.0,1.0,1.0,1.0,,1.0,1.0,1.0,1.0,,1.0,1.0,1.0,,,,,,,,,6.75,8.75,6.25,9.0,5.0,1.5
2,Stockholm,2024-05-17,1,1113.0,5.0,10,2.0,2.0,1.0,,1.0,1.0,,,1.0,1.0,1.0,,1.0,1.0,,1.0,1.0,1.0,1.0,,,,,1.0,,,,,,,,6.75,8.75,6.25,9.0,5.0,1.5
3,Stockholm,2024-05-17,1,553.0,4.93,60,1.0,1.0,1.0,1.0,1.0,1.0,,1.0,1.0,1.0,1.0,1.0,1.0,,,,1.0,1.0,1.0,,,1.0,1.0,,1.0,1.0,,,,,,6.75,8.75,6.25,9.0,5.0,1.5
4,Stockholm,2024-05-17,1,631.0,4.87,132,2.0,2.0,1.0,1.0,1.0,1.0,,,,1.0,,,1.0,,,,,,1.0,,1.0,,,,,,1.0,,,,,6.75,8.75,6.25,9.0,5.0,1.5
5,Stockholm,2024-05-17,1,1029.0,4.96,46,2.0,1.0,1.0,,,1.0,,1.0,,1.0,1.0,1.0,1.0,1.0,,1.0,1.0,1.0,1.0,,1.0,1.0,1.0,,1.0,1.0,1.0,1.0,,,,6.75,8.75,6.25,9.0,5.0,1.5
6,Stockholm,2024-05-17,1,576.0,5.0,28,2.0,3.0,1.0,1.0,1.0,1.0,,1.0,1.0,1.0,1.0,,1.0,1.0,1.0,1.0,1.0,1.0,1.0,,1.0,,,,1.0,1.0,,1.0,,,,6.75,8.75,6.25,9.0,5.0,1.5
7,Stockholm,2024-05-17,1,1088.0,5.0,32,3.0,4.0,1.0,1.0,1.0,1.0,,1.0,,1.0,1.0,1.0,1.0,1.0,,1.0,1.0,1.0,,,,,,,,1.0,,1.0,1.0,,,6.75,8.75,6.25,9.0,5.0,1.5
8,Stockholm,2024-05-17,1,697.0,5.0,7,2.0,2.0,1.0,1.0,1.0,1.0,,1.0,,1.0,1.0,1.0,1.0,1.0,1.0,1.0,1.0,1.0,1.0,,1.0,1.0,1.0,1.0,1.0,1.0,1.0,1.0,,1.0,,6.75,8.75,6.25,9.0,5.0,1.5
9,Stockholm,2024-05-17,1,865.0,5.0,6,3.0,1.0,1.0,1.0,1.0,1.0,,,1.0,1.0,1.0,1.0,1.0,1.0,1.0,1.0,1.0,1.0,1.0,,1.0,,,,,,1.0,,,,,6.75,8.75,6.25,9.0,5.0,1.5
10,Stockholm,2024-05-17,1,814.0,4.81,58,2.0,1.0,1.0,,1.0,,,,,1.0,1.0,1.0,1.0,1.0,,,,,1.0,,,,,1.0,,,,,,,,6.75,8.75,6.25,9.0,5.0,1.5
11,Stockholm,2024-05-17,1,1228.0,4.99,90,2.0,2.0,1.0,1.0,1.0,1.0,,1.0,1.0,1.0,1.0,1.0,1.0,1.0,,1.0,1.0,1.0,1.0,1.0,1.0,,,,,1.0,1.0,1.0,,,,6.75,8.75,6.25,9.0,5.0,1.5
12,Stockholm,2024-05-17,1,322.0,5.0,20,2.0,1.0,1.0,1.0,1.0,,,1.0,,1.0,1.0,1.0,1.0,1.0,,,1.0,1.0,1.0,,,,,,1.0,1.0,,1.0,,,,6.75,8.75,6.25,9.0,5.0,1.5
13,Stockholm,2024-05-17,1,717.0,4.90,10,4.0,2.0,1.0,1.0,,1.0,,1.0,,1.0,1.0,1.0,1.0,1.0,1.0,1.0,1.0,1.0,1.0,,,1.0,1.0,1.0,1.0,1.0,,,,,,6.75,8.75,6.25,9.0,5.0,1.5
14,Stockholm,2024-05-17,1,668.0,5.0,7,2.0,1.0,1.0,,1.0,1.0,1.0,1.0,1.0,1.0,1.0,1.0,1.0,1.0,1.0,1.0,1.0,1.0,1.0,,1.0,1.0,1.0,1.0,1.0,,,1.0,,,,6.75,8.75,6.25,9.0,5.0,1.5
15,Stockholm,2024-05-17,1,668.0,,,2.0,1.0,1.0,,,,1.0,1.0,,1.0,1.0,1.0,1.0,1.0,1.0,,1.0,1.0,1.0,,1.0,1.0,1.0,1.0,,1.0,1.0,,,,,6.75,8.75,6.25,9.0,5.0,1.5
16,Stockholm,2024-05-17,1,431.0,,,2.0,1.0,1.0,,,1.0,1.0,1.0,,1.0,1.0,1.0,1.0,1.0,1.0,,,1.0,1.0,,1.0,,,,1.0,1.0,,,,,,6.75,8.75,6.25,9.0,5.0,1.5
17,Stockholm,2024-05-17,1,674.0,4.71,7,2.0,1.0,,,,,1.0,,,1.0,1.0,1.0,1.0,1.0,,,,1.0,1.0,,1.0,,,1.0,,1.0,,,,,,6.75,8.75,6.25,9.0,5.0,1.5
18,Stockholm,2024-05-17,1,631.0,,,1.0,1.0,1.0,1.0,,,,1.0,1.0,1.0,1.0,1.0,1.0,1.0,,,,,,,1.0,,,,,1.0,,,,,,6.75,8.75,6.25,9.0,5.0,1.5
19,Stockholm,2024-05-17,1,470.0,,,2.0,1.0,1.0,,,1.0,1.0,1.0,,1.0,1.0,1.0,1.0,1.0,1.0,,1.0,1.0,1.0,,1.0,,,,1.0,1.0,,,,,,6.75,8.75,6.25,9.0,5.0,1.5
20,Stockholm,2024-05-17,1,764.0,4.66,32,4.0,3.0,1.0,1.0,,1.0,,1.0,,1.0,1.0,1.0,1.0,1.0,1.0,1.0,1.0,1.0,1.0,,1.0,1.0,1.0,,1.0,1.0,1.0,1.0,,,,6.75,8.75,6.25,9.0,5.0,1.5
21,Stockholm,2024-05-17,1,556.0,,,2.0,1.0,1.0,,1.0,,1.0,,1.0,1.0,,,1.0,1.0,,,1.0,1.0,,,,,,1.0,,,,1.0,,,,6.75,8.75,6.25,9.0,5.0,1.5
22,Stockholm,2024-05-17,1,747.0,4.89,9,1.0,1.0,1.0,,,1.0,1.0,1.0,1.0,1.0,1.0,1.0,1.0,1.0,,,,,1.0,,1.0,,,,,1.0,1.0,,,,,6.75,8.75,6.25,9.0,5.0,1.5
23,Stockholm,2024-05-17,1,398.0,4.80,64,2.0,2.0,1.0,1.0,1.0,,,1.0,1.0,1.0,1.0,,1.0,1.0,,,1.0,1.0,1.0,,,,,,,,,,,,,6.75,8.75,6.25,9.0,5.0,1.5
24,Stockholm,2024-05-17,1,297.0,4.91,193,1.0,1.0,1.0,1.0,1.0,1.0,1.0,1.0,,1.0,1.0,1.0,1.0,,,,,1.0,1.0,,,,,,,1.0,,,,,,6.75,8.75,6.25,9.0,5.0,1.5
25,Stockholm,2024-05-17,1,223.0,4.89,9,,1.0,1.0,1.0,1.0,1.0,,1.0,,1.0,1.0,1.0,1.0,1.0,,1.0,1.0,1.0,1.0,,,,,1.0,,1.0,,,,,,6.75,8.75,6.25,9.0,5.0,1.5
26,Stockholm,2024-05-17,1,482.0,4.56,174,4.0,2.0,1.0,,1.0,1.0,,,,,1.0,,1.0,,,,,1.0,1.0,,,,,,,,,,,,1.0,6.75,8.75,6.25,9.0,5.0,1.5
27,Stockholm,2024-05-17,1,319.0,5.0,10,,1.0,1.0,1.0,,1.0,1.0,,,1.0,1.0,1.0,1.0,1.0,1.0,1.0,,1.0,1.0,,,1.0,1.0,1.0,,1.0,,,,,,6.75,8.75,6.25,9.0,5.0,1.5
28,Stockholm,2024-05-17,1,361.0,,,,1.0,,,,,1.0,,,1.0,1.0,1.0,1.0,,,,,,1.0,,,,,,,1.0,,,,1.0,,6.75,8.75,6.25,9.0,5.0,1.5
29,Stockholm,2024-05-17,1,364.0,,,2.0,1.0,1.0,,,1.0,,1.0,,1.0,1.0,1.0,1.0,1.0,1.0,,,,1.0,,1.0,,,,1.0,1.0,,,,,,6.75,8.75,6.25,9.0,5.0,1.5
30,Stockholm,2024-05-17,1,260.0,,,,1.0,,,,,1.0,,,1.0,1.0,1.0,1.0,,,,,1.0,1.0,,,,,1.0,,,,,,,,6.75,8.75,6.25,9.0,5.0,1.5
31,Stockholm,2024-05-17,1,358.0,4.90,88,,1.0,1.0,1.0,,1.0,,1.0,1.0,1.0,1.0,,1.0,1.0,,1.0,1.0,1.0,1.0,,1.0,1.0,1.0,1.0,1.0,1.0,1.0,1.0,,,,6.75,8.75,6.25,9.0,5.0,1.5
32,Stockholm,2024-05-17,1,306.0,5.0,12,,1.0,1.0,1.0,1.0,1.0,,1.0,,1.0,1.0,1.0,1.0,1.0,,,,,1.0,,1.0,,,1.0,1.0,1.0,1.0,1.0,,,,6.75,8.75,6.25,9.0,5.0,1.5
33,Stockholm,2024-05-17,1,260.0,4.40,47,1.0,1.0,1.0,,1.0,1.0,1.0,1.0,,1.0,1.0,1.0,1.0,1.0,,,1.0,1.0,1.0,,,1.0,1.0,,,1.0,,1.0,,,,6.75,8.75,6.25,9.0,5.0,1.5
34,Stockholm,2024-05-17,1,231.0,4.88,8,,1.0,1.0,1.0,,1.0,,1.0,,1.0,1.0,,1.0,1.0,1.0,1.0,1.0,1.0,1.0,,,1.0,1.0,,1.0,1.0,,,,,1.0,6.75,8.75,6.25,9.0,5.0,1.5
35,Stockholm,2024-05-17,1,371.0,4.47,17,,2.0,1.0,1.0,,1.0,,1.0,1.0,1.0,1.0,1.0,1.0,1.0,1.0,1.0,,1.0,1.0,,1.0,,,1.0,,1.0,,,,,,6.75,8.75,6.25,9.0,5.0,1.5
36,Stockholm,2024-05-17,1,383.0,5.0,4,2.0,1.0,,,,,,,,1.0,,,1.0,,,,,1.0,1.0,,,,,,,,,1.0,,,,6.75,8.75,6.25,9.0,5.0,1.5
37,Stockholm,2024-05-17,1,371.0,,,2.0,1.0,,,,,,,,,,,,,,,,,1.0,1.0,,,,,,,,,,,,6.75,8.75,6.25,9.0,5.0,1.5
38,Stockholm,2024-05-17,1,418.0,,,,1.0,1.0,1.0,,,1.0,,,1.0,1.0,1.0,1.0,,,,,1.0,1.0,,,,,,,1.0,,,,,,6.75,8.75,6.25,9.0,5.0,1.5
39,Stockholm,2024-05-17,1,408.0,5.0,9,,1.0,1.0,1.0,1.0,1.0,,1.0,,1.0,1.0,1.0,1.0,1.0,1.0,,,1.0,1.0,,,,,1.0,1.0,1.0,,,,,,6.75,8.75,6.25,9.0,5.0,1.5
40,Stockholm,2024-05-17,1,287.0,4.62,13,,1.0,1.0,1.0,,1.0,1.0,,1.0,1.0,1.0,1.0,1.0,1.0,1.0,1.0,,1.0,1.0,1.0,1.0,1.0,1.0,1.0,,,1.0,,,,,6.75,8.75,6.25,9.0,5.0,1.5
41,Stockholm,2024-05-17,1,631.0,,,1.0,1.0,1.0,1.0,,,,1.0,,1.0,1.0,1.0,1.0,1.0,,,,,,,1.0,,,1.0,,1.0,,,,,,6.75,8.75,6.25,9.0,5.0,1.5
42,Stockholm,2024-05-17,1,344.0,5.0,5,2.0,1.0,,,,,1.0,,,1.0,1.0,1.0,1.0,,,,,,1.0,,,,,1.0,,,,,,,,6.75,8.75,6.25,9.0,5.0,1.5
43,Stockholm,2024-05-17,1,306.0,,,,3.0,1.0,1.0,1.0,1.0,1.0,1.0,1.0,1.0,1.0,1.0,1.0,1.0,,1.0,,1.0,1.0,,,1.0,1.0,,,1.0,,,,1.0,,6.75,8.75,6.25,9.0,5.0,1.5
44,Stockholm,2024-05-17,1,594.0,4.83,6,2.0,1.0,1.0,1.0,,,,,,1.0,1.0,,1.0,1.0,,,,1.0,1.0,,1.0,,,,,1.0,,1.0,,,,6.75,8.75,6.25,9.0,5.0,1.5
45,Stockholm,2024-05-17,1,327.0,,,,1.0,1.0,1.0,1.0,1.0,,1.0,,1.0,1.0,1.0,1.0,1.0,,,1.0,1.0,1.0,,1.0,1.0,1.0,1.0,,,,,,,1.0,6.75,8.75,6.25,9.0,5.0,1.5
46,Stockholm,2024-05-17,1,487.0,4.75,4,2.0,2.0,1.0,1.0,1.0,1.0,1.0,1.0,1.0,1.0,1.0,1.0,1.0,1.0,,,1.0,1.0,1.0,,,1.0,1.0,1.0,,,,,,,,6.75,8.75,6.25,9.0,5.0,1.5
47,Stockholm,2024-05-17,1,272.0,4.87,39,,1.0,1.0,1.0,1.0,1.0,1.0,,1.0,1.0,1.0,1.0,1.0,1.0,,1.0,1.0,1.0,1.0,,,,,,,1.0,,,1.0,,1.0,6.75,8.75,6.25,9.0,5.0,1.5
48,Stockholm,2024-05-17,1,606.0,4.71,56,2.0,1.0,1.0,,,1.0,,1.0,,1.0,1.0,,1.0,1.0,,,1.0,1.0,1.0,,,,,1.0,1.0,,,1.0,,,,6.75,8.75,6.25,9.0,5.0,1.5
49,Stockholm,2024-05-17,1,1113.0,5.0,4,4.0,4.0,1.0,1.0,,1.0,,1.0,,1.0,1.0,1.0,1.0,1.0,,1.0,1.0,1.0,1.0,1.0,,1.0,1.0,1.0,1.0,1.0,,1.0,,,,6.75,8.75,6.25,9.0,5.0,1.5
50,Stockholm,2024-05-17,1,312.0,4.83,12,1.0,1.0,1.0,1.0,,,1.0,,,,1.0,1.0,,,,,,1.0,1.0,,,,,,,1.0,,,,,,6.75,8.75,6.25,9.0,5.0,1.5
51,Stockholm,2024-05-17,1,685.0,5.0,3,2.0,2.0,1.0,1.0,,,,1.0,,1.0,1.0,1.0,1.0,,,,1.0,1.0,1.0,,1.0,,,,,1.0,1.0,,,,,6.75,8.75,6.25,9.0,5.0,1.5
52,Stockholm,2024-05-17,1,766.0,,,3.0,1.0,1.0,,,1.0,,1.0,,1.0,1.0,1.0,1.0,1.0,1.0,1.0,1.0,1.0,1.0,,1.0,1.0,1.0,,1.0,1.0,,,,,,6.75,8.75,6.25,9.0,5.0,1.5
53,Stockholm,2024-05-17,1,288.0,,,3.0,1.0,,,,,1.0,,,1.0,1.0,1.0,1.0,,,,,,,,,,,1.0,,1.0,,,,,,6.75,8.75,6.25,9.0,5.0,1.5
54,Stockholm,2024-05-17,1,668.0,4.89,9,3.0,2.0,1.0,1.0,1.0,1.0,1.0,1.0,1.0,1.0,1.0,1.0,1.0,1.0,,1.0,1.0,1.0,1.0,,,1.0,1.0,,1.0,1.0,,,,,,6.75,8.75,6.25,9.0,5.0,1.5
55,Stockholm,2024-05-17,1,402.0,,,,1.0,1.0,1.0,1.0,1.0,,1.0,,1.0,1.0,1.0,1.0,1.0,1.0,1.0,1.0,,,,1.0,1.0,1.0,1.0,1.0,1.0,1.0,1.0,,,,6.75,8.75,6.25,9.0,5.0,1.5
56,Stockholm,2024-05-17,1,556.0,4.67,6,2.0,1.0,1.0,1.0,1.0,1.0,,1.0,1.0,1.0,1.0,1.0,1.0,1.0,1.0,,1.0,1.0,,,,1.0,1.0,1.0,1.0,,,1.0,,,,6.75,8.75,6.25,9.0,5.0,1.5
57,Stockholm,2024-05-17,1,818.0,,,2.0,1.0,1.0,,1.0,1.0,,1.0,,1.0,1.0,1.0,1.0,1.0,,1.0,1.0,1.0,1.0,,1.0,1.0,1.0,,,,,,,,,6.75,8.75,6.25,9.0,5.0,1.5
58,Stockholm,2024-05-17,1,667.0,,,2.0,1.0,,,,,,,,1.0,1.0,1.0,1.0,,,,1.0,,1.0,,,,,,,1.0,,,,,,6.75,8.75,6.25,9.0,5.0,1.5
59,Stockholm,2024-05-17,1,702.0,,,2.0,1.0,1.0,1.0,1.0,1.0,1.0,1.0,,1.0,1.0,1.0,1.0,,1.0,1.0,,1.0,1.0,,,1.0,1.0,1.0,1.0,1.0,,,,,,6.75,8.75,6.25,9.0,5.0,1.5
60,Stockholm,2024-05-17,1,381.0,5.0,8,,1.0,1.0,1.0,1.0,1.0,,,1.0,1.0,1.0,,1.0,1.0,1.0,1.0,1.0,1.0,1.0,,1.0,1.0,1.0,,1.0,1.0,1.0,1.0,,,,6.75,8.75,6.25,9.0,5.0,1.5
61,Stockholm,2024-05-17,1,1038.0,4.95,22,4.0,3.0,1.0,1.0,1.0,1.0,,1.0,1.0,1.0,1.0,1.0,1.0,1.0,,1.0,1.0,1.0,1.0,,,1.0,1.0,,,1.0,,,,,,6.75,8.75,6.25,9.0,5.0,1.5
62,Stockholm,2024-05-17,1,544.0,,,3.0,1.0,,,,,1.0,,,1.0,1.0,1.0,1.0,,,,1.0,1.0,,,,,,,,1.0,,,,,,6.75,8.75,6.25,9.0,5.0,1.5
63,Stockholm,2024-05-17,1,905.0,4.82,11,4.0,3.0,1.0,1.0,,1.0,,1.0,,1.0,1.0,1.0,1.0,1.0,,1.0,1.0,1.0,1.0,1.0,1.0,1.0,1.0,,,1.0,1.0,1.0,,1.0,,6.75,8.75,6.25,9.0,5.0,1.5
64,Stockholm,2024-05-17,1,408.0,2.75,4,,1.0,1.0,1.0,1.0,,1.0,,,,1.0,1.0,,,,,1.0,,1.0,,,,,,,,,,,,,6.75,8.75,6.25,9.0,5.0,1.5
65,Stockholm,2024-05-17,1,481.0,4.17,6,2.0,1.0,1.0,,,1.0,,1.0,,1.0,1.0,,1.0,1.0,1.0,1.0,,,1.0,,1.0,1.0,1.0,,,,1.0,,,,,6.75,8.75,6.25,9.0,5.0,1.5
66,Stockholm,2024-05-17,1,817.0,,,1.0,1.0,1.0,,,1.0,1.0,1.0,1.0,1.0,1.0,1.0,1.0,1.0,,,,,1.0,,1.0,,,,,1.0,1.0,,,,,6.75,8.75,6.25,9.0,5.0,1.5
67,Stockholm,2024-05-17,1,561.0,,,,1.0,1.0,1.0,1.0,1.0,,1.0,,1.0,1.0,1.0,1.0,,1.0,,1.0,1.0,1.0,,1.0,1.0,1.0,1.0,1.0,1.0,,1.0,1.0,,,6.75,8.75,6.25,9.0,5.0,1.5
68,Stockholm,2024-05-17,1,445.0,4.63,16,,1.0,1.0,1.0,,1.0,,1.0,1.0,1.0,1.0,1.0,1.0,1.0,1.0,1.0,,1.0,1.0,,1.0,1.0,1.0,1.0,,1.0,1.0,,,,,6.75,8.75,6.25,9.0,5.0,1.5
69,Stockholm,2024-05-17,1,480.0,4.81,52,4.0,3.0,1.0,1.0,1.0,1.0,,1.0,,1.0,1.0,1.0,1.0,1.0,,1.0,1.0,1.0,1.0,,,1.0,1.0,,,,,,,,,6.75,8.75,6.25,9.0,5.0,1.5
70,Stockholm,2024-05-17,1,341.0,4.80,5,,1.0,,,,,1.0,,,1.0,1.0,1.0,1.0,,,,,,1.0,,,,,,,1.0,,,,1.0,,6.75,8.75,6.25,9.0,5.0,1.5
71,Stockholm,2024-05-17,1,1206.0,4.86,14,3.0,2.0,1.0,1.0,,1.0,1.0,1.0,,1.0,1.0,1.0,1.0,1.0,1.0,1.0,1.0,1.0,1.0,,1.0,1.0,1.0,1.0,1.0,1.0,1.0,1.0,,,,6.75,8.75,6.25,9.0,5.0,1.5
72,Stockholm,2024-05-17,1,297.0,5.0,23,4.0,3.0,1.0,1.0,1.0,1.0,,1.0,,1.0,1.0,1.0,,,,,1.0,,1.0,,,,,,,1.0,,,,,,6.75,8.75,6.25,9.0,5.0,1.5
73,Stockholm,2024-05-17,1,408.0,4.54,26,,1.0,1.0,1.0,,1.0,,1.0,1.0,1.0,1.0,,1.0,1.0,1.0,1.0,,1.0,1.0,,1.0,,,,,1.0,,,,,,6.75,8.75,6.25,9.0,5.0,1.5
74,Stockholm,2024-05-17,1,515.0,,,,3.0,1.0,,1.0,1.0,,,,1.0,1.0,1.0,1.0,1.0,,1.0,,1.0,1.0,1.0,,,,,1.0,1.0,,1.0,,,,6.75,8.75,6.25,9.0,5.0,1.5
75,Stockholm,2024-05-17,1,693.0,,,,1.0,1.0,1.0,,,1.0,,,1.0,1.0,1.0,1.0,1.0,,,1.0,1.0,1.0,,,,,,,1.0,,,,,,6.75,8.75,6.25,9.0,5.0,1.5
76,Stockholm,2024-05-17,1,334.0,4.77,43,,1.0,,,,,1.0,,,,1.0,1.0,1.0,1.0,,1.0,1.0,1.0,1.0,,,,,1.0,,,,1.0,,,,6.75,8.75,6.25,9.0,5.0,1.5
77,Stockholm,2024-05-17,1,485.0,4.50,4,1.0,1.0,1.0,,,1.0,1.0,1.0,,1.0,1.0,,1.0,1.0,1.0,,,,1.0,,,1.0,1.0,1.0,1.0,1.0,,,,,,6.75,8.75,6.25,9.0,5.0,1.5
78,Stockholm,2024-05-17,1,422.0,5.0,18,,1.0,1.0,1.0,1.0,1.0,,1.0,1.0,,1.0,1.0,1.0,1.0,1.0,1.0,,1.0,,,,1.0,1.0,,1.0,1.0,,1.0,,,,6.75,8.75,6.25,9.0,5.0,1.5
79,Stockholm,2024-05-17,1,1210.0,4.96,152,2.0,1.0,1.0,1.0,,1.0,1.0,1.0,1.0,1.0,1.0,1.0,1.0,1.0,,1.0,1.0,1.0,1.0,,1.0,,,,1.0,,,1.0,,,,6.75,8.75,6.25,9.0,5.0,1.5
80,Stockholm,2024-05-17,1,360.0,,,,3.0,,,,,,,,1.0,,,,,,,,1.0,,,,,,,,,,,,,,6.75,8.75,6.25,9.0,5.0,1.5
81,Stockholm,2024-05-17,1,863.0,,,2.0,1.0,,,,,1.0,,,1.0,1.0,1.0,1.0,,,,,1.0,1.0,,,,,,,,,,,,,6.75,8.75,6.25,9.0,5.0,1.5
82,Stockholm,2024-05-17,1,1418.0,,,3.0,3.0,1.0,1.0,1.0,1.0,,1.0,,1.0,1.0,1.0,1.0,1.0,1.0,1.0,1.0,1.0,1.0,,,,,1.0,1.0,1.0,,1.0,,1.0,,6.75,8.75,6.25,9.0,5.0,1.5
83,Stockholm,2024-05-17,1,272.0,4.95,20,,1.0,1.0,1.0,1.0,1.0,,1.0,1.0,1.0,1.0,,1.0,1.0,1.0,1.0,1.0,1.0,1.0,,,1.0,1.0,1.0,,1.0,,,,,,6.75,8.75,6.25,9.0,5.0,1.5
84,Stockholm,2024-05-17,1,816.0,,,2.0,1.0,1.0,,,1.0,1.0,1.0,,1.0,,,1.0,1.0,,1.0,1.0,,1.0,,,,,1.0,1.0,,,,,,,6.75,8.75,6.25,9.0,5.0,1.5
85,Stockholm,2024-05-17,1,730.0,4.63,30,2.0,2.0,1.0,1.0,1.0,1.0,,1.0,,1.0,1.0,1.0,1.0,1.0,,1.0,1.0,1.0,1.0,,1.0,1.0,1.0,,1.0,1.0,,1.0,,,,6.75,8.75,6.25,9.0,5.0,1.5
86,Stockholm,2024-05-17,1,720.0,5.0,3,,1.0,1.0,1.0,1.0,1.0,1.0,1.0,1.0,1.0,1.0,1.0,1.0,1.0,1.0,,,1.0,1.0,,,,,,1.0,1.0,,,,,,6.75,8.75,6.25,9.0,5.0,1.5
87,Stockholm,2024-05-17,1,422.0,4.91,23,,1.0,1.0,1.0,1.0,1.0,,1.0,1.0,,1.0,1.0,1.0,1.0,1.0,1.0,1.0,1.0,,,,1.0,1.0,,1.0,1.0,,1.0,,,,6.75,8.75,6.25,9.0,5.0,1.5
88,Stockholm,2024-05-17,1,631.0,4.80,5,4.0,,1.0,1.0,1.0,1.0,1.0,1.0,,1.0,1.0,1.0,1.0,1.0,,1.0,1.0,1.0,1.0,,,,,,,1.0,,1.0,,,,6.75,8.75,6.25,9.0,5.0,1.5
89,Stockholm,2024-05-17,1,911.0,4.25,4,1.0,1.0,1.0,,,1.0,,1.0,1.0,1.0,1.0,1.0,1.0,1.0,,,,,1.0,,1.0,,,,,1.0,1.0,,,,,6.75,8.75,6.25,9.0,5.0,1.5
90,Stockholm,2024-05-17,1,390.0,4.88,65,,1.0,1.0,1.0,1.0,1.0,1.0,1.0,1.0,1.0,1.0,,1.0,1.0,1.0,1.0,1.0,,1.0,,,,,,,1.0,,1.0,,,,6.75,8.75,6.25,9.0,5.0,1.5
91,Stockholm,2024-05-17,1,569.0,5.0,6,2.0,2.0,1.0,,,1.0,,1.0,,1.0,1.0,,1.0,1.0,,1.0,1.0,1.0,1.0,,,,,1.0,1.0,,,1.0,,,,6.75,8.75,6.25,9.0,5.0,1.5
92,Stockholm,2024-05-17,1,1264.0,3.91,34,3.0,3.0,1.0,,1.0,1.0,,1.0,1.0,1.0,1.0,1.0,1.0,1.0,1.0,1.0,,1.0,1.0,,1.0,,,,1.0,1.0,,,,,,6.75,8.75,6.25,9.0,5.0,1.5
93,Stockholm,2024-05-17,1,296.0,5.0,4,,1.0,1.0,,1.0,1.0,,1.0,,1.0,1.0,1.0,1.0,1.0,,,1.0,1.0,1.0,,,1.0,1.0,1.0,,1.0,,,,,,6.75,8.75,6.25,9.0,5.0,1.5
94,Stockholm,2024-05-17,1,420.0,4.52,25,,2.0,1.0,1.0,1.0,1.0,,1.0,1.0,1.0,1.0,,1.0,1.0,1.0,1.0,1.0,1.0,1.0,,1.0,,,1.0,,1.0,1.0,1.0,,1.0,,6.75,8.75,6.25,9.0,5.0,1.5
95,Stockholm,2024-05-17,1,532.0,,,,1.0,,,,,1.0,,,,1.0,1.0,1.0,,,,,1.0,,,,,,,,,,,,,,6.75,8.75,6.25,9.0,5.0,1.5
96,Stockholm,2024-05-17,1,801.0,4.33,12,1.0,1.0,1.0,,,1.0,,1.0,,1.0,1.0,1.0,1.0,1.0,,,1.0,1.0,1.0,,,,,,1.0,1.0,,1.0,,,,6.75,8.75,6.25,9.0,5.0,1.5
97,Stockholm,2024-05-17,1,326.0,,,,2.0,1.0,1.0,1.0,1.0,,,1.0,1.0,1.0,1.0,1.0,1.0,,,1.0,,1.0,,,1.0,1.0,1.0,,1.0,,,,,,6.75,8.75,6.25,9.0,5.0,1.5
98,Stockholm,2024-05-17,1,514.0,,,1.0,1.0,,,,,1.0,,,1.0,1.0,1.0,1.0,,,,,,1.0,,,,,,,1.0,,,,,,6.75,8.75,6.25,9.0,5.0,1.5
99,Stockholm,2024-05-17,1,706.0,4.60,15,2.0,2.0,1.0,,,1.0,,,,1.0,1.0,1.0,1.0,1.0,,1.0,1.0,1.0,1.0,1.0,,1.0,1.0,1.0,,,,,,,,6.75,8.75,6.25,9.0,5.0,1.5
100,Stockholm,2024-05-17,1,594.0,4.91,22,2.0,1.0,,,,,,1.0,,,1.0,1.0,1.0,,,,1.0,,1.0,,,,,,,,,,,,,6.75,8.75,6.25,9.0,5.0,1.5
101,Stockholm,2024-05-17,1,272.0,5.0,7,,1.0,,,,,1.0,,,1.0,1.0,1.0,1.0,1.0,,,,1.0,1.0,,,,,,,1.0,,,1.0,1.0,,6.75,8.75,6.25,9.0,5.0,1.5
102,Stockholm,2024-05-17,1,543.0,5.0,4,2.0,1.0,1.0,,,1.0,,,1.0,,1.0,1.0,1.0,1.0,,,,1.0,1.0,,,,,,1.0,1.0,,1.0,,,,6.75,8.75,6.25,9.0,5.0,1.5
103,Stockholm,2024-05-17,1,475.0,5.0,3,,1.0,,,,,,,,1.0,1.0,1.0,1.0,1.0,,,,1.0,1.0,,,,,,,1.0,,1.0,,,,6.75,8.75,6.25,9.0,5.0,1.5
104,Stockholm,2024-05-17,1,1038.0,4.83,6,4.0,4.0,,,,,1.0,,,1.0,1.0,1.0,1.0,1.0,,,1.0,,1.0,,1.0,,,,,1.0,,,,,,6.75,8.75,6.25,9.0,5.0,1.5
105,Stockholm,2024-05-17,1,818.0,,,4.0,2.0,,,,,1.0,,,1.0,1.0,1.0,1.0,,,,1.0,1.0,1.0,,1.0,,,,,1.0,1.0,,,,,6.75,8.75,6.25,9.0,5.0,1.5
106,Stockholm,2024-05-17,1,356.0,5.0,3,,1.0,1.0,1.0,1.0,1.0,,,,1.0,1.0,1.0,1.0,1.0,,1.0,,1.0,,,,1.0,1.0,1.0,,1.0,,1.0,,,,6.75,8.75,6.25,9.0,5.0,1.5
107,Stockholm,2024-05-17,1,490.0,4.75,16,,1.0,1.0,1.0,1.0,,,1.0,,1.0,1.0,1.0,1.0,1.0,,1.0,,1.0,1.0,,,,,,,1.0,,,,1.0,,6.75,8.75,6.25,9.0,5.0,1.5
108,Stockholm,2024-05-17,1,386.0,,,,,1.0,,,1.0,1.0,1.0,1.0,1.0,1.0,1.0,1.0,1.0,1.0,1.0,1.0,1.0,1.0,,1.0,,,,,,,,,,,6.75,8.75,6.25,9.0,5.0,1.5
109,Stockholm,2024-05-17,1,1113.0,,,,2.0,,,,,,,,,,,,,,,,1.0,,,,,,,,1.0,,,1.0,,,6.75,8.75,6.25,9.0,5.0,1.5
110,Stockholm,2024-05-17,1,371.0,,,,1.0,,,,,,,,1.0,1.0,1.0,1.0,,,,,,,,,,,,,,,,,,,6.75,8.75,6.25,9.0,5.0,1.5
111,Stockholm,2024-05-17,1,668.0,,,,2.0,1.0,1.0,,1.0,1.0,1.0,,1.0,1.0,1.0,1.0,,1.0,1.0,1.0,1.0,1.0,,1.0,1.0,1.0,1.0,1.0,1.0,,,,,,6.75,8.75,6.25,9.0,5.0,1.5
112,Stockholm,2024-05-17,1,211.0,4.86,14,,1.0,,,,,,,,,1.0,1.0,1.0,,,,,,,,,,,,,,,,,,,6.75,8.75,6.25,9.0,5.0,1.5
113,Stockholm,2024-05-17,1,542.0,4.23,22,2.0,2.0,1.0,,1.0,1.0,,1.0,,1.0,1.0,1.0,1.0,1.0,1.0,1.0,1.0,1.0,1.0,,,1.0,1.0,,1.0,1.0,,,,,,6.75,8.75,6.25,9.0,5.0,1.5
114,Stockholm,2024-05-17,1,809.0,,,4.0,3.0,,,,,1.0,,,1.0,1.0,1.0,1.0,,,,,1.0,1.0,,1.0,,,,,1.0,1.0,,,,,6.75,8.75,6.25,9.0,5.0,1.5
115,Stockholm,2024-05-17,1,418.0,,,2.0,1.0,1.0,1.0,,,1.0,,,1.0,1.0,1.0,1.0,,,,,,1.0,,,,,,,,,,,,,6.75,8.75,6.25,9.0,5.0,1.5
116,Stockholm,2024-05-17,1,201.0,,,,1.0,1.0,1.0,1.0,1.0,1.0,1.0,,1.0,1.0,1.0,1.0,1.0,1.0,1.0,,,1.0,,1.0,1.0,1.0,1.0,,,1.0,,,,,6.75,8.75,6.25,9.0,5.0,1.5
117,Stockholm,2024-05-17,1,1038.0,,,4.0,2.0,,,,,1.0,,,1.0,1.0,1.0,1.0,,,,,1.0,1.0,,1.0,,,,,1.0,,1.0,,,,6.75,8.75,6.25,9.0,5.0,1.5
118,Stockholm,2024-05-17,1,408.0,4.78,87,,1.0,1.0,,1.0,1.0,,1.0,1.0,1.0,1.0,,1.0,1.0,,1.0,1.0,1.0,1.0,,,,,,,,,1.0,,,,6.75,8.75,6.25,9.0,5.0,1.5
119,Stockholm,2024-05-17,1,282.0,,,1.0,1.0,,,,,1.0,,,1.0,1.0,1.0,1.0,,,,,,1.0,,,,,,,,,,,,,6.75,8.75,6.25,9.0,5.0,1.5
120,Stockholm,2024-05-17,1,267.0,5.0,6,2.0,1.0,1.0,1.0,,,,,,1.0,1.0,1.0,1.0,1.0,,,1.0,1.0,1.0,,1.0,,,1.0,,1.0,,,,1.0,1.0,6.75,8.75,6.25,9.0,5.0,1.5
121,Stockholm,2024-05-17,1,518.0,,,,1.0,1.0,1.0,1.0,1.0,,1.0,,1.0,1.0,1.0,1.0,1.0,1.0,1.0,1.0,1.0,1.0,,,1.0,1.0,1.0,1.0,1.0,,1.0,,,,6.75,8.75,6.25,9.0,5.0,1.5
122,Stockholm,2024-05-17,1,520.0,,,1.0,1.0,1.0,,1.0,1.0,1.0,1.0,1.0,1.0,1.0,1.0,1.0,1.0,1.0,1.0,1.0,1.0,1.0,,,1.0,1.0,1.0,1.0,1.0,,,,,,6.75,8.75,6.25,9.0,5.0,1.5
123,Stockholm,2024-05-17,1,313.0,,,,1.0,,,,,1.0,,,1.0,1.0,1.0,1.0,,,,1.0,1.0,1.0,,,,,,,1.0,,,,,,6.75,8.75,6.25,9.0,5.0,1.5
124,Stockholm,2024-05-17,1,406.0,,,,1.0,1.0,,,1.0,1.0,1.0,1.0,1.0,1.0,1.0,1.0,1.0,1.0,1.0,1.0,,1.0,,1.0,,,,,,,,,,,6.75,8.75,6.25,9.0,5.0,1.5
125,Stockholm,2024-05-17,1,448.0,5.0,12,,,1.0,,,,1.0,,,1.0,1.0,1.0,1.0,1.0,1.0,,,1.0,1.0,,,1.0,1.0,,,,,,,,,6.75,8.75,6.25,9.0,5.0,1.5
126,Stockholm,2024-05-17,1,883.0,4.25,4,3.0,3.0,1.0,,,,1.0,,,,,,1.0,1.0,,1.0,1.0,1.0,1.0,,,1.0,1.0,,,,,,,,,6.75,8.75,6.25,9.0,5.0,1.5
127,Stockholm,2024-05-17,1,445.0,,,,1.0,1.0,1.0,,1.0,1.0,1.0,,1.0,1.0,1.0,1.0,,,1.0,,,1.0,,1.0,,,,,1.0,,,,,,6.75,8.75,6.25,9.0,5.0,1.5
128,Stockholm,2024-05-17,1,831.0,,,1.0,1.0,1.0,,,1.0,,1.0,1.0,1.0,1.0,1.0,1.0,1.0,,,,,1.0,,1.0,,,,,1.0,1.0,,,,,6.75,8.75,6.25,9.0,5.0,1.5
129,Stockholm,2024-05-17,1,232.0,,,,1.0,1.0,1.0,,1.0,,,1.0,1.0,1.0,1.0,1.0,1.0,1.0,1.0,,1.0,1.0,,,1.0,1.0,1.0,,1.0,,1.0,,1.0,1.0,6.75,8.75,6.25,9.0,5.0,1.5
130,Stockholm,2024-05-17,1,1036.0,,,1.0,1.0,1.0,,,1.0,1.0,1.0,1.0,1.0,1.0,1.0,1.0,1.0,,1.0,,,,,1.0,1.0,1.0,,,1.0,1.0,,,,,6.75,8.75,6.25,9.0,5.0,1.5
131,Stockholm,2024-05-17,1,566.0,4.88,24,,1.0,1.0,1.0,1.0,1.0,,1.0,,1.0,1.0,,1.0,1.0,1.0,1.0,1.0,1.0,1.0,,1.0,1.0,1.0,1.0,1.0,1.0,1.0,1.0,,,,6.75,8.75,6.25,9.0,5.0,1.5
132,Stockholm,2024-05-17,1,445.0,4.41,59,2.0,2.0,1.0,1.0,1.0,1.0,,,,1.0,1.0,1.0,1.0,1.0,1.0,1.0,1.0,1.0,1.0,,1.0,1.0,1.0,1.0,1.0,1.0,1.0,1.0,,,,6.75,8.75,6.25,9.0,5.0,1.5
133,Stockholm,2024-05-17,1,1168.0,,,4.0,3.0,,,,,1.0,1.0,,1.0,1.0,1.0,1.0,1.0,,,1.0,1.0,1.0,,1.0,,,1.0,,1.0,,,1.0,,,6.75,8.75,6.25,9.0,5.0,1.5
134,Stockholm,2024-05-17,1,576.0,,,3.0,2.0,1.0,,1.0,,1.0,1.0,,1.0,1.0,,1.0,1.0,,,,,1.0,,,1.0,1.0,1.0,,1.0,,,,1.0,,6.75,8.75,6.25,9.0,5.0,1.5
135,Stockholm,2024-05-17,1,312.0,4.80,10,,1.0,1.0,1.0,,1.0,,1.0,,1.0,1.0,1.0,1.0,1.0,,,,1.0,1.0,,,,,,,1.0,,,,,,6.75,8.75,6.25,9.0,5.0,1.5
136,Stockholm,2024-05-17,1,408.0,4.53,17,2.0,1.0,1.0,1.0,1.0,1.0,1.0,1.0,1.0,1.0,1.0,1.0,1.0,1.0,,1.0,1.0,1.0,1.0,,,,,,1.0,1.0,,1.0,,,,6.75,8.75,6.25,9.0,5.0,1.5
137,Stockholm,2024-05-17,1,334.0,5.0,4,,1.0,,,,,1.0,,,1.0,1.0,1.0,1.0,,,,1.0,1.0,,,,,,,,1.0,,,,1.0,,6.75,8.75,6.25,9.0,5.0,1.5
138,Stockholm,2024-05-17,1,267.0,4.75,4,,1.0,1.0,1.0,,,1.0,,,1.0,1.0,1.0,1.0,1.0,,,,1.0,1.0,,,,,,,,,,,,,6.75,8.75,6.25,9.0,5.0,1.5
139,Stockholm,2024-05-17,1,1224.0,4.0,4,2.0,1.0,1.0,,,1.0,,,,,1.0,1.0,1.0,1.0,,,1.0,1.0,1.0,,1.0,,,1.0,,1.0,1.0,,,,,6.75,8.75,6.25,9.0,5.0,1.5
140,Stockholm,2024-05-17,1,408.0,,,,1.0,,,,,,1.0,,1.0,,,,,,,,,,,,,,,,,,,,,,6.75,8.75,6.25,9.0,5.0,1.5
141,Stockholm,2024-05-17,1,451.0,4.33,3,,1.0,,,,,,,,,1.0,1.0,1.0,,,,,,,,1.0,,,,,,1.0,,,,,6.75,8.75,6.25,9.0,5.0,1.5
142,Stockholm,2024-05-17,1,396.0,,,,1.0,1.0,1.0,1.0,,,,,1.0,1.0,,1.0,1.0,1.0,1.0,1.0,1.0,1.0,,1.0,,,,,1.0,1.0,1.0,,,,6.75,8.75,6.25,9.0,5.0,1.5
143,Stockholm,2024-05-17,1,272.0,,,,1.0,1.0,1.0,1.0,1.0,,1.0,1.0,1.0,1.0,1.0,1.0,1.0,1.0,,1.0,1.0,1.0,,,1.0,1.0,1.0,1.0,1.0,,,,,,6.75,8.75,6.25,9.0,5.0,1.5
144,Stockholm,2024-05-17,1,922.0,,,3.0,2.0,,,,,1.0,,,,1.0,1.0,1.0,,,,1.0,1.0,1.0,,,,,,,,,,,,,6.75,8.75,6.25,9.0,5.0,1.5
145,Stockholm,2024-05-17,1,230.0,5.0,4,,2.0,,,,,1.0,,,1.0,1.0,1.0,1.0,1.0,,,,,1.0,,,,,,,,,,,,,6.75,8.75,6.25,9.0,5.0,1.5
146,Stockholm,2024-05-17,1,742.0,5.0,6,4.0,2.0,,,,,,,,1.0,1.0,1.0,1.0,,,,1.0,1.0,1.0,,,,,1.0,,1.0,,1.0,1.0,,,6.75,8.75,6.25,9.0,5.0,1.5
147,Stockholm,2024-05-17,1,745.0,,,4.0,1.0,,,,,1.0,,,1.0,1.0,1.0,1.0,,,,1.0,1.0,1.0,1.0,,,,1.0,,1.0,,,1.0,,,6.75,8.75,6.25,9.0,5.0,1.5
148,Stockholm,2024-05-17,1,614.0,,,,,,,,,,,,1.0,1.0,,1.0,,,,,1.0,1.0,,,,,,,1.0,,,,1.0,,6.75,8.75,6.25,9.0,5.0,1.5
149,Stockholm,2024-05-17,1,643.0,,,,1.0,1.0,1.0,,,1.0,1.0,,1.0,1.0,1.0,1.0,,,,,,,,,,,,,1.0,,,,,,6.75,8.75,6.25,9.0,5.0,1.5
150,Stockholm,2024-05-17,1,334.0,5.0,11,,1.0,1.0,,1.0,1.0,,1.0,,,1.0,1.0,1.0,,,,,,,,1.0,,,1.0,,1.0,1.0,,,,,6.75,8.75,6.25,9.0,5.0,1.5
151,Stockholm,2024-05-17,1,421.0,4.33,3,4.0,2.0,,,,,1.0,,,1.0,1.0,1.0,1.0,,,,,1.0,1.0,,,,,,,1.0,,,,,,6.75,8.75,6.25,9.0,5.0,1.5
152,Stockholm,2024-05-17,1,612.0,5.0,3,,1.0,,,,,,,,1.0,1.0,1.0,1.0,1.0,,,,,,,,,,,,,,,,,,6.75,8.75,6.25,9.0,5.0,1.5
153,Stockholm,2024-05-17,1,337.0,,,2.0,1.0,1.0,,,1.0,1.0,1.0,1.0,1.0,1.0,1.0,1.0,1.0,1.0,1.0,1.0,1.0,1.0,,,1.0,1.0,1.0,,1.0,,1.0,,,,6.75,8.75,6.25,9.0,5.0,1.5
154,Stockholm,2024-05-17,1,538.0,,,4.0,2.0,,,,,1.0,,,1.0,1.0,1.0,1.0,1.0,,,,,1.0,,,,,1.0,,,,,,,,6.75,8.75,6.25,9.0,5.0,1.5
155,Stockholm,2024-05-17,1,1063.0,,,,2.0,1.0,,1.0,1.0,1.0,,,1.0,1.0,1.0,1.0,,,,,,1.0,,,,,,,1.0,,,,,1.0,6.75,8.75,6.25,9.0,5.0,1.5
156,Stockholm,2024-05-17,1,690.0,,,2.0,1.0,,,,,1.0,,,1.0,1.0,1.0,1.0,,,,,1.0,,,,,,,,1.0,,,,,,6.75,8.75,6.25,9.0,5.0,1.5
157,Stockholm,2024-05-17,1,245.0,4.67,9,,1.0,1.0,1.0,,1.0,1.0,,,1.0,1.0,1.0,1.0,,,1.0,,,1.0,,,,,,,1.0,,,,,,6.75,8.75,6.25,9.0,5.0,1.5
158,Stockholm,2024-05-17,1,533.0,,,2.0,2.0,1.0,,1.0,1.0,1.0,1.0,1.0,1.0,1.0,1.0,1.0,1.0,,,1.0,1.0,1.0,,,,,,,,,,,,,6.75,8.75,6.25,9.0,5.0,1.5
159,Stockholm,2024-05-17,1,309.0,4.81,31,,1.0,1.0,,1.0,1.0,1.0,1.0,1.0,1.0,1.0,1.0,1.0,1.0,,1.0,1.0,1.0,1.0,,,1.0,1.0,1.0,1.0,1.0,,1.0,,,,6.75,8.75,6.25,9.0,5.0,1.5
160,Stockholm,2024-05-17,1,715.0,4.95,20,,1.0,,,,,,,,1.0,1.0,1.0,,,,,,,,,,,,,,,,1.0,,,,6.75,8.75,6.25,9.0,5.0,1.5
161,Stockholm,2024-05-17,1,359.0,,,,1.0,1.0,,,1.0,,1.0,1.0,1.0,1.0,1.0,1.0,1.0,1.0,1.0,,1.0,1.0,,,,,,1.0,1.0,,1.0,,1.0,,6.75,8.75,6.25,9.0,5.0,1.5
162,Stockholm,2024-05-17,1,532.0,,,,3.0,1.0,1.0,1.0,1.0,1.0,1.0,,1.0,1.0,1.0,1.0,,,1.0,1.0,,1.0,,,,,,,1.0,,,,,,6.75,8.75,6.25,9.0,5.0,1.5
163,Stockholm,2024-05-17,1,297.0,4.93,29,,3.0,1.0,1.0,1.0,1.0,,1.0,,1.0,1.0,1.0,1.0,1.0,1.0,1.0,,1.0,1.0,,1.0,1.0,1.0,,1.0,1.0,1.0,1.0,,,,6.75,8.75,6.25,9.0,5.0,1.5
164,Stockholm,2024-05-17,1,779.0,4.93,30,,2.0,1.0,,,1.0,1.0,,,1.0,1.0,1.0,1.0,,,,,,1.0,,1.0,,,,,1.0,,,,,1.0,6.75,8.75,6.25,9.0,5.0,1.5
165,Stockholm,2024-05-17,1,774.0,4.25,4,4.0,1.0,,,,,,,,1.0,1.0,1.0,1.0,,,,,,,,,,,,,1.0,,,,,,6.75,8.75,6.25,9.0,5.0,1.5
166,Stockholm,2024-05-17,1,544.0,4.67,28,,2.0,1.0,1.0,,1.0,1.0,1.0,,1.0,1.0,1.0,1.0,,,1.0,,,1.0,,1.0,,,,,1.0,,,,,,6.75,8.75,6.25,9.0,5.0,1.5
167,Stockholm,2024-05-17,1,523.0,,,,1.0,1.0,,,1.0,1.0,1.0,1.0,1.0,1.0,1.0,1.0,1.0,1.0,1.0,,1.0,1.0,,,,,1.0,,1.0,,,,,,6.75,8.75,6.25,9.0,5.0,1.5
168,Stockholm,2024-05-17,1,594.0,,,2.0,1.0,1.0,,1.0,1.0,1.0,1.0,,,1.0,,1.0,1.0,,1.0,1.0,,1.0,,,,,,,,,,,,,6.75,8.75,6.25,9.0,5.0,1.5
169,Stockholm,2024-05-17,1,347.0,4.20,15,4.0,2.0,1.0,,1.0,1.0,,1.0,,1.0,,,1.0,,,,1.0,1.0,1.0,,,1.0,1.0,,,1.0,,,1.0,,,6.75,8.75,6.25,9.0,5.0,1.5
170,Stockholm,2024-05-17,1,1113.0,,,2.0,1.0,,,,,1.0,,,1.0,1.0,1.0,1.0,,,,,,,,,,,,,1.0,,,,,,6.75,8.75,6.25,9.0,5.0,1.5
171,Stockholm,2024-05-17,1,792.0,,,4.0,2.0,1.0,,,1.0,,,1.0,1.0,1.0,1.0,1.0,1.0,1.0,1.0,1.0,1.0,1.0,,,1.0,1.0,,1.0,1.0,,1.0,,,,6.75,8.75,6.25,9.0,5.0,1.5
172,Stockholm,2024-05-17,1,675.0,,,3.0,1.0,1.0,,,1.0,,,1.0,,1.0,1.0,1.0,,,,,,1.0,,,,,1.0,,1.0,,,,,,6.75,8.75,6.25,9.0,5.0,1.5
173,Stockholm,2024-05-17,1,973.0,,,,2.0,1.0,1.0,,,1.0,,,1.0,1.0,1.0,1.0,,,,,1.0,1.0,,1.0,,,1.0,,1.0,1.0,,,1.0,,6.75,8.75,6.25,9.0,5.0,1.5
174,Stockholm,2024-05-17,1,806.0,,,5.0,5.0,,,,,1.0,,,,1.0,1.0,1.0,,,,,,1.0,1.0,,,,1.0,,,,,,,,6.75,8.75,6.25,9.0,5.0,1.5
175,Stockholm,2024-05-17,1,263.0,,,,1.0,1.0,1.0,1.0,1.0,1.0,,1.0,1.0,1.0,1.0,1.0,1.0,1.0,1.0,1.0,1.0,,,1.0,1.0,1.0,,,1.0,,,,,,6.75,8.75,6.25,9.0,5.0,1.5
176,Stockholm,2024-05-17,1,816.0,,,2.0,1.0,,,,,1.0,,,1.0,,,1.0,,,,,,1.0,,,,,,,,,1.0,,,,6.75,8.75,6.25,9.0,5.0,1.5
177,Stockholm,2024-05-17,1,334.0,4.33,11,,1.0,1.0,1.0,,1.0,,1.0,,1.0,1.0,1.0,1.0,1.0,1.0,,1.0,1.0,1.0,,,1.0,1.0,,1.0,1.0,,1.0,,,,6.75,8.75,6.25,9.0,5.0,1.5
178,Stockholm,2024-05-17,1,1113.0,4.67,3,,1.0,1.0,1.0,,1.0,1.0,1.0,,1.0,1.0,1.0,1.0,,,1.0,,,1.0,,1.0,,,,,1.0,,,,,,6.75,8.75,6.25,9.0,5.0,1.5
179,Stockholm,2024-05-17,1,705.0,,,,1.0,1.0,1.0,1.0,,1.0,,,1.0,1.0,1.0,1.0,,,1.0,,1.0,,,,1.0,1.0,1.0,,1.0,,,,,,6.75,8.75,6.25,9.0,5.0,1.5
180,Stockholm,2024-05-17,1,445.0,,,,1.0,1.0,1.0,1.0,1.0,1.0,1.0,,1.0,1.0,1.0,1.0,1.0,1.0,,,1.0,1.0,1.0,,1.0,1.0,1.0,1.0,1.0,,,,,,6.75,8.75,6.25,9.0,5.0,1.5
181,Stockholm,2024-05-17,1,273.0,4.25,8,,1.0,,,,,,,,1.0,1.0,1.0,1.0,1.0,,,,,,,,,,,,,,,,,,6.75,8.75,6.25,9.0,5.0,1.5
182,Stockholm,2024-05-17,1,534.0,,,,1.0,,,,,1.0,,,1.0,1.0,1.0,1.0,1.0,,,1.0,1.0,,,,,,,,1.0,,,,,,6.75,8.75,6.25,9.0,5.0,1.5
183,Stockholm,2024-05-17,1,556.0,,,,1.0,,,,,1.0,,,,1.0,1.0,1.0,,,,,,,,,,,,,1.0,,,,,,6.75,8.75,6.25,9.0,5.0,1.5
184,Stockholm,2024-05-17,1,260.0,,,3.0,2.0,,,,,,,,1.0,1.0,1.0,1.0,,,,,,1.0,,,,,1.0,,1.0,,,,,,6.75,8.75,6.25,9.0,5.0,1.5
185,Stockholm,2024-05-17,1,359.0,,,2.0,1.0,,,,,1.0,,,1.0,1.0,1.0,1.0,,,,,1.0,1.0,,,,,,,1.0,,,,,,6.75,8.75,6.25,9.0,5.0,1.5
186,Stockholm,2024-05-17,1,482.0,,,1.0,1.0,1.0,1.0,,1.0,,1.0,,1.0,1.0,1.0,1.0,,1.0,1.0,1.0,1.0,1.0,,,1.0,1.0,1.0,1.0,1.0,,,,,,6.75,8.75,6.25,9.0,5.0,1.5
187,Stockholm,2024-05-17,1,622.0,,,3.0,3.0,1.0,,,1.0,,,,1.0,1.0,1.0,1.0,1.0,1.0,1.0,1.0,1.0,,,,,,,,1.0,,,,,,6.75,8.75,6.25,9.0,5.0,1.5
188,Stockholm,2024-05-17,1,450.0,4.0,5,,2.0,1.0,1.0,1.0,1.0,,1.0,1.0,1.0,1.0,1.0,1.0,1.0,1.0,1.0,1.0,1.0,1.0,,1.0,,,1.0,,1.0,1.0,1.0,,1.0,,6.75,8.75,6.25,9.0,5.0,1.5
189,Stockholm,2024-05-17,1,742.0,2.50,3,,1.0,,,,,,,,,1.0,1.0,1.0,,,,,1.0,1.0,,,,,,,1.0,,,,,,6.75,8.75,6.25,9.0,5.0,1.5
190,Stockholm,2024-05-17,1,643.0,5.0,4,4.0,1.0,,,,,,,,1.0,1.0,1.0,1.0,,,,,1.0,,,,,,,,,,1.0,,,,6.75,8.75,6.25,9.0,5.0,1.5
191,Stockholm,2024-05-17,1,410.0,,,,2.0,,,,,,,,1.0,1.0,1.0,1.0,,,,,,,,,,,,,1.0,,,,,,6.75,8.75,6.25,9.0,5.0,1.5
192,Stockholm,2024-05-17,1,556.0,,,,1.0,1.0,1.0,1.0,1.0,1.0,1.0,,1.0,1.0,1.0,1.0,1.0,1.0,1.0,,1.0,1.0,,1.0,1.0,1.0,1.0,,,1.0,,,,,6.75,8.75,6.25,9.0,5.0,1.5
193,Stockholm,2024-05-17,1,186.0,,,2.0,2.0,,,,,,,,,1.0,1.0,1.0,,,,,,1.0,,,,,,,,,,,,,6.75,8.75,6.25,9.0,5.0,1.5
194,Stockholm,2024-05-17,1,225.0,,,2.0,2.0,,,,,,,,,1.0,1.0,1.0,1.0,,1.0,1.0,1.0,1.0,,1.0,,,1.0,,,1.0,,,,,6.75,8.75,6.25,9.0,5.0,1.5
195,Stockholm,2024-05-17,1,705.0,,,,1.0,,,,,1.0,,,,1.0,1.0,1.0,,,,,,1.0,,,,,,,1.0,,,,,,6.75,8.75,6.25,9.0,5.0,1.5
196,Stockholm,2024-05-17,1,742.0,,,,1.0,,,,,1.0,,,,1.0,1.0,1.0,1.0,,,,1.0,,,,,,,,1.0,,,,,,6.75,8.75,6.25,9.0,5.0,1.5
197,Stockholm,2024-05-17,1,470.0,,,1.0,1.0,,,,,1.0,1.0,,1.0,1.0,1.0,1.0,,,,,,1.0,,,,,,,,,,,,,6.75,8.75,6.25,9.0,5.0,1.5
198,Stockholm,2024-05-17,1,275.0,4.90,10,,1.0,,,,,1.0,,,1.0,1.0,1.0,1.0,,,,,,1.0,,,,,,,1.0,,,,,,6.75,8.75,6.25,9.0,5.0,1.5
199,Stockholm,2024-05-17,1,285.0,,,,1.0,,,,,1.0,,,,1.0,1.0,1.0,,,,,,,,,,,,,1.0,,,,,,6.75,8.75,6.25,9.0,5.0,1.5
200,Stockholm,2024-05-17,1,819.0,,,2.0,2.0,,,,,,,,1.0,1.0,1.0,1.0,,,,,,1.0,,,,,,,,,,,,,6.75,8.75,6.25,9.0,5.0,1.5
201,Stockholm,2024-05-17,1,360.0,,,,1.0,1.0,,1.0,1.0,,1.0,1.0,,1.0,1.0,1.0,1.0,1.0,1.0,,,1.0,,,,,,,1.0,,,,,,6.75,8.75,6.25,9.0,5.0,1.5
202,Stockholm,2024-05-17,1,596.0,,,2.0,3.0,1.0,1.0,1.0,1.0,,1.0,1.0,1.0,1.0,1.0,1.0,1.0,,1.0,1.0,1.0,1.0,,1.0,,,1.0,1.0,,1.0,1.0,,,,6.75,8.75,6.25,9.0,5.0,1.5
203,Stockholm,2024-05-17,1,309.0,4.76,17,2.0,1.0,,,,,1.0,,,,1.0,1.0,1.0,,,,1.0,,1.0,,,,,,,,,,,,,6.75,8.75,6.25,9.0,5.0,1.5
204,Stockholm,2024-05-17,1,1117.0,4.64,12,2.0,1.0,,,,,,1.0,,1.0,1.0,1.0,1.0,1.0,,,1.0,,1.0,,,,,,,1.0,,,1.0,,,6.75,8.75,6.25,9.0,5.0,1.5
205,Stockholm,2024-05-17,1,859.0,,,,1.0,,,,,1.0,,,1.0,1.0,1.0,1.0,,,,,1.0,1.0,,,,,,,,,,,,,6.75,8.75,6.25,9.0,5.0,1.5
206,Stockholm,2024-05-17,1,677.0,4.80,5,,1.0,1.0,1.0,1.0,1.0,1.0,1.0,,1.0,1.0,1.0,1.0,1.0,,,,1.0,1.0,,,,,1.0,,1.0,,,1.0,,,6.75,8.75,6.25,9.0,5.0,1.5
207,Stockholm,2024-05-17,1,482.0,,,2.0,1.0,,,,,,,,,1.0,1.0,1.0,1.0,,1.0,,1.0,1.0,,,,,,,1.0,,,,,,6.75,8.75,6.25,9.0,5.0,1.5
208,Stockholm,2024-05-17,1,458.0,,,,1.0,,,,,,,,1.0,1.0,1.0,1.0,,,,,1.0,,,,,,,,1.0,,,,,1.0,6.75,8.75,6.25,9.0,5.0,1.5
209,Stockholm,2024-05-17,1,927.0,,,,3.0,1.0,1.0,1.0,1.0,1.0,1.0,,1.0,1.0,1.0,1.0,,,,,,1.0,,,,,1.0,,1.0,,,,,,6.75,8.75,6.25,9.0,5.0,1.5
210,Stockholm,2024-05-17,1,378.0,,,,2.0,1.0,1.0,1.0,1.0,1.0,1.0,1.0,,1.0,1.0,1.0,,,,,,,,,,,,,1.0,,,,,,6.75,8.75,6.25,9.0,5.0,1.5
211,Stockholm,2024-05-17,1,789.0,4.0,5,,1.0,,,,,1.0,,,1.0,1.0,1.0,1.0,,,,1.0,1.0,1.0,,,,,,,1.0,,,,1.0,,6.75,8.75,6.25,9.0,5.0,1.5
212,Stockholm,2024-05-17,1,914.0,,,,1.0,1.0,1.0,1.0,1.0,1.0,1.0,,1.0,1.0,1.0,1.0,1.0,1.0,1.0,,1.0,1.0,,1.0,1.0,1.0,1.0,,1.0,1.0,,,,,6.75,8.75,6.25,9.0,5.0,1.5
213,Stockholm,2024-05-17,1,223.0,,,3.0,3.0,,,,,,,1.0,1.0,1.0,1.0,1.0,1.0,,1.0,,,1.0,,,,,,,1.0,,,,,,6.75,8.75,6.25,9.0,5.0,1.5
214,Stockholm,2024-05-17,1,208.0,,,4.0,3.0,,,,,1.0,,,1.0,1.0,1.0,1.0,,,,,1.0,,,,,,,,1.0,,,,,,6.75,8.75,6.25,9.0,5.0,1.5
215,Stockholm,2024-05-17,1,882.0,,,,1.0,1.0,1.0,,,,1.0,,1.0,1.0,1.0,1.0,,,,,,1.0,,,,,,,1.0,,,1.0,,,6.75,8.75,6.25,9.0,5.0,1.5
216,Stockholm,2024-05-17,1,890.0,,,,1.0,1.0,1.0,,1.0,,1.0,,1.0,1.0,1.0,1.0,1.0,,1.0,,1.0,1.0,,,,,,1.0,1.0,,,,,,6.75,8.75,6.25,9.0,5.0,1.5
217,Stockholm,2024-05-17,1,297.0,,,,1.0,,,,,,,,1.0,1.0,1.0,1.0,,,,,,,,,,,,,1.0,,,,,,6.75,8.75,6.25,9.0,5.0,1.5
218,Stockholm,2024-05-17,1,297.0,5.0,3,,1.0,,,,,1.0,,,,1.0,1.0,1.0,,,,,,1.0,1.0,1.0,,,,,1.0,,,,,,6.75,8.75,6.25,9.0,5.0,1.5
219,Stockholm,2024-05-17,1,238.0,,,6.0,5.0,1.0,,,1.0,1.0,1.0,,1.0,1.0,1.0,1.0,1.0,1.0,1.0,1.0,1.0,1.0,,,1.0,1.0,1.0,,1.0,,,1.0,,,6.75,8.75,6.25,9.0,5.0,1.5
220,Stockholm,2024-05-17,1,594.0,,,,2.0,1.0,1.0,1.0,1.0,1.0,1.0,,1.0,1.0,1.0,1.0,,,,,,1.0,,1.0,,,1.0,,1.0,,,,,,6.75,8.75,6.25,9.0,5.0,1.5
221,Stockholm,2024-05-17,1,734.0,3.63,8,,1.0,,,,,,,,,1.0,1.0,1.0,,,,,,1.0,,,,,,,,,,,,,6.75,8.75,6.25,9.0,5.0,1.5
222,Stockholm,2024-05-17,1,789.0,,,6.0,6.0,,,,,,,,1.0,1.0,,1.0,1.0,,1.0,1.0,1.0,1.0,,,,,,,1.0,,,1.0,,,6.75,8.75,6.25,9.0,5.0,1.5
223,Stockholm,2024-05-17,1,242.0,,,,2.0,,,,,1.0,,,,1.0,1.0,1.0,1.0,,,1.0,1.0,1.0,,1.0,,,,,1.0,,,,,,6.75,8.75,6.25,9.0,5.0,1.5
224,Stockholm,2024-05-17,1,1113.0,,,,1.0,1.0,1.0,1.0,1.0,1.0,,,1.0,1.0,1.0,1.0,,,,,,1.0,,1.0,,,1.0,,1.0,1.0,,1.0,,,6.75,8.75,6.25,9.0,5.0,1.5
225,Stockholm,2024-05-17,1,494.0,,,,1.0,,,,,1.0,,,,1.0,1.0,1.0,,,,,,,,,,,,,,,,,,,6.75,8.75,6.25,9.0,5.0,1.5
226,Stockholm,2024-05-17,1,640.0,,,,2.0,1.0,,,1.0,,1.0,,1.0,1.0,1.0,1.0,,,,1.0,,1.0,,,,,,,1.0,,,,,,6.75,8.75,6.25,9.0,5.0,1.5
227,Stockholm,2024-05-17,1,616.0,5.0,3,,1.0,,,,,,,,1.0,1.0,1.0,1.0,,,,1.0,1.0,1.0,,,,,,,,,,,,,6.75,8.75,6.25,9.0,5.0,1.5
228,Stockholm,2024-05-17,1,789.0,,,4.0,2.0,1.0,1.0,1.0,1.0,1.0,1.0,,1.0,,,1.0,1.0,1.0,1.0,1.0,1.0,,,1.0,,,,,,,,,,,6.75,8.75,6.25,9.0,5.0,1.5
229,Stockholm,2024-05-17,1,494.0,,,,3.0,1.0,1.0,,1.0,,1.0,,1.0,1.0,1.0,,,,,,,1.0,,,,,,,1.0,,,,,,6.75,8.75,6.25,9.0,5.0,1.5
230,Stockholm,2024-05-17,1,890.0,,,,3.0,,,,,1.0,,,1.0,1.0,,1.0,,,,,1.0,1.0,,,,,,,1.0,,,1.0,,,6.75,8.75,6.25,9.0,5.0,1.5
231,Stockholm,2024-05-17,1,779.0,4.50,6,2.0,1.0,,,,,1.0,,,1.0,1.0,1.0,1.0,,,,,1.0,,,,,,1.0,,1.0,,,,,,6.75,8.75,6.25,9.0,5.0,1.5
232,Stockholm,2024-05-17,1,668.0,,,,1.0,1.0,1.0,,,1.0,,,1.0,1.0,1.0,1.0,,,,,1.0,1.0,,1.0,,,,,1.0,1.0,,,1.0,,6.75,8.75,6.25,9.0,5.0,1.5
233,Stockholm,2024-05-17,1,1187.0,,,,1.0,,,,,,,,,1.0,1.0,1.0,,,,,,,,,,,,,1.0,,,,,,6.75,8.75,6.25,9.0,5.0,1.5
234,Stockholm,2024-05-17,1,707.0,,,,1.0,,,,,1.0,,,1.0,1.0,1.0,1.0,,,,,,1.0,,,,,,,,,,,,,6.75,8.75,6.25,9.0,5.0,1.5
235,Stockholm,2024-05-17,1,322.0,,,,1.0,1.0,,,1.0,,,,1.0,1.0,1.0,1.0,,,,1.0,,1.0,,,,,,,1.0,,,1.0,,1.0,6.75,8.75,6.25,9.0,5.0,1.5
236,Stockholm,2024-05-17,1,270.0,,,,1.0,1.0,,1.0,,1.0,,,,1.0,1.0,1.0,1.0,1.0,1.0,,1.0,1.0,,,,,,,,,,,,,6.75,8.75,6.25,9.0,5.0,1.5
237,Stockholm,2024-05-17,1,260.0,,,6.0,6.0,,,,,,,,,,,1.0,,,,,1.0,,,,,,,,,,,,,,6.75,8.75,6.25,9.0,5.0,1.5
238,Stockholm,2024-05-17,1,643.0,,,5.0,4.0,,,,,,,,1.0,1.0,1.0,,,,,,,1.0,,,,,,,1.0,,,,,,6.75,8.75,6.25,9.0,5.0,1.5
239,Stockholm,2024-05-17,1,741.0,,,,1.0,,,,,1.0,,,1.0,1.0,1.0,1.0,,,,1.0,1.0,1.0,,,,,,,,,,,,,6.75,8.75,6.25,9.0,5.0,1.5
240,Stockholm,2024-05-17,1,705.0,,,,1.0,,,,,1.0,,,1.0,1.0,1.0,1.0,,,,1.0,1.0,1.0,1.0,,,,,,1.0,,,,1.0,,6.75,8.75,6.25,9.0,5.0,1.5
241,Stockholm,2024-05-17,1,458.0,,,6.0,6.0,,,,,,,,1.0,,,1.0,,,,1.0,1.0,,,,,,,,,,,,,,6.75,8.75,6.25,9.0,5.0,1.5
242,Stockholm,2024-05-17,1,915.0,,,,2.0,,,,,1.0,,,1.0,1.0,1.0,1.0,,,,,,1.0,,,,,1.0,,1.0,,,,,,6.75,8.75,6.25,9.0,5.0,1.5
243,Stockholm,2024-05-17,1,594.0,,,4.0,1.0,1.0,,,1.0,,1.0,,,1.0,,1.0,1.0,,1.0,1.0,1.0,1.0,,,,,,,1.0,,1.0,,,,6.75,8.75,6.25,9.0,5.0,1.5
244,Stockholm,2024-05-17,1,520.0,,,,1.0,,,,,,,,,1.0,,,,,,,1.0,1.0,,,,,,,,,,,,,6.75,8.75,6.25,9.0,5.0,1.5
245,Stockholm,2024-05-17,1,1211.0,4.25,4,,1.0,1.0,,,1.0,,1.0,,1.0,1.0,1.0,1.0,,,,,,,,,,,,,,,,,,,6.75,8.75,6.25,9.0,5.0,1.5
246,Stockholm,2024-05-17,1,260.0,,,,1.0,,,,,1.0,,,1.0,1.0,1.0,1.0,,,,,,,,,,,1.0,,,,,,,,6.75,8.75,6.25,9.0,5.0,1.5
247,Stockholm,2024-05-17,1,453.0,,,,2.0,,,,,1.0,,,1.0,1.0,1.0,1.0,,,,,1.0,1.0,,,,,,,1.0,,,,,,6.75,8.75,6.25,9.0,5.0,1.5
248,Stockholm,2024-05-17,1,,,,,1.0,1.0,,,1.0,1.0,1.0,1.0,1.0,1.0,1.0,1.0,1.0,1.0,1.0,1.0,1.0,1.0,1.0,,,,,1.0,1.0,,,,,,6.75,8.75,6.25,9.0,5.0,1.5
249,Stockholm,2024-05-17,1,379.0,,,,1.0,1.0,,1.0,1.0,1.0,1.0,,1.0,1.0,,1.0,1.0,,1.0,,1.0,1.0,,,,,,,,,,,,,6.75,8.75,6.25,9.0,5.0,1.5
250,Stockholm,2024-05-17,1,1113.0,,,,1.0,1.0,1.0,1.0,1.0,1.0,1.0,,1.0,1.0,1.0,1.0,,,,,,1.0,,,,,,,1.0,,1.0,,,,6.75,8.75,6.25,9.0,5.0,1.5
251,Stockholm,2024-05-17,1,265.0,4.81,17,,5.0,,,,,1.0,,,1.0,1.0,1.0,1.0,,,,,,1.0,1.0,,,,1.0,,1.0,,,,,,6.75,8.75,6.25,9.0,5.0,1.5
252,Stockholm,2024-05-17,1,259.0,,,,3.0,1.0,,1.0,1.0,1.0,,,1.0,1.0,1.0,1.0,,,,,,1.0,1.0,,,,,,1.0,,1.0,,,1.0,6.75,8.75,6.25,9.0,5.0,1.5
253,Stockholm,2024-05-17,1,866.0,,,2.0,,,,,,,,,1.0,1.0,1.0,,,,1.0,1.0,1.0,1.0,,,,,,,,,,,,,6.75,8.75,6.25,9.0,5.0,1.5
254,Stockholm,2024-05-17,1,601.0,,,,2.0,,,,,,,,1.0,1.0,1.0,1.0,1.0,,,,1.0,1.0,,,,,,,1.0,,1.0,,,,6.75,8.75,6.25,9.0,5.0,1.5
255,Stockholm,2024-05-17,1,1150.0,,,,1.0,1.0,,1.0,1.0,1.0,,1.0,1.0,1.0,1.0,1.0,1.0,1.0,1.0,,1.0,,,,,,,1.0,1.0,,,,,,6.75,8.75,6.25,9.0,5.0,1.5
256,Stockholm,2024-05-17,1,599.0,,,,1.0,1.0,1.0,1.0,1.0,1.0,,,1.0,1.0,1.0,1.0,1.0,,,,1.0,1.0,,,1.0,1.0,1.0,,1.0,,,,,,6.75,8.75,6.25,9.0,5.0,1.5
257,Stockholm,2024-05-17,1,316.0,,,,1.0,,,,,1.0,,,1.0,1.0,1.0,1.0,,,,,1.0,,,,,,,,1.0,,,,,,6.75,8.75,6.25,9.0,5.0,1.5
258,Stockholm,2024-05-17,1,334.0,,,,1.0,1.0,1.0,1.0,1.0,1.0,1.0,,1.0,1.0,1.0,1.0,,,,,,1.0,1.0,,,,1.0,,1.0,,,,,,6.75,8.75,6.25,9.0,5.0,1.5
259,Stockholm,2024-05-17,1,187.0,,,1.0,1.0,1.0,1.0,1.0,1.0,1.0,1.0,1.0,1.0,1.0,1.0,1.0,1.0,1.0,1.0,,1.0,1.0,,,,,1.0,,1.0,,,,,1.0,6.75,8.75,6.25,9.0,5.0,1.5
260,Stockholm,2024-05-17,1,838.0,,,1.0,1.0,,,,,1.0,1.0,,,1.0,1.0,1.0,,,,1.0,,1.0,,,,,,,,,,,,,6.75,8.75,6.25,9.0,5.0,1.5
261,Stockholm,2024-05-17,1,759.0,,,2.0,1.0,1.0,1.0,1.0,1.0,,1.0,1.0,1.0,1.0,1.0,1.0,1.0,1.0,1.0,1.0,1.0,1.0,,1.0,,,1.0,,1.0,1.0,1.0,,,,6.75,8.75,6.25,9.0,5.0,1.5
262,Stockholm,2024-05-17,1,603.0,,,2.0,2.0,1.0,1.0,1.0,1.0,1.0,1.0,1.0,1.0,1.0,1.0,1.0,1.0,1.0,1.0,1.0,1.0,1.0,,,1.0,1.0,,1.0,1.0,,1.0,1.0,,,6.75,8.75,6.25,9.0,5.0,1.5
263,Stockholm,2024-05-17,1,1854.0,4.98,202,2.0,1.0,1.0,1.0,1.0,1.0,1.0,1.0,,1.0,1.0,,1.0,1.0,1.0,1.0,1.0,1.0,1.0,1.0,,1.0,1.0,1.0,,1.0,,1.0,,,,6.75,8.75,6.25,9.0,5.0,1.5
264,Stockholm,2024-05-17,1,2039.0,5.0,29,2.0,1.0,1.0,1.0,1.0,1.0,,1.0,1.0,1.0,1.0,,1.0,1.0,1.0,1.0,1.0,1.0,1.0,1.0,,1.0,1.0,,1.0,,,1.0,,,,6.75,8.75,6.25,9.0,5.0,1.5
265,Stockholm,2024-05-17,1,2596.0,5.0,10,2.0,1.0,1.0,1.0,1.0,1.0,1.0,1.0,1.0,1.0,1.0,1.0,1.0,1.0,1.0,1.0,1.0,1.0,1.0,1.0,,1.0,1.0,1.0,,1.0,,1.0,,,,6.75,8.75,6.25,9.0,5.0,1.5
266,Stockholm,2024-05-17,1,1384.0,5.0,80,4.0,2.0,1.0,1.0,1.0,1.0,,1.0,1.0,1.0,1.0,,1.0,1.0,1.0,1.0,1.0,1.0,1.0,,1.0,1.0,1.0,1.0,1.0,1.0,,1.0,,,,6.75,8.75,6.25,9.0,5.0,1.5
267,Stockholm,2024-05-17,1,1965.0,4.92,24,3.0,2.0,,,,,,,,1.0,1.0,1.0,1.0,,,,,1.0,1.0,,,,,,,1.0,,,,,,6.75,8.75,6.25,9.0,5.0,1.5
268,Stockholm,2024-05-17,1,1780.0,4.94,53,2.0,1.0,1.0,1.0,1.0,1.0,,1.0,1.0,1.0,1.0,1.0,1.0,1.0,1.0,1.0,1.0,1.0,1.0,,,,,,,1.0,,1.0,,,,6.75,8.75,6.25,9.0,5.0,1.5
269,Stockholm,2024-05-17,1,1570.0,4.93,28,8.0,5.0,1.0,,1.0,1.0,1.0,1.0,,1.0,1.0,1.0,1.0,1.0,1.0,1.0,1.0,1.0,1.0,,1.0,1.0,1.0,,,1.0,1.0,1.0,,,,6.75,8.75,6.25,9.0,5.0,1.5
270,Stockholm,2024-05-17,1,1778.0,5.0,45,2.0,1.0,1.0,1.0,,1.0,,1.0,,1.0,1.0,,1.0,1.0,1.0,1.0,1.0,1.0,1.0,,1.0,1.0,1.0,1.0,1.0,1.0,1.0,1.0,,,,6.75,8.75,6.25,9.0,5.0,1.5
271,Stockholm,2024-05-17,1,2867.0,4.94,33,6.0,3.0,1.0,,1.0,1.0,1.0,1.0,,1.0,1.0,1.0,1.0,1.0,1.0,1.0,1.0,1.0,1.0,,,1.0,1.0,1.0,1.0,1.0,,,1.0,,,6.75,8.75,6.25,9.0,5.0,1.5
272,Stockholm,2024-05-17,1,2022.0,5.0,14,6.0,2.0,1.0,,1.0,1.0,,1.0,1.0,1.0,1.0,,1.0,1.0,,1.0,1.0,1.0,1.0,1.0,1.0,1.0,1.0,1.0,1.0,1.0,1.0,,1.0,1.0,1.0,6.75,8.75,6.25,9.0,5.0,1.5
273,Stockholm,2024-05-17,1,1731.0,5.0,6,4.0,3.0,1.0,1.0,1.0,1.0,1.0,1.0,1.0,1.0,1.0,1.0,1.0,1.0,1.0,1.0,1.0,1.0,1.0,,,,,,,1.0,,1.0,,,,6.75,8.75,6.25,9.0,5.0,1.5
274,Stockholm,2024-05-17,1,2225.0,4.93,58,6.0,3.0,1.0,1.0,1.0,1.0,,1.0,1.0,1.0,1.0,1.0,1.0,1.0,,1.0,1.0,1.0,1.0,,1.0,1.0,1.0,,1.0,1.0,1.0,1.0,,,,6.75,8.75,6.25,9.0,5.0,1.5
275,Stockholm,2024-05-17,1,1856.0,4.95,96,2.0,1.0,1.0,1.0,,,,,,1.0,1.0,1.0,1.0,1.0,,,1.0,1.0,1.0,1.0,,,,,,1.0,,1.0,,,,6.75,8.75,6.25,9.0,5.0,1.5
276,Stockholm,2024-05-17,1,2101.0,4.95,82,8.0,6.0,1.0,1.0,,1.0,1.0,1.0,1.0,1.0,1.0,1.0,1.0,1.0,1.0,1.0,1.0,1.0,1.0,,,,,,1.0,1.0,,1.0,1.0,,,6.75,8.75,6.25,9.0,5.0,1.5
277,Stockholm,2024-05-17,1,2225.0,5.0,10,4.0,3.0,1.0,1.0,,1.0,1.0,,,1.0,1.0,1.0,1.0,1.0,1.0,1.0,1.0,1.0,1.0,,,,,1.0,,1.0,,,,,,6.75,8.75,6.25,9.0,5.0,1.5
278,Stockholm,2024-05-17,1,2151.0,5.0,5,6.0,4.0,1.0,,,1.0,,1.0,,1.0,1.0,1.0,1.0,1.0,1.0,1.0,1.0,1.0,1.0,,,1.0,1.0,,1.0,1.0,,1.0,,,,6.75,8.75,6.25,9.0,5.0,1.5
279,Stockholm,2024-05-17,1,1360.0,5.0,7,7.0,4.0,1.0,1.0,1.0,1.0,,1.0,1.0,1.0,1.0,,1.0,1.0,1.0,1.0,1.0,1.0,1.0,,1.0,1.0,1.0,,1.0,1.0,,1.0,,1.0,,6.75,8.75,6.25,9.0,5.0,1.5
280,Stockholm,2024-05-17,1,2002.0,5.0,13,4.0,2.0,1.0,,1.0,1.0,,,,1.0,1.0,,1.0,1.0,,1.0,1.0,1.0,1.0,1.0,1.0,,,1.0,1.0,1.0,,,,,,6.75,8.75,6.25,9.0,5.0,1.5
281,Stockholm,2024-05-17,1,1251.0,4.69,110,6.0,4.0,,,,,1.0,,,1.0,1.0,1.0,1.0,1.0,,,,1.0,1.0,,,,,,,1.0,,,1.0,,,6.75,8.75,6.25,9.0,5.0,1.5
282,Stockholm,2024-05-17,1,1624.0,,,10.0,2.0,,,,,1.0,,,,,,1.0,,,,,1.0,1.0,,,,,,,1.0,,,,1.0,,6.75,8.75,6.25,9.0,5.0,1.5
283,Stockholm,2024-05-17,1,2669.0,5.0,3,5.0,5.0,1.0,,1.0,1.0,1.0,1.0,1.0,1.0,1.0,1.0,1.0,1.0,1.0,1.0,1.0,1.0,1.0,,1.0,1.0,1.0,1.0,1.0,1.0,,,1.0,,,6.75,8.75,6.25,9.0,5.0,1.5
284,Stockholm,2024-05-17,1,1335.0,4.50,8,7.0,3.0,1.0,1.0,,1.0,,1.0,,1.0,1.0,1.0,1.0,1.0,1.0,1.0,1.0,1.0,1.0,1.0,,1.0,1.0,1.0,1.0,1.0,,,1.0,,,6.75,8.75,6.25,9.0,5.0,1.5
285,Stockholm,2024-05-17,1,2373.0,5.0,3,6.0,4.0,1.0,,,1.0,1.0,1.0,,1.0,1.0,1.0,1.0,1.0,1.0,1.0,1.0,1.0,1.0,,,1.0,1.0,1.0,1.0,1.0,,1.0,1.0,,,6.75,8.75,6.25,9.0,5.0,1.5
286,Stockholm,2024-05-17,1,2806.0,,,4.0,2.0,1.0,,,1.0,1.0,1.0,1.0,1.0,1.0,1.0,1.0,1.0,,1.0,,1.0,1.0,,1.0,1.0,1.0,,,1.0,1.0,,,,,6.75,8.75,6.25,9.0,5.0,1.5
287,Stockholm,2024-05-17,1,1867.0,4.77,22,6.0,4.0,1.0,,,1.0,,,,1.0,1.0,1.0,1.0,1.0,1.0,1.0,1.0,1.0,1.0,,,1.0,1.0,,,1.0,,,1.0,,,6.75,8.75,6.25,9.0,5.0,1.5
288,Stockholm,2024-05-17,1,1664.0,,,4.0,4.0,1.0,1.0,1.0,1.0,,,,1.0,1.0,1.0,1.0,1.0,1.0,1.0,1.0,1.0,1.0,1.0,1.0,1.0,1.0,1.0,,1.0,1.0,1.0,,,,6.75,8.75,6.25,9.0,5.0,1.5
289,Stockholm,2024-05-17,1,1656.0,5.0,4,6.0,4.0,,,,,1.0,,,1.0,1.0,1.0,1.0,,,,,1.0,1.0,,,,,,,1.0,,,1.0,,,6.75,8.75,6.25,9.0,5.0,1.5
290,Stockholm,2024-05-17,1,1340.0,4.80,5,6.0,6.0,1.0,1.0,,1.0,,1.0,,1.0,1.0,1.0,1.0,1.0,1.0,1.0,1.0,1.0,1.0,,1.0,,,,1.0,,1.0,,,,,6.75,8.75,6.25,9.0,5.0,1.5
291,Stockholm,2024-05-17,1,2225.0,,,5.0,6.0,1.0,1.0,1.0,,,1.0,,1.0,1.0,1.0,1.0,1.0,,,1.0,1.0,1.0,,,,,1.0,,1.0,,1.0,1.0,,,6.75,8.75,6.25,9.0,5.0,1.5
292,Stockholm,2024-05-17,1,1809.0,4.50,4,3.0,2.0,1.0,,1.0,1.0,,1.0,1.0,1.0,1.0,1.0,1.0,1.0,1.0,1.0,1.0,1.0,1.0,,,,,,1.0,1.0,,,,,1.0,6.75,8.75,6.25,9.0,5.0,1.5
293,Stockholm,2024-05-17,1,1704.0,4.22,53,6.0,3.0,1.0,1.0,1.0,,1.0,1.0,,1.0,1.0,1.0,1.0,1.0,1.0,1.0,,1.0,1.0,,,1.0,1.0,,,1.0,,,,,,6.75,8.75,6.25,9.0,5.0,1.5
294,Stockholm,2024-05-17,1,2543.0,4.32,66,4.0,3.0,1.0,1.0,1.0,1.0,,,1.0,1.0,1.0,1.0,1.0,1.0,,1.0,1.0,1.0,1.0,,,,,,,,,1.0,,,,6.75,8.75,6.25,9.0,5.0,1.5
295,Stockholm,2024-05-17,1,2596.0,5.0,4,2.0,1.0,1.0,,1.0,1.0,,,,1.0,1.0,,1.0,1.0,,1.0,1.0,1.0,1.0,,1.0,1.0,1.0,1.0,,,1.0,1.0,,,,6.75,8.75,6.25,9.0,5.0,1.5
296,Stockholm,2024-05-17,1,1266.0,4.73,15,2.0,1.0,1.0,1.0,1.0,1.0,1.0,1.0,1.0,1.0,1.0,,1.0,1.0,,1.0,1.0,1.0,1.0,,,1.0,1.0,,1.0,1.0,,1.0,,,,6.75,8.75,6.25,9.0,5.0,1.5
297,Stockholm,2024-05-17,1,1390.0,4.81,16,2.0,1.0,1.0,1.0,1.0,,,1.0,,1.0,1.0,1.0,,,,,1.0,,1.0,,,,,1.0,,1.0,,,,,,6.75,8.75,6.25,9.0,5.0,1.5
298,Stockholm,2024-05-17,1,1471.0,5.0,4,4.0,4.0,1.0,1.0,1.0,1.0,1.0,,,1.0,1.0,1.0,1.0,1.0,1.0,,,1.0,1.0,,,1.0,1.0,1.0,1.0,1.0,,,1.0,,,6.75,8.75,6.25,9.0,5.0,1.5
299,Stockholm,2024-05-17,1,1885.0,,,8.0,4.0,1.0,,1.0,1.0,1.0,1.0,,1.0,1.0,1.0,1.0,,1.0,1.0,1.0,1.0,1.0,,,,,1.0,,1.0,,,,,,6.75,8.75,6.25,9.0,5.0,1.5
300,Stockholm,2024-05-17,1,1780.0,,,6.0,6.0,1.0,1.0,1.0,1.0,1.0,1.0,,1.0,1.0,1.0,1.0,1.0,,,1.0,1.0,1.0,,,,,1.0,,1.0,,,1.0,,,6.75,8.75,6.25,9.0,5.0,1.5
301,Stockholm,2024-05-17,1,1904.0,,,4.0,3.0,1.0,1.0,,1.0,1.0,,,1.0,1.0,1.0,1.0,1.0,1.0,1.0,,1.0,1.0,,1.0,1.0,1.0,1.0,1.0,1.0,1.0,,,,,6.75,8.75,6.25,9.0,5.0,1.5
302,Stockholm,2024-05-17,1,2224.0,4.22,27,5.0,3.0,1.0,1.0,1.0,,1.0,,1.0,1.0,1.0,1.0,1.0,,1.0,1.0,1.0,1.0,1.0,,1.0,1.0,1.0,1.0,1.0,1.0,1.0,1.0,1.0,1.0,,6.75,8.75,6.25,9.0,5.0,1.5
303,Stockholm,2024-05-17,1,2373.0,5.0,3,2.0,1.0,1.0,1.0,,1.0,,1.0,,1.0,1.0,,1.0,1.0,1.0,1.0,,1.0,1.0,,,1.0,1.0,,,1.0,,1.0,,,,6.75,8.75,6.25,9.0,5.0,1.5
304,Stockholm,2024-05-17,1,1911.0,5.0,6,6.0,3.0,1.0,,1.0,1.0,,1.0,,1.0,1.0,1.0,1.0,1.0,1.0,1.0,1.0,1.0,1.0,,,1.0,1.0,,,1.0,,1.0,,1.0,,6.75,8.75,6.25,9.0,5.0,1.5
305,Stockholm,2024-05-17,1,2608.0,,,4.0,3.0,1.0,,,1.0,1.0,,,1.0,1.0,1.0,1.0,1.0,1.0,,1.0,1.0,1.0,,1.0,,,1.0,,1.0,1.0,1.0,,,,6.75,8.75,6.25,9.0,5.0,1.5
306,Stockholm,2024-05-17,1,1978.0,,,1.0,1.0,1.0,1.0,,1.0,,1.0,1.0,1.0,1.0,1.0,1.0,1.0,1.0,1.0,,1.0,1.0,,1.0,,,1.0,1.0,1.0,1.0,,,,,6.75,8.75,6.25,9.0,5.0,1.5
307,Stockholm,2024-05-17,1,2095.0,,,7.0,2.0,1.0,1.0,1.0,1.0,1.0,1.0,,1.0,1.0,1.0,1.0,1.0,1.0,1.0,1.0,1.0,1.0,,1.0,1.0,1.0,,1.0,1.0,,1.0,1.0,,,6.75,8.75,6.25,9.0,5.0,1.5
308,Stockholm,2024-05-17,1,2439.0,,,6.0,4.0,1.0,,,,1.0,,,1.0,1.0,1.0,1.0,1.0,,1.0,,1.0,1.0,,,,,,,1.0,,1.0,1.0,,,6.75,8.75,6.25,9.0,5.0,1.5
309,Stockholm,2024-05-17,1,2200.0,5.0,4,10.0,6.0,1.0,1.0,1.0,1.0,1.0,1.0,,1.0,1.0,1.0,1.0,1.0,1.0,1.0,,1.0,1.0,,1.0,1.0,1.0,1.0,1.0,1.0,,1.0,1.0,1.0,,6.75,8.75,6.25,9.0,5.0,1.5
310,Stockholm,2024-05-17,1,2892.0,,,8.0,7.0,1.0,1.0,1.0,1.0,,1.0,,1.0,1.0,1.0,1.0,1.0,1.0,1.0,1.0,1.0,1.0,,1.0,1.0,1.0,1.0,1.0,1.0,,1.0,,,,6.75,8.75,6.25,9.0,5.0,1.5
311,Stockholm,2024-05-17,1,1978.0,,,1.0,1.0,1.0,1.0,,1.0,,1.0,1.0,1.0,1.0,1.0,1.0,1.0,1.0,1.0,,1.0,1.0,,1.0,,,1.0,1.0,1.0,1.0,,,,,6.75,8.75,6.25,9.0,5.0,1.5
312,Stockholm,2024-05-17,1,1847.0,5.0,4,6.0,2.0,1.0,1.0,1.0,1.0,1.0,1.0,1.0,1.0,1.0,1.0,1.0,1.0,1.0,1.0,1.0,1.0,1.0,,,1.0,1.0,1.0,1.0,1.0,,1.0,1.0,,,6.75,8.75,6.25,9.0,5.0,1.5
313,Stockholm,2024-05-17,1,2439.0,,,2.0,1.0,,,,,,,,,1.0,1.0,1.0,,,,,,1.0,,,,,,,1.0,,,,,,6.75,8.75,6.25,9.0,5.0,1.5
314,Stockholm,2024-05-17,1,2833.0,,,8.0,4.0,,,,,1.0,,,1.0,1.0,1.0,1.0,,,,1.0,1.0,1.0,,1.0,,,1.0,,1.0,,,,1.0,,6.75,8.75,6.25,9.0,5.0,1.5
315,Stockholm,2024-05-17,1,1261.0,,,6.0,1.0,1.0,,,1.0,,1.0,,1.0,1.0,1.0,1.0,1.0,1.0,,1.0,1.0,1.0,,,1.0,1.0,1.0,1.0,1.0,,,,,,6.75,8.75,6.25,9.0,5.0,1.5
316,Stockholm,2024-05-17,1,2014.0,,,10.0,6.0,1.0,1.0,1.0,1.0,,1.0,1.0,1.0,1.0,1.0,1.0,1.0,1.0,1.0,1.0,1.0,1.0,,,1.0,1.0,1.0,,1.0,,1.0,,,,6.75,8.75,6.25,9.0,5.0,1.5
317,Stockholm,2024-05-17,1,1716.0,,,6.0,5.0,,,,,1.0,,,1.0,1.0,1.0,1.0,,,,1.0,1.0,1.0,,,,,,,1.0,,,,,,6.75,8.75,6.25,9.0,5.0,1.5
318,Stockholm,2024-05-17,1,2818.0,,,2.0,1.0,,,,,1.0,,,1.0,1.0,,1.0,,,,,,,,,,,,,,,,,,,6.75,8.75,6.25,9.0,5.0,1.5
319,Stockholm,2024-05-17,1,2096.0,5.0,13,5.0,4.0,,,,,1.0,,,1.0,1.0,1.0,1.0,1.0,,1.0,1.0,1.0,1.0,,,,,,,1.0,,,1.0,1.0,,6.75,8.75,6.25,9.0,5.0,1.5
320,Stockholm,2024-05-17,1,2158.0,,,6.0,4.0,,,,,1.0,,,1.0,1.0,1.0,1.0,1.0,,1.0,1.0,1.0,1.0,,1.0,,,,,1.0,,,1.0,1.0,,6.75,8.75,6.25,9.0,5.0,1.5
321,Stockholm,2024-05-17,1,1829.0,,,6.0,3.0,1.0,,,,,1.0,1.0,1.0,1.0,1.0,1.0,,,,1.0,1.0,1.0,1.0,,1.0,1.0,,1.0,1.0,,,1.0,,,6.75,8.75,6.25,9.0,5.0,1.5
322,Stockholm,2024-05-17,1,2595.0,,,8.0,5.0,1.0,1.0,1.0,,1.0,1.0,,1.0,1.0,1.0,1.0,,,,,,1.0,,,,,,,1.0,,,1.0,,,6.75,8.75,6.25,9.0,5.0,1.5
323,Stockholm,2024-05-17,1,1300.0,,,8.0,5.0,,,,,1.0,,,1.0,1.0,1.0,1.0,1.0,1.0,1.0,1.0,1.0,,,,,,,,1.0,,1.0,,,,6.75,8.75,6.25,9.0,5.0,1.5
324,Stockholm,2024-05-17,1,2719.0,5.0,6,1.0,1.0,1.0,1.0,,1.0,,1.0,1.0,1.0,1.0,1.0,1.0,1.0,1.0,1.0,,1.0,1.0,,1.0,,,1.0,1.0,1.0,1.0,,,,,6.75,8.75,6.25,9.0,5.0,1.5
325,Stockholm,2024-05-17,1,2484.0,,,1.0,1.0,1.0,1.0,,1.0,,1.0,1.0,1.0,1.0,1.0,1.0,1.0,1.0,1.0,,1.0,1.0,,1.0,,,1.0,1.0,1.0,1.0,,,,,6.75,8.75,6.25,9.0,5.0,1.5
326,Stockholm,2024-05-17,1,2439.0,,,1.0,1.0,1.0,1.0,,1.0,,1.0,1.0,1.0,1.0,1.0,1.0,1.0,1.0,1.0,,1.0,1.0,,1.0,,,1.0,1.0,1.0,1.0,,,,,6.75,8.75,6.25,9.0,5.0,1.5
327,Stockholm,2024-05-17,1,2439.0,,,5.0,5.0,1.0,1.0,,1.0,1.0,,,1.0,1.0,1.0,1.0,,,,1.0,,1.0,,1.0,,,,,1.0,1.0,,1.0,,,6.75,8.75,6.25,9.0,5.0,1.5
328,Stockholm,2024-05-17,1,2439.0,,,2.0,1.0,1.0,1.0,,1.0,,1.0,1.0,1.0,1.0,1.0,1.0,1.0,1.0,1.0,1.0,1.0,1.0,,1.0,,,1.0,1.0,1.0,,,,,,6.75,8.75,6.25,9.0,5.0,1.5
329,Stockholm,2024-05-17,1,1854.0,,,2.0,1.0,,,,,,,,1.0,1.0,,1.0,,,,1.0,1.0,1.0,,,,,,,1.0,,1.0,1.0,,,6.75,8.75,6.25,9.0,5.0,1.5
330,Stockholm,2024-05-17,1,2629.0,4.67,6,6.0,6.0,1.0,,,1.0,1.0,1.0,,1.0,1.0,1.0,1.0,1.0,1.0,1.0,1.0,1.0,1.0,,1.0,1.0,1.0,,1.0,1.0,,,1.0,,,6.75,8.75,6.25,9.0,5.0,1.5
331,Stockholm,2024-05-17,1,1632.0,,,8.0,4.0,,,,,1.0,,,1.0,1.0,1.0,1.0,,,,,1.0,1.0,1.0,,,,1.0,,1.0,,,,,,6.75,8.75,6.25,9.0,5.0,1.5
332,Stockholm,2024-05-17,1,2163.0,,,1.0,1.0,1.0,,,1.0,1.0,,1.0,1.0,1.0,1.0,1.0,1.0,1.0,,1.0,,1.0,,1.0,,,,1.0,,,,,,,6.75,8.75,6.25,9.0,5.0,1.5
333,Stockholm,2024-05-17,1,1778.0,,,6.0,4.0,1.0,,1.0,1.0,,1.0,,1.0,1.0,,1.0,,1.0,1.0,1.0,,1.0,,1.0,1.0,1.0,1.0,1.0,1.0,,,,,,6.75,8.75,6.25,9.0,5.0,1.5
334,Stockholm,2024-05-17,1,2323.0,4.80,30,5.0,4.0,,,,,1.0,,,1.0,1.0,1.0,1.0,1.0,,1.0,,1.0,1.0,,,,,,,1.0,,,1.0,1.0,,6.75,8.75,6.25,9.0,5.0,1.5
335,Stockholm,2024-05-17,1,1473.0,4.67,3,1.0,1.0,1.0,1.0,,1.0,,1.0,1.0,1.0,1.0,1.0,1.0,1.0,1.0,1.0,1.0,1.0,1.0,,1.0,,,,1.0,1.0,,,,,,6.75,8.75,6.25,9.0,5.0,1.5
336,Stockholm,2024-05-17,1,1656.0,,,,1.0,,,,,1.0,,,1.0,1.0,1.0,,,,,,1.0,1.0,,,,,,,1.0,,,,,,6.75,8.75,6.25,9.0,5.0,1.5
337,Stockholm,2024-05-17,1,2439.0,5.0,8,2.0,1.0,1.0,1.0,,1.0,,1.0,1.0,1.0,1.0,1.0,1.0,1.0,1.0,1.0,1.0,1.0,1.0,,1.0,,,1.0,1.0,1.0,,,,,,6.75,8.75,6.25,9.0,5.0,1.5
338,Stockholm,2024-05-17,1,1515.0,,,7.0,5.0,1.0,1.0,,1.0,1.0,1.0,,1.0,1.0,1.0,1.0,1.0,1.0,1.0,1.0,1.0,1.0,1.0,1.0,,,,1.0,1.0,1.0,,1.0,,,6.75,8.75,6.25,9.0,5.0,1.5
339,Stockholm,2024-05-17,1,2818.0,,,3.0,3.0,1.0,,1.0,1.0,,1.0,1.0,1.0,1.0,1.0,1.0,1.0,1.0,1.0,,1.0,1.0,,1.0,,,,1.0,1.0,,,,,,6.75,8.75,6.25,9.0,5.0,1.5
340,Stockholm,2024-05-17,1,2343.0,5.0,6,4.0,4.0,1.0,1.0,,1.0,1.0,1.0,,1.0,1.0,1.0,1.0,,,1.0,,1.0,1.0,1.0,,1.0,1.0,1.0,,1.0,,1.0,,,,6.75,8.75,6.25,9.0,5.0,1.5
341,Stockholm,2024-05-17,1,1744.0,4.30,64,4.0,4.0,,,,,1.0,,,1.0,1.0,1.0,1.0,,,,,1.0,1.0,,,,,1.0,,1.0,,,,,,6.75,8.75,6.25,9.0,5.0,1.5
342,Stockholm,2024-05-17,1,1706.0,,,,1.0,1.0,1.0,,,1.0,,,1.0,1.0,1.0,1.0,,,,,,,,,,,1.0,,1.0,,1.0,,,,6.75,8.75,6.25,9.0,5.0,1.5
343,Stockholm,2024-05-17,1,1550.0,,,8.0,3.0,1.0,1.0,1.0,,1.0,1.0,,1.0,1.0,1.0,1.0,1.0,1.0,1.0,1.0,,1.0,1.0,,,,,,1.0,,,1.0,,,6.75,8.75,6.25,9.0,5.0,1.5
344,Stockholm,2024-05-17,1,1335.0,4.67,3,6.0,3.0,,,,,1.0,,,1.0,1.0,1.0,1.0,,,,,1.0,1.0,,,,,,,1.0,,,1.0,,,6.75,8.75,6.25,9.0,5.0,1.5
345,Stockholm,2024-05-17,1,2447.0,,,1.0,1.0,1.0,1.0,,1.0,,1.0,1.0,1.0,1.0,1.0,1.0,1.0,1.0,1.0,,1.0,1.0,,1.0,,,1.0,1.0,1.0,1.0,,,,,6.75,8.75,6.25,9.0,5.0,1.5
346,Stockholm,2024-05-17,1,2126.0,,,2.0,1.0,1.0,1.0,,1.0,,1.0,,1.0,1.0,1.0,1.0,1.0,1.0,1.0,1.0,1.0,1.0,,1.0,,,1.0,1.0,1.0,,,,,,6.75,8.75,6.25,9.0,5.0,1.5
347,Stockholm,2024-05-17,1,2818.0,,,,1.0,1.0,1.0,1.0,1.0,,1.0,,1.0,1.0,1.0,1.0,1.0,1.0,,1.0,1.0,1.0,,,1.0,1.0,1.0,1.0,1.0,,,,,,6.75,8.75,6.25,9.0,5.0,1.5
348,Stockholm,2024-05-17,1,2818.0,4.67,3,2.0,1.0,1.0,,1.0,1.0,,1.0,1.0,1.0,1.0,1.0,1.0,,,,,1.0,1.0,,,,,,1.0,1.0,,,,,1.0,6.75,8.75,6.25,9.0,5.0,1.5
349,Stockholm,2024-05-17,1,1706.0,5.0,9,2.0,1.0,1.0,1.0,1.0,,,1.0,,1.0,1.0,1.0,,,,,1.0,,1.0,,,,,1.0,,1.0,,,,,,6.75,8.75,6.25,9.0,5.0,1.5
350,Stockholm,2024-05-17,1,1399.0,,,5.0,4.0,,,,,1.0,,,1.0,1.0,1.0,1.0,,,1.0,1.0,1.0,1.0,,,,,,,1.0,,1.0,1.0,1.0,,6.75,8.75,6.25,9.0,5.0,1.5
351,Stockholm,2024-05-17,1,2347.0,,,3.0,1.0,,,,,,,,1.0,1.0,1.0,1.0,,,,,1.0,1.0,,,,,,,1.0,,,,,,6.75,8.75,6.25,9.0,5.0,1.5
352,Stockholm,2024-05-17,1,1261.0,,,1.0,1.0,1.0,1.0,,1.0,,1.0,1.0,1.0,1.0,1.0,1.0,1.0,1.0,1.0,,1.0,1.0,,1.0,,,1.0,1.0,1.0,1.0,,,,,6.75,8.75,6.25,9.0,5.0,1.5
353,Stockholm,2024-05-17,1,2221.0,,,3.0,3.0,1.0,,1.0,1.0,,1.0,1.0,1.0,1.0,1.0,1.0,1.0,1.0,1.0,,1.0,1.0,,1.0,,,,1.0,1.0,,,,,,6.75,8.75,6.25,9.0,5.0,1.5
354,Stockholm,2024-05-17,1,1872.0,,,8.0,5.0,,,,,1.0,,,1.0,1.0,1.0,1.0,,,,,1.0,1.0,,,,,,,1.0,,,1.0,1.0,,6.75,8.75,6.25,9.0,5.0,1.5
355,Stockholm,2024-05-17,1,1899.0,4.29,38,4.0,3.0,,,,,1.0,1.0,,,1.0,1.0,1.0,,,,1.0,,1.0,,,,,,,,,,,,,6.75,8.75,6.25,9.0,5.0,1.5
356,Stockholm,2024-05-17,1,2398.0,,,,1.0,1.0,1.0,1.0,1.0,1.0,1.0,1.0,1.0,1.0,1.0,1.0,1.0,1.0,1.0,1.0,1.0,1.0,,,1.0,1.0,,1.0,1.0,,1.0,,,,6.75,8.75,6.25,9.0,5.0,1.5
357,Stockholm,2024-05-17,1,1237.0,,,1.0,1.0,1.0,1.0,1.0,1.0,1.0,1.0,1.0,1.0,1.0,1.0,1.0,1.0,,1.0,1.0,,1.0,,1.0,,,,1.0,1.0,,,,,,6.75,8.75,6.25,9.0,5.0,1.5
358,Stockholm,2024-05-17,1,2864.0,4.72,20,7.0,5.0,1.0,,,1.0,,,,1.0,1.0,,1.0,1.0,,1.0,1.0,1.0,1.0,,,1.0,1.0,,,1.0,,1.0,,,,6.75,8.75,6.25,9.0,5.0,1.5
359,Stockholm,2024-05-17,1,2299.0,4.63,19,3.0,2.0,1.0,,1.0,1.0,,1.0,,1.0,1.0,1.0,1.0,1.0,1.0,1.0,,1.0,1.0,,1.0,,,,1.0,1.0,,,,,,6.75,8.75,6.25,9.0,5.0,1.5
360,Stockholm,2024-05-17,1,1780.0,,,1.0,1.0,1.0,1.0,1.0,1.0,1.0,1.0,1.0,1.0,1.0,1.0,1.0,1.0,,1.0,1.0,,1.0,,1.0,,,,1.0,1.0,,,,,,6.75,8.75,6.25,9.0,5.0,1.5
361,Stockholm,2024-05-17,1,2037.0,,,7.0,6.0,,,,,1.0,,,1.0,1.0,1.0,1.0,,,,,1.0,,,,,,,,1.0,,,,,,6.75,8.75,6.25,9.0,5.0,1.5
362,Stockholm,2024-05-17,1,2422.0,4.75,4,1.0,1.0,1.0,1.0,,1.0,,1.0,1.0,1.0,1.0,1.0,1.0,1.0,1.0,1.0,,1.0,1.0,,1.0,,,1.0,1.0,1.0,1.0,,,,,6.75,8.75,6.25,9.0,5.0,1.5
363,Stockholm,2024-05-17,1,1253.0,,,2.0,2.0,1.0,,1.0,,,,,1.0,,,1.0,,,1.0,1.0,1.0,1.0,,,1.0,1.0,,,1.0,,,,,,6.75,8.75,6.25,9.0,5.0,1.5
364,Stockholm,2024-05-17,1,2439.0,,,1.0,1.0,1.0,1.0,,1.0,,1.0,1.0,1.0,1.0,1.0,1.0,1.0,1.0,1.0,,1.0,1.0,,1.0,,,1.0,1.0,1.0,1.0,,,,,6.75,8.75,6.25,9.0,5.0,1.5
365,Stockholm,2024-05-17,1,2007.0,,,3.0,2.0,1.0,,1.0,1.0,,1.0,1.0,1.0,1.0,1.0,1.0,1.0,1.0,1.0,,1.0,1.0,,1.0,,,,1.0,1.0,,,,,,6.75,8.75,6.25,9.0,5.0,1.5
366,Stockholm,2024-05-17,1,2439.0,,,2.0,1.0,1.0,1.0,1.0,1.0,1.0,1.0,1.0,1.0,1.0,1.0,1.0,,,1.0,,1.0,1.0,,,,,,,1.0,,,,1.0,,6.75,8.75,6.25,9.0,5.0,1.5
367,Stockholm,2024-05-17,1,2241.0,4.41,17,4.0,2.0,,,,,1.0,,,1.0,1.0,1.0,1.0,1.0,,1.0,1.0,1.0,1.0,,,,,,,1.0,,,1.0,1.0,,6.75,8.75,6.25,9.0,5.0,1.5
368,Stockholm,2024-05-17,1,2584.0,4.57,173,1.0,1.0,1.0,1.0,,1.0,,1.0,1.0,1.0,1.0,1.0,1.0,1.0,1.0,1.0,,1.0,1.0,,1.0,,,1.0,1.0,1.0,1.0,,,,,6.75,8.75,6.25,9.0,5.0,1.5
369,Stockholm,2024-05-17,1,1829.0,,,1.0,1.0,1.0,1.0,1.0,1.0,1.0,1.0,1.0,1.0,1.0,1.0,1.0,1.0,,1.0,1.0,,1.0,,1.0,,,,1.0,1.0,,,,,,6.75,8.75,6.25,9.0,5.0,1.5
370,Stockholm,2024-05-17,1,2439.0,,,2.0,1.0,1.0,1.0,1.0,1.0,,1.0,1.0,1.0,1.0,,1.0,,,,,,1.0,,1.0,,,,1.0,1.0,1.0,,,1.0,,6.75,8.75,6.25,9.0,5.0,1.5
371,Stockholm,2024-05-17,1,2422.0,4.63,24,,2.0,1.0,1.0,1.0,1.0,1.0,,1.0,1.0,1.0,1.0,1.0,1.0,1.0,1.0,1.0,1.0,1.0,,,1.0,1.0,,1.0,1.0,,,,,,6.75,8.75,6.25,9.0,5.0,1.5
372,Stockholm,2024-05-17,1,2837.0,,,2.0,1.0,1.0,1.0,,1.0,,1.0,1.0,1.0,1.0,1.0,1.0,1.0,1.0,1.0,1.0,1.0,1.0,,1.0,,,1.0,1.0,1.0,,,,1.0,,6.75,8.75,6.25,9.0,5.0,1.5
373,Stockholm,2024-05-17,1,1335.0,,,2.0,1.0,1.0,1.0,,1.0,,1.0,1.0,1.0,1.0,1.0,1.0,1.0,1.0,1.0,1.0,1.0,1.0,,1.0,,,1.0,1.0,1.0,,,,,,6.75,8.75,6.25,9.0,5.0,1.5
374,Stockholm,2024-05-17,1,2629.0,5.0,4,1.0,1.0,1.0,1.0,,1.0,,1.0,1.0,1.0,1.0,1.0,1.0,1.0,1.0,1.0,,1.0,1.0,,1.0,,,1.0,1.0,1.0,1.0,,,,,6.75,8.75,6.25,9.0,5.0,1.5
375,Stockholm,2024-05-17,1,2629.0,4.91,11,3.0,5.0,,,,,,,,,1.0,1.0,1.0,,,,,,,,,,,,,1.0,,,,,,6.75,8.75,6.25,9.0,5.0,1.5
376,Stockholm,2024-05-17,1,2439.0,,,1.0,1.0,1.0,1.0,,1.0,,1.0,1.0,1.0,1.0,1.0,1.0,1.0,,1.0,1.0,1.0,1.0,,1.0,,,,1.0,1.0,,,,,,6.75,8.75,6.25,9.0,5.0,1.5
377,Stockholm,2024-05-17,1,1863.0,4.08,12,1.0,1.0,1.0,1.0,,1.0,,1.0,1.0,1.0,1.0,1.0,1.0,1.0,1.0,1.0,,1.0,1.0,,1.0,,,1.0,1.0,1.0,1.0,,,,,6.75,8.75,6.25,9.0,5.0,1.5
378,Stockholm,2024-05-17,1,2439.0,5.0,8,4.0,4.0,1.0,1.0,1.0,,1.0,1.0,,1.0,1.0,1.0,1.0,1.0,,,,,1.0,,,,,,,1.0,,,1.0,,,6.75,8.75,6.25,9.0,5.0,1.5
379,Stockholm,2024-05-17,1,2439.0,,,1.0,1.0,1.0,1.0,1.0,1.0,,1.0,1.0,1.0,1.0,1.0,1.0,,,,,,1.0,,1.0,,,,1.0,1.0,1.0,,,1.0,,6.75,8.75,6.25,9.0,5.0,1.5
380,Stockholm,2024-05-17,1,2596.0,4.96,28,2.0,2.0,1.0,1.0,1.0,1.0,,1.0,1.0,1.0,1.0,1.0,1.0,1.0,,1.0,1.0,1.0,,,,,,,1.0,1.0,,,1.0,,,6.75,8.75,6.25,9.0,5.0,1.5
381,Stockholm,2024-05-17,1,2395.0,4.74,19,2.0,1.0,1.0,1.0,,1.0,,1.0,1.0,1.0,1.0,1.0,1.0,1.0,1.0,1.0,1.0,1.0,1.0,,1.0,,,1.0,1.0,1.0,,,,,,6.75,8.75,6.25,9.0,5.0,1.5
382,Stockholm,2024-05-17,1,1978.0,4.60,5,2.0,1.0,1.0,1.0,,1.0,,1.0,,1.0,1.0,1.0,1.0,1.0,1.0,1.0,1.0,1.0,1.0,,1.0,,,1.0,1.0,1.0,,,,,,6.75,8.75,6.25,9.0,5.0,1.5
383,Stockholm,2024-05-17,1,2818.0,,,2.0,1.0,1.0,1.0,1.0,,,1.0,,1.0,1.0,1.0,,,,,1.0,,1.0,,,,,1.0,,1.0,,,,,,6.75,8.75,6.25,9.0,5.0,1.5
384,Stockholm,2024-05-17,1,2818.0,5.0,6,2.0,2.0,,,,,,,,1.0,,,1.0,,,,,1.0,1.0,,,,,,,,,,,,,6.75,8.75,6.25,9.0,5.0,1.5
385,Stockholm,2024-05-17,1,2662.0,,,2.0,1.0,1.0,1.0,1.0,,1.0,1.0,,1.0,1.0,1.0,1.0,1.0,,1.0,,,1.0,,1.0,,,,,1.0,,,,,,6.75,8.75,6.25,9.0,5.0,1.5
386,Stockholm,2024-05-17,1,2225.0,,,2.0,1.0,1.0,1.0,1.0,1.0,,1.0,1.0,1.0,1.0,1.0,1.0,,,,,,1.0,,1.0,,,,,,,,,,,6.75,8.75,6.25,9.0,5.0,1.5
387,Stockholm,2024-05-17,1,2867.0,4.35,26,2.0,1.0,1.0,1.0,,1.0,,1.0,,1.0,1.0,1.0,1.0,1.0,1.0,1.0,1.0,1.0,1.0,,1.0,,,1.0,1.0,1.0,,,,,,6.75,8.75,6.25,9.0,5.0,1.5
388,Stockholm,2024-05-17,1,3487.0,,,1.0,1.0,1.0,1.0,,1.0,,1.0,1.0,1.0,1.0,1.0,1.0,1.0,1.0,1.0,,1.0,1.0,,1.0,,,1.0,1.0,1.0,1.0,,,,,6.75,8.75,6.25,9.0,5.0,1.5
389,Stockholm,2024-05-17,1,2818.0,,,1.0,1.0,1.0,1.0,,1.0,,1.0,1.0,1.0,1.0,1.0,1.0,1.0,1.0,1.0,,1.0,1.0,,1.0,,,1.0,1.0,1.0,1.0,,,,,6.75,8.75,6.25,9.0,5.0,1.5
390,Stockholm,2024-05-17,1,2439.0,,,1.0,1.0,1.0,1.0,,1.0,,1.0,1.0,1.0,1.0,1.0,1.0,1.0,1.0,1.0,,1.0,1.0,,1.0,,,1.0,1.0,1.0,1.0,,,,,6.75,8.75,6.25,9.0,5.0,1.5
391,Stockholm,2024-05-17,1,2629.0,,,2.0,1.0,1.0,1.0,,1.0,,1.0,1.0,1.0,1.0,1.0,1.0,1.0,1.0,1.0,1.0,1.0,1.0,,1.0,,,1.0,1.0,1.0,,,,,,6.75,8.75,6.25,9.0,5.0,1.5
392,Stockholm,2024-05-17,1,2439.0,,,2.0,1.0,1.0,1.0,,1.0,1.0,1.0,1.0,1.0,1.0,1.0,1.0,1.0,1.0,1.0,1.0,1.0,1.0,,1.0,,,,1.0,1.0,,,,1.0,,6.75,8.75,6.25,9.0,5.0,1.5
393,Stockholm,2024-05-17,1,2629.0,5.0,4,1.0,1.0,1.0,1.0,,1.0,,1.0,1.0,1.0,1.0,1.0,1.0,1.0,1.0,1.0,,1.0,1.0,,1.0,,,1.0,1.0,1.0,1.0,,,,,6.75,8.75,6.25,9.0,5.0,1.5
394,Stockholm,2024-05-17,1,2629.0,,,1.0,1.0,1.0,1.0,,1.0,,1.0,1.0,1.0,1.0,1.0,1.0,1.0,,1.0,1.0,1.0,1.0,,1.0,,,1.0,1.0,1.0,,,,,,6.75,8.75,6.25,9.0,5.0,1.5
395,Stockholm,2024-05-17,1,2439.0,,,1.0,1.0,1.0,1.0,,1.0,,1.0,1.0,1.0,1.0,1.0,1.0,1.0,1.0,1.0,,1.0,1.0,,1.0,,,1.0,1.0,1.0,1.0,,,,,6.75,8.75,6.25,9.0,5.0,1.5
396,Stockholm,2024-05-17,1,2439.0,5.0,3,2.0,1.0,1.0,1.0,,1.0,1.0,1.0,1.0,1.0,1.0,1.0,1.0,1.0,1.0,1.0,1.0,1.0,1.0,,1.0,,,,1.0,1.0,,,,,,6.75,8.75,6.25,9.0,5.0,1.5
397,Stockholm,2024-05-17,1,2818.0,,,,1.0,1.0,1.0,1.0,,1.0,1.0,,1.0,1.0,1.0,1.0,,,,,,1.0,,,,,1.0,,1.0,,,1.0,,1.0,6.75,8.75,6.25,9.0,5.0,1.5
398,Stockholm,2024-05-17,1,2742.0,5.0,4,2.0,1.0,1.0,1.0,,1.0,,1.0,1.0,1.0,1.0,1.0,1.0,1.0,1.0,1.0,1.0,1.0,1.0,,1.0,,,1.0,1.0,1.0,,,,,,6.75,8.75,6.25,9.0,5.0,1.5
399,Stockholm,2024-05-17,1,2225.0,,,1.0,1.0,1.0,1.0,,1.0,,1.0,1.0,1.0,1.0,1.0,1.0,1.0,1.0,1.0,,1.0,1.0,,1.0,,,1.0,1.0,1.0,1.0,,,,,6.75,8.75,6.25,9.0,5.0,1.5
400,Stockholm,2024-05-17,1,2818.0,,,1.0,1.0,1.0,1.0,,1.0,,1.0,1.0,1.0,1.0,1.0,1.0,1.0,1.0,1.0,,1.0,1.0,,1.0,,,1.0,1.0,1.0,1.0,,,,,6.75,8.75,6.25,9.0,5.0,1.5
401,Stockholm,2024-05-17,1,2629.0,,,4.0,2.0,,,,,,,,,1.0,1.0,1.0,,,,,1.0,,,,,,,,1.0,,,,,,6.75,8.75,6.25,9.0,5.0,1.5
402,Stockholm,2024-05-17,1,2439.0,,,2.0,2.0,1.0,1.0,1.0,1.0,,1.0,1.0,1.0,1.0,,1.0,,,1.0,,,1.0,,1.0,,,,,,,,,,,6.75,8.75,6.25,9.0,5.0,1.5
403,Stockholm,2024-05-17,1,1928.0,,,3.0,1.0,1.0,,1.0,,1.0,,,1.0,1.0,1.0,1.0,,,,,,1.0,,,,,,,1.0,,,,,,6.75,8.75,6.25,9.0,5.0,1.5
404,Stockholm,2024-05-17,1,3487.0,,,1.0,1.0,1.0,1.0,,1.0,,1.0,1.0,1.0,1.0,1.0,1.0,1.0,1.0,1.0,,1.0,1.0,,1.0,,,1.0,1.0,1.0,1.0,,,,,6.75,8.75,6.25,9.0,5.0,1.5
405,Stockholm,2024-05-17,1,2781.0,5.0,6,1.0,1.0,1.0,1.0,,1.0,,1.0,,1.0,1.0,1.0,1.0,1.0,1.0,1.0,1.0,1.0,1.0,,1.0,,,1.0,,1.0,1.0,,,,,6.75,8.75,6.25,9.0,5.0,1.5
406,Stockholm,2024-05-17,1,2439.0,,,1.0,1.0,1.0,1.0,,1.0,,1.0,1.0,1.0,1.0,1.0,1.0,1.0,1.0,1.0,,1.0,1.0,,1.0,,,1.0,1.0,1.0,1.0,,,,,6.75,8.75,6.25,9.0,5.0,1.5
407,Stockholm,2024-05-17,1,2805.0,4.67,3,2.0,2.0,1.0,1.0,1.0,,,1.0,,1.0,1.0,,1.0,,,,1.0,,1.0,,1.0,,,,,,,,,,,6.75,8.75,6.25,9.0,5.0,1.5
408,Stockholm,2024-05-17,1,2439.0,,,1.0,1.0,1.0,1.0,,1.0,,1.0,1.0,1.0,1.0,1.0,1.0,1.0,1.0,1.0,,1.0,1.0,,1.0,,,1.0,1.0,1.0,1.0,,,,,6.75,8.75,6.25,9.0,5.0,1.5
409,Stockholm,2024-05-17,1,3120.0,4.85,138,2.0,1.0,1.0,1.0,,1.0,,1.0,1.0,1.0,1.0,1.0,1.0,1.0,1.0,1.0,1.0,1.0,1.0,,1.0,,,1.0,1.0,1.0,,,,1.0,,6.75,8.75,6.25,9.0,5.0,1.5
410,Stockholm,2024-05-17,1,2439.0,,,1.0,1.0,1.0,1.0,,1.0,,1.0,1.0,1.0,1.0,1.0,1.0,1.0,1.0,1.0,,1.0,1.0,,1.0,,,1.0,1.0,1.0,1.0,,,,,6.75,8.75,6.25,9.0,5.0,1.5
411,Stockholm,2024-05-17,1,2629.0,,,2.0,1.0,1.0,1.0,,1.0,,1.0,1.0,1.0,1.0,1.0,1.0,1.0,1.0,1.0,1.0,1.0,1.0,,1.0,,,1.0,1.0,1.0,,,,,,6.75,8.75,6.25,9.0,5.0,1.5
412,Stockholm,2024-05-17,1,2439.0,,,2.0,1.0,1.0,1.0,,1.0,,1.0,1.0,1.0,1.0,1.0,1.0,1.0,1.0,1.0,1.0,1.0,1.0,,1.0,,,1.0,1.0,1.0,,,,,,6.75,8.75,6.25,9.0,5.0,1.5
413,Stockholm,2024-05-17,1,2818.0,5.0,3,1.0,1.0,,,,,,1.0,,1.0,1.0,,1.0,,,,,,1.0,,1.0,,,1.0,,1.0,,,,,,6.75,8.75,6.25,9.0,5.0,1.5
414,Stockholm,2024-05-17,1,2818.0,4.33,3,1.0,1.0,1.0,1.0,,1.0,,1.0,1.0,1.0,1.0,1.0,1.0,1.0,1.0,1.0,,1.0,1.0,,1.0,,,1.0,1.0,1.0,1.0,,,,,6.75,8.75,6.25,9.0,5.0,1.5
415,Stockholm,2024-05-17,1,2287.0,,,1.0,1.0,1.0,1.0,,1.0,,1.0,1.0,1.0,1.0,1.0,1.0,1.0,1.0,1.0,,1.0,1.0,,1.0,,,1.0,1.0,1.0,1.0,,,,,6.75,8.75,6.25,9.0,5.0,1.5
416,Stockholm,2024-05-17,1,2629.0,,,1.0,1.0,1.0,1.0,,1.0,,1.0,1.0,1.0,1.0,1.0,1.0,1.0,1.0,1.0,,1.0,1.0,,1.0,,,1.0,1.0,1.0,1.0,,,,,6.75,8.75,6.25,9.0,5.0,1.5
417,Stockholm,2024-05-17,1,2439.0,,,1.0,1.0,,,,,,,,1.0,,,1.0,,,,1.0,,,,,,,1.0,,1.0,,,,,,6.75,8.75,6.25,9.0,5.0,1.5
418,Stockholm,2024-05-17,1,2629.0,,,2.0,1.0,1.0,1.0,,1.0,,1.0,1.0,1.0,1.0,1.0,1.0,1.0,1.0,1.0,1.0,1.0,1.0,,1.0,,,1.0,1.0,1.0,,,,,,6.75,8.75,6.25,9.0,5.0,1.5
419,Stockholm,2024-05-17,1,2287.0,,,8.0,4.0,1.0,,1.0,,1.0,,,1.0,1.0,1.0,1.0,,,,,,1.0,1.0,,,,1.0,,1.0,,,1.0,,,6.75,8.75,6.25,9.0,5.0,1.5
420,Stockholm,2024-05-17,1,2629.0,4.67,3,,1.0,,,,,,1.0,,1.0,1.0,1.0,1.0,,,,,,1.0,,1.0,,,,,1.0,,,,,,6.75,8.75,6.25,9.0,5.0,1.5
421,Stockholm,2024-05-17,1,1943.0,4.50,4,3.0,1.0,,,,,1.0,,,1.0,1.0,1.0,1.0,1.0,,,,1.0,,,,,,,,1.0,,,,,,6.75,8.75,6.25,9.0,5.0,1.5
422,Stockholm,2024-05-17,1,1545.0,,,1.0,1.0,1.0,,,1.0,,1.0,,1.0,1.0,1.0,1.0,,,,,,1.0,,,,,,,1.0,,,,,,6.75,8.75,6.25,9.0,5.0,1.5
423,Stockholm,2024-05-17,1,2225.0,,,1.0,1.0,1.0,1.0,1.0,1.0,,1.0,,1.0,1.0,,1.0,,,,,,1.0,,1.0,,,,,,,,,,,6.75,8.75,6.25,9.0,5.0,1.5
424,Stockholm,2024-05-17,1,1928.0,,,,1.0,1.0,,,1.0,1.0,,,1.0,,,1.0,,,,1.0,1.0,,,,,,1.0,,1.0,,,,1.0,,6.75,8.75,6.25,9.0,5.0,1.5
425,Stockholm,2024-05-17,1,3120.0,4.79,131,,1.0,,,,,1.0,1.0,,1.0,,,1.0,,,,,,1.0,,,,,1.0,,1.0,,,,,,6.75,8.75,6.25,9.0,5.0,1.5
426,Stockholm,2024-05-17,1,1545.0,,,,2.0,1.0,1.0,1.0,1.0,1.0,1.0,,1.0,1.0,,1.0,1.0,,1.0,1.0,1.0,1.0,,1.0,,,1.0,,1.0,1.0,,1.0,,,6.75,8.75,6.25,9.0,5.0,1.5
427,Stockholm,2024-05-17,1,1545.0,,,1.0,1.0,,,,,,,,1.0,,,1.0,,,,,1.0,,,,,,1.0,,,,,,,,6.75,8.75,6.25,9.0,5.0,1.5
428,Stockholm,2024-05-17,1,2038.0,,,5.0,3.0,,,,,,,,1.0,1.0,1.0,1.0,,,,,,,,,,,,,1.0,,,,,,6.75,8.75,6.25,9.0,5.0,1.5
429,Stockholm,2024-05-17,1,2323.0,,,6.0,4.0,1.0,1.0,1.0,1.0,,1.0,,1.0,1.0,1.0,1.0,1.0,1.0,1.0,1.0,1.0,1.0,,1.0,1.0,1.0,1.0,1.0,1.0,,1.0,,,,6.75,8.75,6.25,9.0,5.0,1.5
430,Stockholm,2024-05-17,1,1261.0,,,6.0,5.0,1.0,1.0,1.0,1.0,1.0,1.0,,1.0,1.0,1.0,1.0,1.0,1.0,1.0,1.0,1.0,1.0,1.0,1.0,1.0,1.0,1.0,1.0,1.0,,1.0,,,,6.75,8.75,6.25,9.0,5.0,1.5
431,Stockholm,2024-05-17,1,3151.0,5.0,24,2.0,3.0,1.0,1.0,1.0,1.0,,1.0,1.0,1.0,1.0,1.0,1.0,1.0,1.0,1.0,1.0,1.0,1.0,,1.0,1.0,1.0,,1.0,1.0,1.0,1.0,,,,6.75,8.75,6.25,9.0,5.0,1.5
432,Stockholm,2024-05-17,1,4096.0,5.0,10,10.0,6.0,1.0,1.0,1.0,1.0,,1.0,1.0,1.0,1.0,1.0,1.0,1.0,1.0,1.0,1.0,1.0,1.0,1.0,,1.0,1.0,,1.0,1.0,,1.0,,,,6.75,8.75,6.25,9.0,5.0,1.5
433,Stockholm,2024-05-17,1,3634.0,4.97,35,8.0,4.0,1.0,1.0,,1.0,1.0,1.0,,1.0,1.0,1.0,1.0,1.0,1.0,1.0,1.0,1.0,1.0,,,1.0,1.0,,,1.0,,1.0,,,,6.75,8.75,6.25,9.0,5.0,1.5
434,Stockholm,2024-05-17,1,5191.0,4.89,9,7.0,5.0,1.0,1.0,1.0,1.0,,1.0,,1.0,1.0,1.0,1.0,1.0,1.0,1.0,1.0,1.0,1.0,,,1.0,1.0,,1.0,1.0,,1.0,,1.0,,6.75,8.75,6.25,9.0,5.0,1.5
435,Stockholm,2024-05-17,1,4672.0,4.88,16,8.0,4.0,1.0,,,1.0,,1.0,,1.0,1.0,,1.0,1.0,1.0,1.0,1.0,1.0,1.0,,1.0,1.0,1.0,1.0,1.0,1.0,,1.0,,,,6.75,8.75,6.25,9.0,5.0,1.5
436,Stockholm,2024-05-17,1,3333.0,5.0,26,8.0,3.0,1.0,1.0,1.0,1.0,,1.0,,1.0,1.0,1.0,1.0,1.0,1.0,1.0,1.0,1.0,1.0,1.0,1.0,1.0,1.0,1.0,,1.0,1.0,1.0,,,,6.75,8.75,6.25,9.0,5.0,1.5
437,Stockholm,2024-05-17,1,4597.0,5.0,5,11.0,6.0,1.0,1.0,,1.0,1.0,1.0,1.0,1.0,1.0,1.0,1.0,1.0,1.0,1.0,1.0,1.0,1.0,,1.0,1.0,1.0,1.0,1.0,1.0,1.0,,1.0,,,6.75,8.75,6.25,9.0,5.0,1.5
438,Stockholm,2024-05-17,1,4223.0,,,8.0,5.0,1.0,1.0,,1.0,1.0,1.0,,1.0,1.0,1.0,1.0,1.0,1.0,1.0,1.0,1.0,1.0,1.0,1.0,1.0,1.0,,1.0,1.0,1.0,1.0,1.0,,,6.75,8.75,6.25,9.0,5.0,1.5
439,Stockholm,2024-05-17,1,4943.0,5.0,5,5.0,5.0,,,,,1.0,,,1.0,1.0,1.0,1.0,,,,,1.0,1.0,,,,,,,1.0,,,1.0,,,6.75,8.75,6.25,9.0,5.0,1.5
440,Stockholm,2024-05-17,1,3263.0,4.83,13,6.0,5.0,1.0,1.0,1.0,1.0,,1.0,,1.0,1.0,1.0,1.0,,1.0,1.0,1.0,1.0,1.0,,1.0,1.0,1.0,1.0,1.0,1.0,,1.0,,1.0,,6.75,8.75,6.25,9.0,5.0,1.5
441,Stockholm,2024-05-17,1,4696.0,5.0,6,6.0,5.0,1.0,1.0,1.0,1.0,1.0,1.0,1.0,1.0,1.0,1.0,1.0,1.0,1.0,1.0,1.0,1.0,1.0,1.0,1.0,,,1.0,,1.0,,1.0,,1.0,,6.75,8.75,6.25,9.0,5.0,1.5
442,Stockholm,2024-05-17,1,4227.0,5.0,5,8.0,4.0,1.0,,1.0,1.0,1.0,1.0,1.0,1.0,1.0,1.0,1.0,1.0,1.0,1.0,1.0,1.0,1.0,,1.0,1.0,1.0,1.0,1.0,1.0,,1.0,,,,6.75,8.75,6.25,9.0,5.0,1.5
443,Stockholm,2024-05-17,1,4326.0,5.0,9,6.0,3.0,1.0,1.0,1.0,1.0,,1.0,,1.0,1.0,1.0,1.0,1.0,1.0,1.0,1.0,1.0,1.0,,1.0,,,,1.0,1.0,,,,,,6.75,8.75,6.25,9.0,5.0,1.5
444,Stockholm,2024-05-17,1,2966.0,5.0,6,8.0,3.0,1.0,1.0,1.0,1.0,1.0,,1.0,1.0,1.0,1.0,1.0,1.0,1.0,1.0,,1.0,1.0,1.0,1.0,1.0,1.0,1.0,,1.0,1.0,1.0,1.0,1.0,,6.75,8.75,6.25,9.0,5.0,1.5
445,Stockholm,2024-05-17,1,3782.0,5.0,18,2.0,1.0,,,,,,,,1.0,1.0,1.0,1.0,,,,,,,,,,,,,1.0,,,,,,6.75,8.75,6.25,9.0,5.0,1.5
446,Stockholm,2024-05-17,1,3893.0,4.50,6,8.0,6.0,1.0,1.0,1.0,1.0,,1.0,1.0,1.0,1.0,,1.0,1.0,1.0,1.0,1.0,1.0,1.0,,1.0,1.0,1.0,1.0,1.0,1.0,,1.0,,1.0,,6.75,8.75,6.25,9.0,5.0,1.5
447,Stockholm,2024-05-17,1,2991.0,4.88,17,10.0,6.0,1.0,1.0,1.0,1.0,1.0,1.0,,1.0,1.0,1.0,1.0,1.0,1.0,1.0,1.0,1.0,1.0,1.0,1.0,1.0,1.0,1.0,1.0,1.0,,1.0,,,,6.75,8.75,6.25,9.0,5.0,1.5
448,Stockholm,2024-05-17,1,5191.0,5.0,14,6.0,3.0,1.0,1.0,1.0,1.0,,1.0,,1.0,1.0,,1.0,1.0,1.0,1.0,1.0,1.0,1.0,1.0,1.0,1.0,1.0,1.0,1.0,1.0,1.0,1.0,,,,6.75,8.75,6.25,9.0,5.0,1.5
449,Stockholm,2024-05-17,1,3987.0,4.78,9,4.0,1.0,1.0,1.0,1.0,1.0,1.0,1.0,1.0,1.0,1.0,1.0,1.0,1.0,,,,,,,1.0,,,,,1.0,,,,,,6.75,8.75,6.25,9.0,5.0,1.5
450,Stockholm,2024-05-17,1,4862.0,5.0,3,4.0,4.0,1.0,,1.0,1.0,,1.0,,1.0,1.0,1.0,1.0,1.0,1.0,1.0,1.0,1.0,1.0,,1.0,1.0,1.0,1.0,1.0,1.0,,,,,,6.75,8.75,6.25,9.0,5.0,1.5
451,Stockholm,2024-05-17,1,4566.0,4.34,38,7.0,4.0,1.0,1.0,1.0,1.0,,1.0,,1.0,1.0,,1.0,1.0,1.0,1.0,1.0,1.0,1.0,,1.0,1.0,1.0,,,1.0,1.0,1.0,,,,6.75,8.75,6.25,9.0,5.0,1.5
452,Stockholm,2024-05-17,1,3905.0,5.0,18,8.0,3.0,1.0,1.0,,1.0,,1.0,1.0,1.0,1.0,1.0,1.0,1.0,1.0,1.0,1.0,1.0,1.0,,,1.0,1.0,1.0,1.0,1.0,,1.0,,,,6.75,8.75,6.25,9.0,5.0,1.5
453,Stockholm,2024-05-17,1,4820.0,,,8.0,5.0,1.0,1.0,,1.0,1.0,1.0,,1.0,1.0,1.0,1.0,1.0,1.0,1.0,1.0,1.0,1.0,1.0,1.0,,,1.0,1.0,1.0,,,1.0,,,6.75,8.75,6.25,9.0,5.0,1.5
454,Stockholm,2024-05-17,1,4704.0,4.75,4,8.0,8.0,1.0,1.0,1.0,1.0,1.0,1.0,1.0,1.0,1.0,1.0,1.0,1.0,1.0,1.0,1.0,1.0,1.0,1.0,1.0,,,1.0,,1.0,,,1.0,,,6.75,8.75,6.25,9.0,5.0,1.5
455,Stockholm,2024-05-17,1,2956.0,4.69,13,8.0,4.0,1.0,1.0,1.0,1.0,,1.0,,1.0,1.0,1.0,1.0,1.0,1.0,1.0,1.0,1.0,1.0,,1.0,1.0,1.0,1.0,1.0,1.0,,1.0,1.0,1.0,,6.75,8.75,6.25,9.0,5.0,1.5
456,Stockholm,2024-05-17,1,4340.0,4.83,24,8.0,4.0,1.0,,,1.0,1.0,1.0,,1.0,1.0,1.0,1.0,,1.0,1.0,1.0,1.0,1.0,,1.0,,,1.0,1.0,1.0,1.0,,1.0,,,6.75,8.75,6.25,9.0,5.0,1.5
457,Stockholm,2024-05-17,1,3312.0,5.0,4,5.0,2.0,1.0,1.0,1.0,1.0,1.0,,,1.0,1.0,1.0,1.0,1.0,1.0,,,1.0,1.0,,,1.0,1.0,1.0,,1.0,,,,,,6.75,8.75,6.25,9.0,5.0,1.5
458,Stockholm,2024-05-17,1,4078.0,3.88,8,4.0,2.0,1.0,1.0,1.0,1.0,1.0,1.0,1.0,1.0,1.0,1.0,1.0,1.0,,1.0,1.0,,1.0,,1.0,,,,1.0,1.0,,,,1.0,,6.75,8.75,6.25,9.0,5.0,1.5
459,Stockholm,2024-05-17,1,3708.0,,,6.0,5.0,,,,,1.0,,,1.0,1.0,1.0,1.0,,,,1.0,1.0,1.0,,,,,,,1.0,,,1.0,,,6.75,8.75,6.25,9.0,5.0,1.5
460,Stockholm,2024-05-17,1,4202.0,,,8.0,12.0,1.0,1.0,1.0,1.0,,1.0,,1.0,1.0,,1.0,1.0,1.0,1.0,,1.0,1.0,,1.0,1.0,1.0,1.0,1.0,1.0,1.0,1.0,,,,6.75,8.75,6.25,9.0,5.0,1.5
461,Stockholm,2024-05-17,1,3196.0,,,3.0,1.0,,,,,,,,1.0,1.0,1.0,1.0,,,,,1.0,,,,,,,,1.0,,,,,,6.75,8.75,6.25,9.0,5.0,1.5
462,Stockholm,2024-05-17,1,2966.0,,,2.0,2.0,1.0,1.0,,1.0,1.0,1.0,1.0,1.0,1.0,1.0,1.0,1.0,1.0,1.0,,1.0,1.0,,1.0,,,1.0,1.0,1.0,1.0,,,,,6.75,8.75,6.25,9.0,5.0,1.5
463,Stockholm,2024-05-17,1,4647.0,5.0,3,3.0,1.0,1.0,1.0,,1.0,,1.0,1.0,1.0,1.0,1.0,1.0,1.0,1.0,1.0,1.0,1.0,1.0,,1.0,,,1.0,1.0,1.0,,,,,,6.75,8.75,6.25,9.0,5.0,1.5
464,Stockholm,2024-05-17,1,3374.0,,,2.0,1.0,1.0,1.0,,1.0,,1.0,1.0,1.0,1.0,1.0,1.0,1.0,1.0,1.0,,1.0,1.0,,1.0,,,1.0,1.0,1.0,1.0,,,,,6.75,8.75,6.25,9.0,5.0,1.5
465,Stockholm,2024-05-17,1,4330.0,,,2.0,1.0,1.0,1.0,,1.0,,1.0,,1.0,1.0,1.0,1.0,1.0,1.0,1.0,1.0,1.0,1.0,,1.0,,,1.0,1.0,1.0,,,,,,6.75,8.75,6.25,9.0,5.0,1.5
466,Stockholm,2024-05-17,1,3215.0,5.0,4,2.0,1.0,1.0,1.0,,1.0,,1.0,,1.0,1.0,1.0,1.0,,,1.0,1.0,1.0,1.0,,1.0,,,1.0,1.0,1.0,,,,,,6.75,8.75,6.25,9.0,5.0,1.5
467,Stockholm,2024-05-17,1,3196.0,,,4.0,2.0,1.0,1.0,1.0,1.0,1.0,1.0,1.0,1.0,1.0,1.0,1.0,1.0,,,,,1.0,,1.0,,,1.0,,1.0,,,,,,6.75,8.75,6.25,9.0,5.0,1.5
468,Stockholm,2024-05-17,1,3007.0,,,4.0,1.0,1.0,1.0,1.0,1.0,1.0,1.0,1.0,1.0,1.0,1.0,1.0,1.0,,,1.0,,,,1.0,,,,,1.0,,,,,,6.75,8.75,6.25,9.0,5.0,1.5
469,Stockholm,2024-05-17,1,3063.0,,,2.0,1.0,1.0,1.0,,1.0,,1.0,,1.0,1.0,1.0,1.0,1.0,1.0,1.0,1.0,1.0,1.0,,1.0,,,1.0,1.0,1.0,,,,,,6.75,8.75,6.25,9.0,5.0,1.5
470,Stockholm,2024-05-17,1,3719.0,4.50,48,2.0,2.0,1.0,1.0,,1.0,,1.0,,1.0,1.0,1.0,1.0,1.0,1.0,1.0,1.0,1.0,1.0,,1.0,,,1.0,1.0,1.0,,,,,,6.75,8.75,6.25,9.0,5.0,1.5
471,Stockholm,2024-05-17,1,4566.0,4.48,235,6.0,4.0,,,,,1.0,,,1.0,1.0,1.0,1.0,,,,,1.0,1.0,1.0,,,,,,1.0,,,1.0,,,6.75,8.75,6.25,9.0,5.0,1.5
472,Stockholm,2024-05-17,1,3007.0,,,2.0,2.0,1.0,1.0,1.0,1.0,,1.0,1.0,1.0,1.0,1.0,1.0,1.0,1.0,1.0,1.0,1.0,,,1.0,,,1.0,1.0,1.0,,,,,,6.75,8.75,6.25,9.0,5.0,1.5
473,Stockholm,2024-05-17,1,3952.0,,,6.0,2.0,1.0,,,1.0,,1.0,,1.0,1.0,,1.0,1.0,1.0,1.0,1.0,1.0,1.0,,,,,1.0,1.0,1.0,,1.0,,,,6.75,8.75,6.25,9.0,5.0,1.5
474,Stockholm,2024-05-17,1,3065.0,5.0,3,2.0,1.0,1.0,1.0,1.0,1.0,,1.0,1.0,1.0,1.0,1.0,1.0,1.0,1.0,1.0,1.0,1.0,1.0,,1.0,,,1.0,1.0,1.0,,,,,,6.75,8.75,6.25,9.0,5.0,1.5
475,Stockholm,2024-05-17,1,4190.0,4.72,207,,2.0,1.0,1.0,1.0,1.0,1.0,1.0,,1.0,1.0,,1.0,1.0,1.0,1.0,1.0,1.0,1.0,,,1.0,1.0,1.0,1.0,1.0,,1.0,,,,6.75,8.75,6.25,9.0,5.0,1.5
476,Stockholm,2024-05-17,1,2966.0,,,4.0,2.0,1.0,1.0,,1.0,,1.0,1.0,1.0,1.0,1.0,1.0,1.0,1.0,1.0,1.0,1.0,1.0,,1.0,,,1.0,1.0,1.0,,,,,,6.75,8.75,6.25,9.0,5.0,1.5
477,Stockholm,2024-05-17,1,3884.0,4.79,169,4.0,1.0,1.0,1.0,1.0,1.0,1.0,1.0,1.0,1.0,1.0,1.0,1.0,1.0,,,1.0,,,,1.0,,,,,1.0,,,,,,6.75,8.75,6.25,9.0,5.0,1.5
478,Stockholm,2024-05-17,1,3114.0,,,4.0,2.0,1.0,1.0,1.0,1.0,1.0,1.0,1.0,1.0,1.0,1.0,1.0,,,1.0,,,1.0,,,,,,1.0,1.0,,,,,,6.75,8.75,6.25,9.0,5.0,1.5
479,Stockholm,2024-05-17,1,3498.0,,,2.0,1.0,1.0,1.0,,1.0,,1.0,,1.0,1.0,1.0,1.0,,,1.0,1.0,1.0,1.0,,1.0,,,1.0,1.0,1.0,,,,,,6.75,8.75,6.25,9.0,5.0,1.5
480,Stockholm,2024-05-17,1,4806.0,4.86,7,4.0,1.0,1.0,1.0,1.0,1.0,1.0,1.0,1.0,1.0,1.0,1.0,1.0,1.0,1.0,,,,,,1.0,,,,,1.0,,,,,,6.75,8.75,6.25,9.0,5.0,1.5
481,Stockholm,2024-05-17,1,4507.0,4.69,35,8.0,4.0,,,,,,,,1.0,1.0,1.0,1.0,1.0,,,,1.0,1.0,,,,,,,1.0,,,,1.0,,6.75,8.75,6.25,9.0,5.0,1.5
482,Stockholm,2024-05-17,1,3063.0,4.75,4,6.0,5.0,,,,,1.0,,,1.0,1.0,1.0,1.0,,,,1.0,1.0,1.0,,,,,,,1.0,,,,1.0,,6.75,8.75,6.25,9.0,5.0,1.5
483,Stockholm,2024-05-17,1,4690.0,4.44,85,8.0,,1.0,,1.0,1.0,1.0,,1.0,1.0,1.0,1.0,1.0,1.0,1.0,,1.0,1.0,1.0,1.0,1.0,1.0,1.0,1.0,,1.0,1.0,1.0,,,,6.75,8.75,6.25,9.0,5.0,1.5
484,Stockholm,2024-05-17,1,3770.0,,,2.0,1.0,1.0,1.0,1.0,1.0,1.0,1.0,,1.0,1.0,1.0,1.0,1.0,,,,,1.0,,1.0,,,,,1.0,,,,,,6.75,8.75,6.25,9.0,5.0,1.5
485,Stockholm,2024-05-17,1,3856.0,,,2.0,1.0,1.0,1.0,1.0,,1.0,1.0,,1.0,1.0,1.0,1.0,,,,1.0,,,,,,,,,1.0,,,,,,6.75,8.75,6.25,9.0,5.0,1.5
486,Stockholm,2024-05-17,1,3880.0,,,2.0,1.0,1.0,1.0,1.0,,,1.0,,1.0,1.0,1.0,,,,,1.0,,1.0,,,,,1.0,,1.0,,,,,,6.75,8.75,6.25,9.0,5.0,1.5
487,Stockholm,2024-05-17,1,3471.0,4.51,39,2.0,1.0,1.0,1.0,,1.0,,1.0,1.0,1.0,1.0,1.0,1.0,1.0,1.0,1.0,,1.0,1.0,,1.0,,,1.0,1.0,1.0,1.0,,,,,6.75,8.75,6.25,9.0,5.0,1.5
488,Stockholm,2024-05-17,1,4511.0,4.92,15,8.0,8.0,1.0,1.0,1.0,1.0,1.0,1.0,1.0,1.0,1.0,1.0,1.0,1.0,1.0,,1.0,1.0,1.0,1.0,1.0,1.0,1.0,1.0,,1.0,1.0,,,,,6.75,8.75,6.25,9.0,5.0,1.5
489,Stockholm,2024-05-17,1,3439.0,,,7.0,5.0,1.0,1.0,1.0,1.0,,1.0,1.0,1.0,1.0,1.0,1.0,1.0,1.0,1.0,1.0,1.0,1.0,,1.0,,,,1.0,1.0,1.0,1.0,,1.0,,6.75,8.75,6.25,9.0,5.0,1.5
490,Stockholm,2024-05-17,1,4141.0,,,2.0,1.0,1.0,1.0,,1.0,,1.0,1.0,1.0,1.0,1.0,1.0,1.0,1.0,1.0,,1.0,1.0,,1.0,,,1.0,1.0,1.0,1.0,,,,,6.75,8.75,6.25,9.0,5.0,1.5
491,Stockholm,2024-05-17,1,3432.0,,,2.0,2.0,1.0,1.0,1.0,1.0,1.0,1.0,1.0,1.0,1.0,1.0,1.0,1.0,,1.0,1.0,,1.0,,1.0,,,,1.0,1.0,,,,,,6.75,8.75,6.25,9.0,5.0,1.5
492,Stockholm,2024-05-17,1,4449.0,4.50,10,,4.0,,,,,1.0,1.0,,1.0,1.0,1.0,1.0,,,1.0,1.0,,1.0,,1.0,,,,,1.0,,,,,,6.75,8.75,6.25,9.0,5.0,1.5
493,Stockholm,2024-05-17,1,3007.0,,,2.0,1.0,1.0,1.0,,1.0,,1.0,,1.0,1.0,1.0,1.0,1.0,1.0,1.0,1.0,1.0,1.0,,1.0,,,1.0,1.0,1.0,,,,,,6.75,8.75,6.25,9.0,5.0,1.5
494,Stockholm,2024-05-17,1,3757.0,,,2.0,1.0,1.0,1.0,,1.0,,1.0,1.0,1.0,1.0,1.0,1.0,1.0,1.0,1.0,,1.0,1.0,,1.0,,,1.0,1.0,1.0,1.0,,,,,6.75,8.75,6.25,9.0,5.0,1.5
495,Stockholm,2024-05-17,1,3040.0,4.80,5,4.0,2.0,1.0,1.0,,1.0,1.0,1.0,1.0,1.0,1.0,1.0,1.0,1.0,1.0,1.0,,1.0,1.0,,1.0,,,1.0,1.0,1.0,1.0,,,,,6.75,8.75,6.25,9.0,5.0,1.5
496,Stockholm,2024-05-17,1,3007.0,,,2.0,1.0,1.0,1.0,,1.0,,1.0,1.0,1.0,1.0,1.0,1.0,1.0,1.0,1.0,1.0,1.0,1.0,,1.0,,,1.0,1.0,1.0,,,,,,6.75,8.75,6.25,9.0,5.0,1.5
497,Stockholm,2024-05-17,1,3007.0,,,4.0,2.0,1.0,1.0,1.0,1.0,1.0,1.0,1.0,1.0,1.0,1.0,1.0,,,1.0,,,1.0,,,,,,1.0,1.0,,,,,,6.75,8.75,6.25,9.0,5.0,1.5
498,Stockholm,2024-05-17,1,3007.0,,,4.0,2.0,1.0,1.0,,1.0,1.0,1.0,1.0,1.0,1.0,1.0,1.0,1.0,1.0,1.0,,1.0,1.0,,1.0,,,1.0,1.0,1.0,1.0,,,,,6.75,8.75,6.25,9.0,5.0,1.5
499,Stockholm,2024-05-17,1,4330.0,,,3.0,1.0,1.0,1.0,,1.0,,1.0,1.0,1.0,1.0,1.0,1.0,1.0,1.0,1.0,1.0,1.0,1.0,,1.0,,,1.0,1.0,1.0,,,,,,6.75,8.75,6.25,9.0,5.0,1.5
500,Stockholm,2024-05-17,1,3498.0,,,2.0,1.0,1.0,1.0,,1.0,,1.0,1.0,1.0,1.0,1.0,1.0,1.0,1.0,1.0,1.0,1.0,1.0,,1.0,,,1.0,1.0,1.0,,,,,,6.75,8.75,6.25,9.0,5.0,1.5
501,Stockholm,2024-05-17,1,4790.0,4.80,5,4.0,2.0,1.0,1.0,,1.0,,1.0,1.0,1.0,1.0,1.0,1.0,1.0,1.0,1.0,,1.0,1.0,,1.0,,,1.0,1.0,1.0,1.0,,,,,6.75,8.75,6.25,9.0,5.0,1.5
502,Stockholm,2024-05-17,1,4708.0,,,2.0,1.0,,,,,,,,1.0,1.0,1.0,1.0,,,,,,,,,,,1.0,,1.0,,,,,,6.75,8.75,6.25,9.0,5.0,1.5
503,Stockholm,2024-05-17,1,3215.0,4.89,9,2.0,2.0,1.0,1.0,,1.0,,1.0,,1.0,1.0,1.0,1.0,1.0,1.0,1.0,1.0,1.0,1.0,,1.0,,,1.0,1.0,1.0,,,,,,6.75,8.75,6.25,9.0,5.0,1.5
504,Stockholm,2024-05-17,1,3007.0,,,4.0,2.0,1.0,1.0,,1.0,,1.0,1.0,1.0,1.0,1.0,1.0,1.0,1.0,1.0,1.0,1.0,1.0,,1.0,,,1.0,1.0,1.0,,,,,,6.75,8.75,6.25,9.0,5.0,1.5
505,Stockholm,2024-05-17,1,4330.0,,,2.0,1.0,1.0,1.0,,1.0,,1.0,,1.0,1.0,1.0,1.0,1.0,1.0,1.0,1.0,1.0,1.0,,1.0,,,1.0,1.0,1.0,,,,,,6.75,8.75,6.25,9.0,5.0,1.5
506,Stockholm,2024-05-17,1,4316.0,,,2.0,2.0,1.0,1.0,,1.0,,,,1.0,1.0,1.0,1.0,1.0,1.0,1.0,1.0,1.0,1.0,,1.0,,,1.0,,1.0,1.0,,,,,6.75,8.75,6.25,9.0,5.0,1.5
507,Stockholm,2024-05-17,1,3952.0,4.83,6,3.0,1.0,1.0,1.0,,1.0,,1.0,1.0,1.0,1.0,1.0,1.0,1.0,1.0,1.0,1.0,1.0,1.0,,1.0,,,1.0,1.0,1.0,,,,,,6.75,8.75,6.25,9.0,5.0,1.5
508,Stockholm,2024-05-17,1,3498.0,4.67,3,2.0,1.0,1.0,1.0,,1.0,,1.0,,1.0,1.0,1.0,1.0,,,1.0,1.0,1.0,1.0,,1.0,,,1.0,1.0,1.0,,,,,,6.75,8.75,6.25,9.0,5.0,1.5
509,Stockholm,2024-05-17,1,3007.0,,,2.0,1.0,1.0,1.0,,1.0,,1.0,1.0,1.0,1.0,1.0,1.0,1.0,1.0,1.0,1.0,1.0,1.0,,1.0,,,1.0,1.0,1.0,,,,1.0,,6.75,8.75,6.25,9.0,5.0,1.5
510,Stockholm,2024-05-17,1,3883.0,4.36,246,4.0,2.0,1.0,1.0,,1.0,1.0,1.0,1.0,1.0,1.0,1.0,1.0,1.0,1.0,1.0,1.0,1.0,1.0,,1.0,,,,1.0,1.0,,,,1.0,,6.75,8.75,6.25,9.0,5.0,1.5
511,Stockholm,2024-05-17,1,3498.0,,,2.0,1.0,1.0,1.0,,1.0,,1.0,,1.0,1.0,1.0,1.0,,,1.0,1.0,1.0,1.0,,1.0,,,1.0,1.0,1.0,,,,,,6.75,8.75,6.25,9.0,5.0,1.5
512,Stockholm,2024-05-17,1,3063.0,4.67,3,2.0,1.0,1.0,1.0,,1.0,,1.0,1.0,1.0,1.0,1.0,1.0,1.0,1.0,1.0,1.0,1.0,1.0,,1.0,,,1.0,1.0,1.0,,,,1.0,,6.75,8.75,6.25,9.0,5.0,1.5
513,Stockholm,2024-05-17,1,3196.0,,,2.0,1.0,1.0,1.0,,1.0,,1.0,1.0,1.0,1.0,1.0,1.0,1.0,1.0,1.0,1.0,1.0,1.0,,1.0,,,1.0,1.0,1.0,,,,1.0,,6.75,8.75,6.25,9.0,5.0,1.5
514,Stockholm,2024-05-17,1,3498.0,,,2.0,2.0,1.0,1.0,,1.0,,1.0,,1.0,1.0,1.0,1.0,1.0,1.0,1.0,1.0,1.0,1.0,,1.0,,,1.0,1.0,1.0,,,,,,6.75,8.75,6.25,9.0,5.0,1.5
515,Stockholm,2024-05-17,1,3063.0,,,2.0,1.0,1.0,1.0,,1.0,,1.0,1.0,1.0,1.0,1.0,1.0,1.0,1.0,1.0,1.0,1.0,1.0,,1.0,,,1.0,1.0,1.0,,,,,,6.75,8.75,6.25,9.0,5.0,1.5
516,Stockholm,2024-05-17,1,3196.0,,,2.0,1.0,1.0,1.0,,1.0,,1.0,1.0,1.0,1.0,1.0,1.0,1.0,1.0,1.0,,1.0,1.0,,1.0,,,1.0,1.0,1.0,1.0,,,,,6.75,8.75,6.25,9.0,5.0,1.5
517,Stockholm,2024-05-17,1,3196.0,,,2.0,1.0,1.0,1.0,,1.0,,1.0,1.0,1.0,1.0,1.0,1.0,1.0,1.0,1.0,1.0,1.0,1.0,,1.0,,,1.0,1.0,1.0,,,,1.0,,6.75,8.75,6.25,9.0,5.0,1.5
518,Stockholm,2024-05-17,1,3952.0,,,6.0,6.0,1.0,1.0,,1.0,,,,1.0,1.0,1.0,1.0,1.0,1.0,1.0,1.0,1.0,1.0,,1.0,,,1.0,,1.0,1.0,,,,,6.75,8.75,6.25,9.0,5.0,1.5
519,Stockholm,2024-05-17,1,3196.0,,,2.0,1.0,1.0,1.0,,1.0,,1.0,,1.0,1.0,1.0,1.0,1.0,1.0,1.0,1.0,1.0,1.0,,1.0,,,1.0,1.0,1.0,,,,,,6.75,8.75,6.25,9.0,5.0,1.5
520,Stockholm,2024-05-17,1,3007.0,,,2.0,1.0,1.0,1.0,,1.0,,1.0,,1.0,1.0,1.0,1.0,1.0,1.0,1.0,1.0,1.0,1.0,,1.0,,,1.0,1.0,1.0,,,,,,6.75,8.75,6.25,9.0,5.0,1.5
521,Stockholm,2024-05-17,1,3196.0,,,2.0,1.0,1.0,1.0,,1.0,,1.0,1.0,1.0,1.0,1.0,1.0,1.0,1.0,1.0,1.0,1.0,1.0,,1.0,,,1.0,1.0,1.0,,,,1.0,,6.75,8.75,6.25,9.0,5.0,1.5
522,Stockholm,2024-05-17,1,5042.0,4.37,19,2.0,2.0,1.0,1.0,,1.0,,1.0,,1.0,1.0,1.0,1.0,1.0,1.0,1.0,1.0,1.0,1.0,,1.0,,,1.0,1.0,1.0,,,,,,6.75,8.75,6.25,9.0,5.0,1.5
523,Stockholm,2024-05-17,1,3007.0,,,2.0,1.0,1.0,1.0,,1.0,,1.0,1.0,1.0,1.0,1.0,1.0,1.0,1.0,1.0,1.0,1.0,1.0,,1.0,,,1.0,1.0,1.0,,,,1.0,,6.75,8.75,6.25,9.0,5.0,1.5
524,Stockholm,2024-05-17,1,3007.0,,,,,,,,,,,,,,,,,,,,,,,,,,,,,,,,,,6.75,8.75,6.25,9.0,5.0,1.5
525,Stockholm,2024-05-17,1,3196.0,,,,,,,,,,,,,,,,,,,,,,,,,,,,,,,,,,6.75,8.75,6.25,9.0,5.0,1.5
526,Stockholm,2024-05-17,1,3952.0,,,,,,,,,,,,,,,,,,,,,,,,,,,,,,,,,,6.75,8.75,6.25,9.0,5.0,1.5
527,Stockholm,2024-05-17,1,3196.0,,,,,,,,,,,,,,,,,,,,,,,,,,,,,,,,,,6.75,8.75,6.25,9.0,5.0,1.5
