,city,date,treat,price,rating,omtaler,gæster,soveværelser,bathroom,hot water,security,work,wi-fi,kitchen,hair dryer,other,cleaning products,shampoo,washing machine,hangers,bed linen,family,refrigerator,dishwasher,parkering and faciliteter,host,mailbox,blackout curtains,entertainment,outdoor,view,temperature,attractions nearby,smoking allowed,pool etc.,fitness equipment,fireplace,Sights,Safety,Shopping,Location,Climate,Affordability
0,Warsaw,2024-08-01,1,267.0,4.42,113,2.0,2.0,1.0,1.0,1.0,1.0,1.0,1.0,,,,,,,,,,,,,,,,,,,,,,,,6.5,7.0,5.75,5.75,5.75,5.0
1,Warsaw,2024-08-01,1,314.0,4.91,138,,1.0,1.0,1.0,,1.0,1.0,1.0,1.0,1.0,1.0,1.0,1.0,1.0,1.0,1.0,1.0,1.0,1.0,1.0,1.0,,,,,,,,,,,6.5,7.0,5.75,5.75,5.75,5.0
2,Warsaw,2024-08-01,1,376.0,4.96,193,2.0,2.0,1.0,1.0,1.0,1.0,,1.0,1.0,1.0,1.0,1.0,,1.0,1.0,1.0,1.0,,1.0,1.0,,1.0,1.0,1.0,,,,,,,,6.5,7.0,5.75,5.75,5.75,5.0
3,Warsaw,2024-08-01,1,507.0,4.97,64,2.0,1.0,1.0,1.0,1.0,1.0,,1.0,1.0,1.0,1.0,1.0,,1.0,,1.0,1.0,,1.0,,,,1.0,1.0,1.0,1.0,,,,,,6.5,7.0,5.75,5.75,5.75,5.0
4,Warsaw,2024-08-01,1,194.0,4.35,91,2.0,1.0,1.0,1.0,,,,1.0,,1.0,1.0,1.0,1.0,,1.0,,,,,,,,,,,1.0,,,,,,6.5,7.0,5.75,5.75,5.75,5.0
5,Warsaw,2024-08-01,1,436.0,4.70,10,4.0,1.0,1.0,1.0,1.0,1.0,1.0,1.0,1.0,1.0,1.0,,,1.0,,,1.0,1.0,1.0,1.0,1.0,1.0,1.0,1.0,,,1.0,,,,,6.5,7.0,5.75,5.75,5.75,5.0
6,Warsaw,2024-08-01,1,109.0,4.43,44,,3.0,1.0,1.0,1.0,1.0,1.0,1.0,,,,,,,,,,,,,,,1.0,,,,,,,,,6.5,7.0,5.75,5.75,5.75,5.0
7,Warsaw,2024-08-01,1,312.0,4.20,5,2.0,1.0,,,,,,,,,,,,,,,,,1.0,,,,1.0,,,,,,,,,6.5,7.0,5.75,5.75,5.75,5.0
8,Warsaw,2024-08-01,1,236.0,4.63,16,,1.0,1.0,1.0,,1.0,1.0,1.0,1.0,1.0,1.0,1.0,1.0,1.0,1.0,1.0,1.0,,1.0,1.0,1.0,1.0,1.0,,1.0,,,,,,,6.5,7.0,5.75,5.75,5.75,5.0
9,Warsaw,2024-08-01,1,485.0,4.87,15,4.0,2.0,1.0,,,1.0,1.0,1.0,1.0,,,,,1.0,1.0,1.0,1.0,,1.0,1.0,1.0,,,1.0,1.0,,,,,,,6.5,7.0,5.75,5.75,5.75,5.0
10,Warsaw,2024-08-01,1,493.0,4.97,76,4.0,2.0,1.0,1.0,,1.0,1.0,1.0,1.0,,,1.0,,1.0,,1.0,1.0,1.0,1.0,,,,1.0,,,,1.0,,,,,6.5,7.0,5.75,5.75,5.75,5.0
11,Warsaw,2024-08-01,1,417.0,4.79,43,4.0,1.0,1.0,1.0,,1.0,1.0,1.0,1.0,1.0,1.0,1.0,1.0,1.0,1.0,1.0,1.0,,,1.0,,,,1.0,,,,,,,,6.5,7.0,5.75,5.75,5.75,5.0
12,Warsaw,2024-08-01,1,258.0,4.76,37,,1.0,1.0,1.0,,1.0,1.0,,1.0,,,1.0,1.0,,,,,,,,,,,1.0,,,,,,,,6.5,7.0,5.75,5.75,5.75,5.0
13,Warsaw,2024-08-01,1,410.0,4.72,108,3.0,2.0,1.0,1.0,1.0,1.0,1.0,1.0,1.0,,,1.0,1.0,1.0,1.0,1.0,1.0,1.0,1.0,,,,1.0,1.0,,,,1.0,,,,6.5,7.0,5.75,5.75,5.75,5.0
14,Warsaw,2024-08-01,1,337.0,4.75,4,,1.0,1.0,1.0,,1.0,1.0,1.0,1.0,1.0,1.0,1.0,,1.0,1.0,1.0,1.0,,1.0,1.0,1.0,1.0,,,,,1.0,,,,,6.5,7.0,5.75,5.75,5.75,5.0
15,Warsaw,2024-08-01,1,481.0,4.83,42,4.0,2.0,1.0,1.0,1.0,1.0,1.0,1.0,1.0,1.0,1.0,1.0,1.0,1.0,,1.0,1.0,1.0,1.0,1.0,,,1.0,1.0,,1.0,,,,,,6.5,7.0,5.75,5.75,5.75,5.0
16,Warsaw,2024-08-01,1,422.0,4.94,18,5.0,2.0,1.0,1.0,,1.0,1.0,1.0,1.0,1.0,1.0,1.0,1.0,1.0,1.0,1.0,1.0,,1.0,1.0,,,1.0,1.0,,,,,,,,6.5,7.0,5.75,5.75,5.75,5.0
17,Warsaw,2024-08-01,1,270.0,4.95,21,,1.0,1.0,,1.0,1.0,1.0,1.0,1.0,,,,,,,,,,1.0,1.0,1.0,,1.0,1.0,,,,1.0,,,,6.5,7.0,5.75,5.75,5.75,5.0
18,Warsaw,2024-08-01,1,353.0,4.73,15,2.0,1.0,1.0,1.0,,1.0,1.0,1.0,1.0,1.0,1.0,1.0,,1.0,,,1.0,1.0,1.0,1.0,1.0,1.0,,1.0,,,,,,,,6.5,7.0,5.75,5.75,5.75,5.0
19,Warsaw,2024-08-01,1,343.0,5.0,16,,1.0,1.0,1.0,1.0,1.0,1.0,1.0,1.0,1.0,1.0,1.0,1.0,1.0,1.0,1.0,1.0,,1.0,,,1.0,,,,,1.0,,,,,6.5,7.0,5.75,5.75,5.75,5.0
20,Warsaw,2024-08-01,1,578.0,5.0,7,4.0,2.0,1.0,1.0,1.0,1.0,1.0,1.0,1.0,1.0,1.0,1.0,1.0,1.0,1.0,1.0,1.0,1.0,1.0,,,1.0,1.0,1.0,,1.0,1.0,,,,,6.5,7.0,5.75,5.75,5.75,5.0
21,Warsaw,2024-08-01,1,298.0,,,,1.0,1.0,1.0,,1.0,1.0,1.0,1.0,1.0,1.0,1.0,,1.0,1.0,1.0,1.0,,1.0,1.0,1.0,1.0,,,1.0,,1.0,,,,,6.5,7.0,5.75,5.75,5.75,5.0
22,Warsaw,2024-08-01,1,100.0,4.58,55,,2.0,1.0,1.0,1.0,1.0,1.0,1.0,,,,,,,,,1.0,1.0,,,,,1.0,,,,,,,,,6.5,7.0,5.75,5.75,5.75,5.0
23,Warsaw,2024-08-01,1,280.0,4.0,4,,1.0,1.0,1.0,1.0,1.0,1.0,1.0,1.0,,,,,,,,,,1.0,,,,,,,,,,1.0,,,6.5,7.0,5.75,5.75,5.75,5.0
24,Warsaw,2024-08-01,1,447.0,4.90,10,2.0,1.0,1.0,1.0,,1.0,,1.0,1.0,1.0,1.0,1.0,,1.0,,1.0,1.0,,1.0,1.0,1.0,,,1.0,1.0,1.0,,,,,,6.5,7.0,5.75,5.75,5.75,5.0
25,Warsaw,2024-08-01,1,441.0,4.42,19,1.0,1.0,1.0,1.0,,1.0,1.0,1.0,,1.0,1.0,1.0,,1.0,,,1.0,,1.0,,,,,,,1.0,,,,,,6.5,7.0,5.75,5.75,5.75,5.0
26,Warsaw,2024-08-01,1,417.0,4.82,39,2.0,1.0,1.0,1.0,1.0,1.0,,1.0,1.0,1.0,1.0,,,1.0,,,1.0,,1.0,1.0,1.0,,,1.0,,1.0,1.0,,,,,6.5,7.0,5.75,5.75,5.75,5.0
27,Warsaw,2024-08-01,1,147.0,4.77,30,,1.0,1.0,,1.0,1.0,1.0,1.0,1.0,,,,1.0,,,,,,1.0,1.0,1.0,,,,,,,,,,,6.5,7.0,5.75,5.75,5.75,5.0
28,Warsaw,2024-08-01,1,513.0,,,4.0,2.0,1.0,1.0,1.0,1.0,1.0,1.0,1.0,1.0,1.0,1.0,1.0,1.0,,1.0,1.0,1.0,1.0,1.0,,1.0,1.0,,1.0,1.0,1.0,,,,,6.5,7.0,5.75,5.75,5.75,5.0
29,Warsaw,2024-08-01,1,375.0,4.66,92,4.0,1.0,1.0,1.0,,1.0,1.0,1.0,1.0,,,,1.0,1.0,1.0,1.0,1.0,1.0,1.0,1.0,,,1.0,1.0,,,1.0,,,,,6.5,7.0,5.75,5.75,5.75,5.0
30,Warsaw,2024-08-01,1,353.0,4.82,38,,1.0,1.0,,1.0,1.0,1.0,1.0,1.0,,,1.0,1.0,,,,,,1.0,1.0,,,1.0,,,,,,,,,6.5,7.0,5.75,5.75,5.75,5.0
31,Warsaw,2024-08-01,1,441.0,,,2.0,1.0,,,,1.0,1.0,1.0,,,,,1.0,,,,,,1.0,1.0,1.0,,1.0,,,1.0,,,,,,6.5,7.0,5.75,5.75,5.75,5.0
32,Warsaw,2024-08-01,1,177.0,4.96,23,,1.0,,,,1.0,1.0,1.0,,,,,1.0,,,,,,1.0,,,,,,1.0,,,,,,,6.5,7.0,5.75,5.75,5.75,5.0
33,Warsaw,2024-08-01,1,432.0,4.60,5,2.0,1.0,,,1.0,1.0,1.0,1.0,,,,,1.0,,,,,,,,,,1.0,,,,,,,,,6.5,7.0,5.75,5.75,5.75,5.0
34,Warsaw,2024-08-01,1,441.0,4.42,19,4.0,2.0,1.0,1.0,1.0,1.0,1.0,1.0,,1.0,1.0,1.0,,,1.0,1.0,1.0,,1.0,1.0,1.0,,1.0,1.0,,,1.0,,,,,6.5,7.0,5.75,5.75,5.75,5.0
35,Warsaw,2024-08-01,1,491.0,5.0,4,2.0,1.0,1.0,1.0,1.0,1.0,1.0,1.0,1.0,1.0,1.0,,,1.0,,,1.0,1.0,1.0,,,1.0,,1.0,1.0,1.0,1.0,,,,,6.5,7.0,5.75,5.75,5.75,5.0
36,Warsaw,2024-08-01,1,414.0,4.67,39,2.0,1.0,1.0,1.0,,1.0,1.0,1.0,1.0,1.0,1.0,1.0,1.0,1.0,,,1.0,,1.0,1.0,1.0,,,,,1.0,,,,,,6.5,7.0,5.75,5.75,5.75,5.0
37,Warsaw,2024-08-01,1,332.0,5.0,18,,2.0,1.0,1.0,1.0,1.0,1.0,1.0,1.0,,,,,1.0,,1.0,1.0,1.0,1.0,,,1.0,1.0,1.0,1.0,1.0,,,,,,6.5,7.0,5.75,5.75,5.75,5.0
38,Warsaw,2024-08-01,1,471.0,,,2.0,1.0,1.0,,,1.0,1.0,1.0,1.0,,,,1.0,,,,,,1.0,1.0,1.0,,1.0,,,1.0,,,,,,6.5,7.0,5.75,5.75,5.75,5.0
39,Warsaw,2024-08-01,1,192.0,5.0,3,,1.0,,,,1.0,1.0,1.0,,,,,1.0,,,,,,,,,,1.0,,,,,,,,,6.5,7.0,5.75,5.75,5.75,5.0
40,Warsaw,2024-08-01,1,520.0,4.80,10,2.0,1.0,1.0,1.0,,1.0,1.0,1.0,1.0,1.0,1.0,1.0,,1.0,,,1.0,1.0,1.0,1.0,1.0,,1.0,1.0,1.0,,,,,,,6.5,7.0,5.75,5.75,5.75,5.0
41,Warsaw,2024-08-01,1,471.0,4.67,3,2.0,1.0,1.0,1.0,,1.0,1.0,1.0,1.0,1.0,1.0,,,1.0,1.0,1.0,1.0,1.0,1.0,,,1.0,1.0,,,1.0,,,,,,6.5,7.0,5.75,5.75,5.75,5.0
42,Warsaw,2024-08-01,1,214.0,4.65,23,2.0,1.0,,,,,,1.0,,,,,1.0,,,,,,1.0,,,,1.0,,,,,,,,,6.5,7.0,5.75,5.75,5.75,5.0
43,Warsaw,2024-08-01,1,393.0,4.86,21,2.0,2.0,,,,1.0,1.0,1.0,,,,,,,,,,,,,,,,1.0,,,,,,,,6.5,7.0,5.75,5.75,5.75,5.0
44,Warsaw,2024-08-01,1,246.0,5.0,4,,1.0,,,,,,1.0,,,,,1.0,,,,,,1.0,,,,,,,,,,,,,6.5,7.0,5.75,5.75,5.75,5.0
45,Warsaw,2024-08-01,1,334.0,4.73,11,,1.0,1.0,1.0,,1.0,1.0,1.0,1.0,,,,1.0,1.0,,,1.0,1.0,1.0,,,,1.0,,,1.0,,,,,,6.5,7.0,5.75,5.75,5.75,5.0
46,Warsaw,2024-08-01,1,471.0,,,1.0,1.0,1.0,1.0,,1.0,1.0,1.0,1.0,1.0,1.0,,,,1.0,,1.0,,1.0,,,,,,1.0,1.0,,,,,,6.5,7.0,5.75,5.75,5.75,5.0
47,Warsaw,2024-08-01,1,200.0,4.64,11,,1.0,1.0,,1.0,1.0,1.0,1.0,1.0,,,,1.0,1.0,,1.0,,,1.0,,,,,,,,,,,,,6.5,7.0,5.75,5.75,5.75,5.0
48,Warsaw,2024-08-01,1,523.0,5.0,3,4.0,2.0,1.0,1.0,1.0,1.0,1.0,1.0,1.0,1.0,1.0,,,1.0,1.0,1.0,1.0,1.0,1.0,1.0,1.0,1.0,1.0,1.0,1.0,1.0,1.0,,,,,6.5,7.0,5.75,5.75,5.75,5.0
49,Warsaw,2024-08-01,1,194.0,4.77,137,,1.0,1.0,1.0,1.0,1.0,1.0,1.0,1.0,1.0,1.0,1.0,,,1.0,1.0,1.0,,1.0,1.0,1.0,,1.0,,,1.0,1.0,,,,,6.5,7.0,5.75,5.75,5.75,5.0
50,Warsaw,2024-08-01,1,500.0,,,2.0,1.0,1.0,1.0,1.0,1.0,1.0,1.0,1.0,,,1.0,1.0,1.0,1.0,1.0,1.0,1.0,1.0,1.0,,,1.0,1.0,,,1.0,,,,,6.5,7.0,5.75,5.75,5.75,5.0
51,Warsaw,2024-08-01,1,482.0,4.58,12,2.0,1.0,1.0,1.0,,1.0,1.0,1.0,1.0,1.0,1.0,1.0,1.0,1.0,,1.0,1.0,,1.0,1.0,1.0,1.0,1.0,1.0,,1.0,,,,,,6.5,7.0,5.75,5.75,5.75,5.0
52,Warsaw,2024-08-01,1,441.0,5.0,3,2.0,1.0,,,,1.0,1.0,1.0,,,,,,,,,,,1.0,,,,1.0,,,,,,,,,6.5,7.0,5.75,5.75,5.75,5.0
53,Warsaw,2024-08-01,1,490.0,4.44,18,3.0,1.0,1.0,1.0,,1.0,1.0,1.0,1.0,1.0,1.0,,,1.0,1.0,1.0,1.0,1.0,1.0,1.0,1.0,1.0,1.0,,,,1.0,,,,,6.5,7.0,5.75,5.75,5.75,5.0
54,Warsaw,2024-08-01,1,451.0,4.92,91,2.0,2.0,1.0,1.0,1.0,1.0,1.0,1.0,1.0,,,1.0,1.0,1.0,1.0,1.0,1.0,,1.0,1.0,,,1.0,1.0,,,1.0,,,,,6.5,7.0,5.75,5.75,5.75,5.0
55,Warsaw,2024-08-01,1,383.0,,,2.0,2.0,1.0,1.0,1.0,1.0,1.0,1.0,1.0,1.0,1.0,,,,,,1.0,,,,,,,,,,1.0,,,,,6.5,7.0,5.75,5.75,5.75,5.0
56,Warsaw,2024-08-01,1,280.0,5.0,4,,1.0,,,1.0,1.0,1.0,1.0,,,,,1.0,,,,,,1.0,,,,,,,,,,,,,6.5,7.0,5.75,5.75,5.75,5.0
57,Warsaw,2024-08-01,1,334.0,5.0,3,2.0,2.0,1.0,,,1.0,1.0,1.0,1.0,1.0,1.0,,1.0,1.0,,,,,1.0,,,1.0,,,,1.0,,,,,,6.5,7.0,5.75,5.75,5.75,5.0
58,Warsaw,2024-08-01,1,524.0,4.88,40,2.0,1.0,1.0,1.0,1.0,1.0,,1.0,1.0,,,1.0,,1.0,,1.0,1.0,1.0,1.0,1.0,,,1.0,1.0,,1.0,,,,,,6.5,7.0,5.75,5.75,5.75,5.0
59,Warsaw,2024-08-01,1,491.0,,,4.0,2.0,1.0,1.0,,1.0,1.0,1.0,,1.0,1.0,1.0,1.0,1.0,1.0,1.0,1.0,1.0,,,,,1.0,1.0,,1.0,,,,,,6.5,7.0,5.75,5.75,5.75,5.0
60,Warsaw,2024-08-01,1,530.0,4.75,84,4.0,2.0,1.0,1.0,1.0,1.0,1.0,1.0,1.0,,,,1.0,1.0,,1.0,1.0,,1.0,1.0,1.0,,1.0,1.0,,,,,,,,6.5,7.0,5.75,5.75,5.75,5.0
61,Warsaw,2024-08-01,1,325.0,5.0,18,,1.0,,,,1.0,1.0,1.0,,,,,1.0,,,,,,,,,,1.0,,,,,1.0,,,,6.5,7.0,5.75,5.75,5.75,5.0
62,Warsaw,2024-08-01,1,353.0,4.75,4,,1.0,1.0,1.0,1.0,1.0,1.0,1.0,,1.0,1.0,1.0,,1.0,,,1.0,1.0,1.0,1.0,1.0,1.0,1.0,1.0,1.0,1.0,,,,,,6.5,7.0,5.75,5.75,5.75,5.0
63,Warsaw,2024-08-01,1,280.0,,,,1.0,,,1.0,1.0,1.0,1.0,,,,,1.0,,,,,,1.0,,,,,,,,,,,,,6.5,7.0,5.75,5.75,5.75,5.0
64,Warsaw,2024-08-01,1,293.0,4.70,23,3.0,2.0,,,1.0,1.0,1.0,1.0,,,,,1.0,,,,,,,1.0,1.0,,1.0,,,,,,,,,6.5,7.0,5.75,5.75,5.75,5.0
65,Warsaw,2024-08-01,1,477.0,5.0,12,3.0,1.0,1.0,1.0,1.0,1.0,1.0,1.0,,1.0,1.0,1.0,,1.0,,1.0,,1.0,1.0,1.0,1.0,,1.0,1.0,1.0,1.0,1.0,,,,,6.5,7.0,5.75,5.75,5.75,5.0
66,Warsaw,2024-08-01,1,334.0,4.92,13,,1.0,1.0,1.0,1.0,1.0,1.0,1.0,1.0,1.0,1.0,1.0,1.0,1.0,1.0,1.0,1.0,1.0,1.0,,,1.0,1.0,1.0,1.0,,1.0,,,1.0,,6.5,7.0,5.75,5.75,5.75,5.0
67,Warsaw,2024-08-01,1,353.0,4.60,5,,1.0,1.0,1.0,1.0,1.0,1.0,1.0,1.0,1.0,1.0,1.0,1.0,1.0,1.0,,1.0,,1.0,,,,,,,1.0,,1.0,,,,6.5,7.0,5.75,5.75,5.75,5.0
68,Warsaw,2024-08-01,1,290.0,4.96,25,,1.0,1.0,,,1.0,,1.0,1.0,,,,1.0,,1.0,,1.0,,1.0,,,1.0,,,,1.0,,,,,,6.5,7.0,5.75,5.75,5.75,5.0
69,Warsaw,2024-08-01,1,412.0,5.0,6,5.0,2.0,1.0,1.0,,1.0,1.0,1.0,1.0,1.0,1.0,1.0,,1.0,,1.0,,,1.0,,,,1.0,1.0,,1.0,,,,,,6.5,7.0,5.75,5.75,5.75,5.0
70,Warsaw,2024-08-01,1,314.0,4.92,145,4.0,2.0,1.0,1.0,1.0,1.0,1.0,1.0,1.0,,,1.0,1.0,1.0,1.0,1.0,1.0,1.0,1.0,,,1.0,1.0,1.0,,,,,,,,6.5,7.0,5.75,5.75,5.75,5.0
71,Warsaw,2024-08-01,1,262.0,3.75,4,2.0,1.0,,,1.0,1.0,1.0,1.0,,,,,1.0,,,,,,1.0,,,,1.0,,,,,,,,,6.5,7.0,5.75,5.75,5.75,5.0
72,Warsaw,2024-08-01,1,347.0,,,,2.0,,,,1.0,1.0,1.0,,,,,1.0,,,,,,,,,,,,,,,,,,,6.5,7.0,5.75,5.75,5.75,5.0
73,Warsaw,2024-08-01,1,190.0,5.0,4,,2.0,1.0,1.0,1.0,1.0,1.0,1.0,1.0,1.0,1.0,1.0,1.0,1.0,1.0,1.0,1.0,1.0,1.0,,,,1.0,1.0,,1.0,1.0,,,,,6.5,7.0,5.75,5.75,5.75,5.0
74,Warsaw,2024-08-01,1,491.0,,,4.0,3.0,,,1.0,,,1.0,,,,,1.0,,,,,,,,,,,,,,,,,,,6.5,7.0,5.75,5.75,5.75,5.0
75,Warsaw,2024-08-01,1,524.0,4.88,65,4.0,2.0,1.0,1.0,,1.0,1.0,1.0,1.0,1.0,1.0,1.0,,1.0,,1.0,1.0,,1.0,1.0,,1.0,1.0,1.0,,1.0,,,,,,6.5,7.0,5.75,5.75,5.75,5.0
76,Warsaw,2024-08-01,1,500.0,,,2.0,1.0,1.0,1.0,1.0,1.0,1.0,1.0,1.0,,,1.0,1.0,1.0,1.0,1.0,1.0,1.0,1.0,1.0,,,1.0,1.0,,,1.0,,,,,6.5,7.0,5.75,5.75,5.75,5.0
77,Warsaw,2024-08-01,1,298.0,3.89,9,4.0,2.0,1.0,,,,,1.0,1.0,,,,1.0,1.0,,,1.0,,1.0,1.0,1.0,,,1.0,,1.0,,,,,,6.5,7.0,5.75,5.75,5.75,5.0
78,Warsaw,2024-08-01,1,393.0,4.94,18,4.0,2.0,1.0,1.0,,1.0,1.0,1.0,,1.0,1.0,1.0,,,,1.0,1.0,,,,,,1.0,,,1.0,,,,,,6.5,7.0,5.75,5.75,5.75,5.0
79,Warsaw,2024-08-01,1,434.0,5.0,3,2.0,1.0,,,,1.0,1.0,1.0,,,,,1.0,,,,,,1.0,1.0,1.0,,1.0,,,1.0,,,,,,6.5,7.0,5.75,5.75,5.75,5.0
80,Warsaw,2024-08-01,1,314.0,,,,1.0,1.0,1.0,,,,1.0,1.0,,,,,1.0,,,1.0,,1.0,,,,1.0,1.0,,1.0,,,,,,6.5,7.0,5.75,5.75,5.75,5.0
81,Warsaw,2024-08-01,1,265.0,4.83,12,,2.0,1.0,1.0,1.0,1.0,1.0,1.0,1.0,,,1.0,1.0,1.0,,,,,1.0,,,,,1.0,,1.0,,,,,,6.5,7.0,5.75,5.75,5.75,5.0
82,Warsaw,2024-08-01,1,461.0,4.95,19,4.0,2.0,1.0,1.0,1.0,1.0,1.0,1.0,1.0,1.0,1.0,1.0,1.0,1.0,,1.0,1.0,1.0,1.0,,,1.0,1.0,1.0,,1.0,,,,,,6.5,7.0,5.75,5.75,5.75,5.0
83,Warsaw,2024-08-01,1,393.0,4.79,33,,1.0,1.0,,1.0,1.0,1.0,1.0,1.0,,,1.0,1.0,1.0,,,,,1.0,,,,1.0,,,,,,,,,6.5,7.0,5.75,5.75,5.75,5.0
84,Warsaw,2024-08-01,1,465.0,4.0,5,2.0,1.0,1.0,1.0,,1.0,1.0,1.0,1.0,1.0,1.0,1.0,1.0,1.0,,,1.0,1.0,1.0,1.0,1.0,1.0,1.0,1.0,,1.0,,,,,,6.5,7.0,5.75,5.75,5.75,5.0
85,Warsaw,2024-08-01,1,510.0,,,4.0,2.0,1.0,1.0,,1.0,,1.0,1.0,1.0,1.0,1.0,1.0,1.0,,,,,1.0,,,1.0,1.0,1.0,,1.0,,,,,,6.5,7.0,5.75,5.75,5.75,5.0
86,Warsaw,2024-08-01,1,226.0,4.93,28,,1.0,1.0,1.0,,1.0,,1.0,1.0,,,,1.0,1.0,,1.0,1.0,,1.0,,,1.0,1.0,,,,,,,,,6.5,7.0,5.75,5.75,5.75,5.0
87,Warsaw,2024-08-01,1,344.0,4.92,38,,1.0,1.0,,,1.0,1.0,1.0,1.0,,,,,,1.0,,1.0,,1.0,,,,1.0,1.0,1.0,,,,,,1.0,6.5,7.0,5.75,5.75,5.75,5.0
88,Warsaw,2024-08-01,1,195.0,,,,1.0,,,,,,1.0,,,,,1.0,,,,,,1.0,,,,,1.0,,,,,,,,6.5,7.0,5.75,5.75,5.75,5.0
89,Warsaw,2024-08-01,1,501.0,4.48,25,4.0,3.0,1.0,1.0,1.0,1.0,1.0,1.0,1.0,1.0,1.0,1.0,1.0,1.0,,1.0,1.0,,1.0,1.0,,,1.0,1.0,,1.0,,,,,,6.5,7.0,5.75,5.75,5.75,5.0
90,Warsaw,2024-08-01,1,366.0,4.0,6,2.0,1.0,,,,1.0,1.0,1.0,,,,,1.0,,,,,,1.0,1.0,,,1.0,,,,,,,,,6.5,7.0,5.75,5.75,5.75,5.0
91,Warsaw,2024-08-01,1,550.0,5.0,7,4.0,1.0,1.0,1.0,1.0,1.0,1.0,1.0,1.0,1.0,1.0,1.0,1.0,1.0,1.0,1.0,1.0,1.0,1.0,,,,1.0,1.0,,1.0,,,,,,6.5,7.0,5.75,5.75,5.75,5.0
92,Warsaw,2024-08-01,1,457.0,,,5.0,4.0,1.0,1.0,1.0,1.0,1.0,1.0,1.0,1.0,1.0,1.0,,1.0,,1.0,1.0,1.0,1.0,,,1.0,1.0,1.0,1.0,1.0,1.0,,,,,6.5,7.0,5.75,5.75,5.75,5.0
93,Warsaw,2024-08-01,1,321.0,5.0,3,,1.0,1.0,1.0,,1.0,1.0,1.0,,1.0,1.0,,1.0,,1.0,,1.0,1.0,1.0,,,1.0,,,,1.0,,,,,,6.5,7.0,5.75,5.75,5.75,5.0
94,Warsaw,2024-08-01,1,256.0,5.0,4,,1.0,,,,,,1.0,,,,,1.0,,,,,,1.0,,,,,,,,,,,,,6.5,7.0,5.75,5.75,5.75,5.0
95,Warsaw,2024-08-01,1,330.0,4.93,15,,1.0,,,,1.0,,1.0,,,,,1.0,,,,,,,,,,,,,,,,,,,6.5,7.0,5.75,5.75,5.75,5.0
96,Warsaw,2024-08-01,1,307.0,,,,1.0,1.0,1.0,1.0,1.0,1.0,1.0,1.0,1.0,1.0,1.0,1.0,1.0,1.0,,,,1.0,,,1.0,,,,,,,,,,6.5,7.0,5.75,5.75,5.75,5.0
97,Warsaw,2024-08-01,1,432.0,4.50,10,3.0,1.0,1.0,1.0,1.0,1.0,,1.0,1.0,1.0,1.0,1.0,,1.0,,1.0,,1.0,1.0,1.0,1.0,1.0,1.0,,,1.0,,,,,,6.5,7.0,5.75,5.75,5.75,5.0
98,Warsaw,2024-08-01,1,533.0,,,4.0,2.0,1.0,1.0,,1.0,1.0,1.0,1.0,1.0,1.0,1.0,1.0,1.0,1.0,1.0,1.0,1.0,1.0,1.0,,,1.0,1.0,,1.0,,,,,,6.5,7.0,5.75,5.75,5.75,5.0
99,Warsaw,2024-08-01,1,471.0,5.0,3,3.0,2.0,1.0,1.0,,1.0,1.0,1.0,,,,,,1.0,,,,,1.0,,,1.0,,,,,,,,,,6.5,7.0,5.75,5.75,5.75,5.0
100,Warsaw,2024-08-01,1,393.0,4.33,3,,1.0,1.0,1.0,1.0,1.0,1.0,1.0,,1.0,1.0,1.0,1.0,1.0,1.0,1.0,1.0,1.0,1.0,1.0,1.0,1.0,1.0,1.0,,,,,,,,6.5,7.0,5.75,5.75,5.75,5.0
101,Warsaw,2024-08-01,1,172.0,4.76,76,,7.0,1.0,,1.0,1.0,1.0,1.0,1.0,,,,1.0,,,,,,1.0,,,,1.0,,,,,,,,,6.5,7.0,5.75,5.75,5.75,5.0
102,Warsaw,2024-08-01,1,500.0,4.91,11,,2.0,1.0,,,1.0,1.0,1.0,1.0,1.0,1.0,1.0,1.0,,,,1.0,,1.0,,,,,1.0,,,,,,,,6.5,7.0,5.75,5.75,5.75,5.0
103,Warsaw,2024-08-01,1,353.0,5.0,3,,1.0,1.0,1.0,1.0,,,1.0,1.0,,,,,1.0,1.0,,1.0,,1.0,,,,1.0,1.0,,,,,,,,6.5,7.0,5.75,5.75,5.75,5.0
104,Warsaw,2024-08-01,1,344.0,5.0,9,1.0,1.0,1.0,1.0,1.0,1.0,1.0,1.0,1.0,1.0,1.0,,,1.0,1.0,1.0,,1.0,1.0,,,1.0,,1.0,1.0,1.0,,,,,,6.5,7.0,5.75,5.75,5.75,5.0
105,Warsaw,2024-08-01,1,196.0,5.0,7,,1.0,,,1.0,1.0,,1.0,,,,,1.0,,,,,,1.0,,,,1.0,1.0,,,,,,,,6.5,7.0,5.75,5.75,5.75,5.0
106,Warsaw,2024-08-01,1,309.0,4.50,16,1.0,1.0,1.0,1.0,1.0,1.0,1.0,1.0,1.0,1.0,1.0,,,,,,1.0,,,,,,,,,,1.0,,,,,6.5,7.0,5.75,5.75,5.75,5.0
107,Warsaw,2024-08-01,1,491.0,4.67,3,2.0,1.0,1.0,,1.0,1.0,1.0,1.0,1.0,,,,,,,1.0,1.0,,1.0,1.0,,,1.0,1.0,,,,,,,,6.5,7.0,5.75,5.75,5.75,5.0
108,Warsaw,2024-08-01,1,353.0,,,,1.0,1.0,1.0,1.0,1.0,1.0,1.0,,1.0,1.0,1.0,1.0,1.0,1.0,1.0,1.0,1.0,1.0,1.0,1.0,1.0,1.0,1.0,,,,,,,,6.5,7.0,5.75,5.75,5.75,5.0
109,Warsaw,2024-08-01,1,312.0,,,3.0,2.0,1.0,1.0,1.0,1.0,1.0,1.0,1.0,1.0,1.0,1.0,1.0,1.0,,1.0,1.0,1.0,1.0,,,1.0,1.0,1.0,,1.0,1.0,,,,,6.5,7.0,5.75,5.75,5.75,5.0
110,Warsaw,2024-08-01,1,510.0,4.98,40,4.0,,1.0,1.0,1.0,1.0,1.0,1.0,1.0,,,1.0,1.0,1.0,1.0,1.0,1.0,,1.0,1.0,1.0,1.0,1.0,1.0,,,1.0,,,,,6.5,7.0,5.75,5.75,5.75,5.0
111,Warsaw,2024-08-01,1,393.0,4.77,22,3.0,2.0,1.0,1.0,1.0,1.0,1.0,1.0,1.0,,,1.0,,1.0,,1.0,1.0,,1.0,1.0,1.0,,1.0,,,1.0,,,,,,6.5,7.0,5.75,5.75,5.75,5.0
112,Warsaw,2024-08-01,1,501.0,4.80,5,2.0,1.0,1.0,1.0,,1.0,1.0,1.0,1.0,1.0,1.0,1.0,1.0,1.0,,1.0,1.0,1.0,1.0,1.0,1.0,1.0,1.0,1.0,,,,,,,,6.5,7.0,5.75,5.75,5.75,5.0
113,Warsaw,2024-08-01,1,491.0,4.23,30,4.0,2.0,1.0,1.0,,1.0,1.0,1.0,1.0,,,,1.0,1.0,1.0,1.0,,,1.0,,,1.0,1.0,,,,,,,,,6.5,7.0,5.75,5.75,5.75,5.0
114,Warsaw,2024-08-01,1,408.0,4.93,28,2.0,1.0,1.0,1.0,,1.0,1.0,1.0,,1.0,1.0,,,1.0,,1.0,1.0,,,,,,1.0,,,1.0,,,,,,6.5,7.0,5.75,5.75,5.75,5.0
115,Warsaw,2024-08-01,1,490.0,,,2.0,2.0,,,,1.0,1.0,1.0,,,,,1.0,,,,1.0,,1.0,,,,1.0,1.0,,1.0,,,,,,6.5,7.0,5.75,5.75,5.75,5.0
116,Warsaw,2024-08-01,1,339.0,,,,1.0,1.0,1.0,,,,1.0,,,,,1.0,,,,,,,,,,,,,,,,,,,6.5,7.0,5.75,5.75,5.75,5.0
117,Warsaw,2024-08-01,1,491.0,,,2.0,1.0,,,,,,1.0,,,,,1.0,,,,,,1.0,,,,,,,1.0,,,,,,6.5,7.0,5.75,5.75,5.75,5.0
118,Warsaw,2024-08-01,1,334.0,,,,1.0,,,,1.0,1.0,1.0,,,,,1.0,,,,,,1.0,,,,,,,,,,,,,6.5,7.0,5.75,5.75,5.75,5.0
119,Warsaw,2024-08-01,1,550.0,4.43,7,2.0,1.0,,,,1.0,1.0,1.0,,,,,1.0,,,,1.0,,1.0,,,,1.0,,1.0,,,,,,,6.5,7.0,5.75,5.75,5.75,5.0
120,Warsaw,2024-08-01,1,489.0,,,3.0,2.0,,,,1.0,1.0,1.0,,,,,1.0,,,,,,1.0,,,,1.0,,,,,,,,,6.5,7.0,5.75,5.75,5.75,5.0
121,Warsaw,2024-08-01,1,471.0,5.0,12,2.0,1.0,1.0,1.0,1.0,1.0,1.0,1.0,1.0,1.0,1.0,1.0,1.0,,,1.0,1.0,1.0,1.0,,,,1.0,1.0,,1.0,,,,,,6.5,7.0,5.75,5.75,5.75,5.0
122,Warsaw,2024-08-01,1,522.0,,,,2.0,1.0,1.0,1.0,1.0,1.0,1.0,1.0,1.0,1.0,1.0,1.0,1.0,,,1.0,1.0,1.0,,,1.0,1.0,,,1.0,,,,,,6.5,7.0,5.75,5.75,5.75,5.0
123,Warsaw,2024-08-01,1,324.0,5.0,3,4.0,1.0,1.0,1.0,,1.0,1.0,1.0,1.0,1.0,1.0,,1.0,1.0,,,,1.0,1.0,,,1.0,1.0,1.0,,1.0,,,,,,6.5,7.0,5.75,5.75,5.75,5.0
124,Warsaw,2024-08-01,1,324.0,4.86,14,,1.0,1.0,1.0,1.0,1.0,1.0,1.0,1.0,1.0,1.0,,1.0,,1.0,,,,1.0,,,,1.0,1.0,,1.0,,,,,,6.5,7.0,5.75,5.75,5.75,5.0
125,Warsaw,2024-08-01,1,294.0,,,,1.0,,,,1.0,1.0,1.0,,,,,1.0,,,,,,,,,,,,,,,,,,,6.5,7.0,5.75,5.75,5.75,5.0
126,Warsaw,2024-08-01,1,363.0,4.89,19,,1.0,1.0,,,1.0,1.0,1.0,1.0,,,,,,1.0,,1.0,,1.0,,,,1.0,1.0,1.0,,,,,,1.0,6.5,7.0,5.75,5.75,5.75,5.0
127,Warsaw,2024-08-01,1,365.0,,,,1.0,,,,1.0,1.0,,,,,,,,,,,,1.0,,,,1.0,,,1.0,,,,,,6.5,7.0,5.75,5.75,5.75,5.0
128,Warsaw,2024-08-01,1,417.0,4.57,7,4.0,3.0,1.0,1.0,,1.0,1.0,1.0,1.0,1.0,1.0,,1.0,1.0,,,,1.0,1.0,1.0,1.0,1.0,1.0,1.0,1.0,1.0,,,,,,6.5,7.0,5.75,5.75,5.75,5.0
129,Warsaw,2024-08-01,1,352.0,,,,1.0,,,1.0,1.0,1.0,1.0,,,,,1.0,,,,,,,,,,,,,,,,,,,6.5,7.0,5.75,5.75,5.75,5.0
130,Warsaw,2024-08-01,1,491.0,,,2.0,1.0,,,1.0,1.0,1.0,1.0,,,,,,,,,,,1.0,,,,,,1.0,,,,,,,6.5,7.0,5.75,5.75,5.75,5.0
131,Warsaw,2024-08-01,1,161.0,4.83,12,,1.0,1.0,1.0,,1.0,1.0,1.0,1.0,1.0,1.0,1.0,1.0,1.0,1.0,,1.0,,1.0,,,,1.0,,,,,1.0,,,,6.5,7.0,5.75,5.75,5.75,5.0
132,Warsaw,2024-08-01,1,393.0,,,,1.0,,,,1.0,1.0,1.0,,,,,1.0,,,,,,1.0,,,,1.0,,,,,,,,,6.5,7.0,5.75,5.75,5.75,5.0
133,Warsaw,2024-08-01,1,260.0,5.0,6,,1.0,,,,1.0,1.0,1.0,,,,,1.0,,,,,,1.0,,,,,1.0,,1.0,,,,,,6.5,7.0,5.75,5.75,5.75,5.0
134,Warsaw,2024-08-01,1,510.0,,,4.0,2.0,1.0,1.0,1.0,1.0,1.0,1.0,,1.0,1.0,1.0,1.0,1.0,,,1.0,,1.0,,,,1.0,,,1.0,,,,,,6.5,7.0,5.75,5.75,5.75,5.0
135,Warsaw,2024-08-01,1,447.0,,,2.0,1.0,,,1.0,1.0,1.0,1.0,,,,,1.0,,,,,,1.0,1.0,1.0,,1.0,,,,,,,,,6.5,7.0,5.75,5.75,5.75,5.0
136,Warsaw,2024-08-01,1,294.0,,,,1.0,1.0,1.0,1.0,,,1.0,1.0,,,,,1.0,,,1.0,,1.0,,,,1.0,1.0,,1.0,,,,,,6.5,7.0,5.75,5.75,5.75,5.0
137,Warsaw,2024-08-01,1,294.0,4.33,3,,1.0,1.0,1.0,,1.0,,1.0,1.0,,,,,1.0,,,1.0,,1.0,,,,1.0,1.0,,,,,,,,6.5,7.0,5.75,5.75,5.75,5.0
138,Warsaw,2024-08-01,1,441.0,,,2.0,2.0,1.0,1.0,1.0,1.0,1.0,1.0,1.0,1.0,1.0,,,,1.0,,1.0,,,,,,,,,,1.0,,,,,6.5,7.0,5.75,5.75,5.75,5.0
139,Warsaw,2024-08-01,1,177.0,,,,1.0,1.0,,,1.0,1.0,1.0,1.0,,,,1.0,,,,,,1.0,,,,,,,,,,,,,6.5,7.0,5.75,5.75,5.75,5.0
140,Warsaw,2024-08-01,1,353.0,,,1.0,1.0,1.0,1.0,1.0,1.0,1.0,1.0,1.0,1.0,1.0,,,,,,1.0,,,,,,,,,1.0,1.0,,,,,6.5,7.0,5.75,5.75,5.75,5.0
141,Warsaw,2024-08-01,1,353.0,,,1.0,1.0,1.0,1.0,1.0,1.0,1.0,1.0,1.0,1.0,1.0,,,,,,1.0,,,,,,,,,1.0,1.0,,,,,6.5,7.0,5.75,5.75,5.75,5.0
142,Warsaw,2024-08-01,1,500.0,4.66,32,2.0,2.0,1.0,1.0,1.0,1.0,1.0,1.0,1.0,1.0,1.0,,1.0,1.0,,1.0,,,1.0,,,,1.0,,,,,,,,,6.5,7.0,5.75,5.75,5.75,5.0
143,Warsaw,2024-08-01,1,294.0,,,,2.0,1.0,1.0,1.0,,,1.0,1.0,,,,,1.0,,,1.0,,1.0,,,,1.0,1.0,,,,,,,,6.5,7.0,5.75,5.75,5.75,5.0
144,Warsaw,2024-08-01,1,261.0,,,,,1.0,1.0,1.0,1.0,1.0,1.0,1.0,1.0,1.0,1.0,1.0,1.0,1.0,1.0,1.0,,1.0,1.0,1.0,1.0,,,,,,,,,,6.5,7.0,5.75,5.75,5.75,5.0
145,Warsaw,2024-08-01,1,332.0,4.94,16,,1.0,1.0,1.0,1.0,1.0,1.0,,1.0,,,1.0,,,,1.0,,,1.0,,,,1.0,1.0,,1.0,,,,,,6.5,7.0,5.75,5.75,5.75,5.0
146,Warsaw,2024-08-01,1,501.0,,,,1.0,,,,1.0,1.0,1.0,,,,,1.0,,,,,,,,,,1.0,,,,,,,,1.0,6.5,7.0,5.75,5.75,5.75,5.0
147,Warsaw,2024-08-01,1,275.0,,,,1.0,1.0,1.0,,1.0,1.0,1.0,1.0,1.0,1.0,,1.0,1.0,,,,1.0,1.0,,,,,,,1.0,1.0,,,,,6.5,7.0,5.75,5.75,5.75,5.0
148,Warsaw,2024-08-01,1,451.0,4.0,4,,3.0,1.0,1.0,,1.0,,1.0,1.0,,,,,1.0,,,1.0,,1.0,,,,1.0,1.0,,1.0,,,,,,6.5,7.0,5.75,5.75,5.75,5.0
149,Warsaw,2024-08-01,1,547.0,,,,1.0,,,,1.0,1.0,1.0,,,,,1.0,,,,,,1.0,,,,1.0,,,,,,,1.0,,6.5,7.0,5.75,5.75,5.75,5.0
150,Warsaw,2024-08-01,1,228.0,4.85,34,,1.0,1.0,,1.0,1.0,1.0,1.0,1.0,,,1.0,1.0,1.0,,,1.0,,1.0,,,,,,,,,,,,,6.5,7.0,5.75,5.75,5.75,5.0
151,Warsaw,2024-08-01,1,500.0,,,2.0,1.0,1.0,1.0,1.0,1.0,1.0,1.0,1.0,,,1.0,1.0,1.0,1.0,1.0,1.0,1.0,1.0,1.0,,,1.0,1.0,,,1.0,,,,,6.5,7.0,5.75,5.75,5.75,5.0
152,Warsaw,2024-08-01,1,393.0,5.0,8,,4.0,1.0,1.0,,1.0,1.0,1.0,,,,1.0,1.0,1.0,,,1.0,,1.0,,,,1.0,,1.0,,1.0,,,,,6.5,7.0,5.75,5.75,5.75,5.0
153,Warsaw,2024-08-01,1,314.0,4.17,6,,3.0,1.0,,1.0,1.0,1.0,1.0,1.0,1.0,1.0,1.0,,1.0,,1.0,,,1.0,,,1.0,1.0,1.0,1.0,1.0,,,,1.0,,6.5,7.0,5.75,5.75,5.75,5.0
154,Warsaw,2024-08-01,1,236.0,4.60,10,,1.0,,,1.0,1.0,1.0,1.0,,,,,,,,,,,1.0,1.0,,,,,,,,,,,,6.5,7.0,5.75,5.75,5.75,5.0
155,Warsaw,2024-08-01,1,275.0,4.78,18,,1.0,1.0,1.0,1.0,1.0,1.0,1.0,1.0,1.0,1.0,1.0,,1.0,,1.0,1.0,,1.0,,,1.0,1.0,1.0,,1.0,,,,,,6.5,7.0,5.75,5.75,5.75,5.0
156,Warsaw,2024-08-01,1,536.0,5.0,3,2.0,1.0,1.0,1.0,1.0,1.0,1.0,1.0,1.0,,,,,1.0,1.0,,1.0,,1.0,1.0,,,,,1.0,,1.0,,,,,6.5,7.0,5.75,5.75,5.75,5.0
157,Warsaw,2024-08-01,1,263.0,5.0,7,,11.0,1.0,1.0,1.0,1.0,1.0,1.0,1.0,,,1.0,1.0,1.0,,1.0,1.0,1.0,1.0,,,,1.0,1.0,,,1.0,,,,,6.5,7.0,5.75,5.75,5.75,5.0
158,Warsaw,2024-08-01,1,304.0,4.33,3,,1.0,1.0,1.0,1.0,1.0,1.0,1.0,,1.0,1.0,1.0,,1.0,1.0,1.0,1.0,,1.0,,,1.0,1.0,1.0,,,,,,,,6.5,7.0,5.75,5.75,5.75,5.0
159,Warsaw,2024-08-01,1,534.0,3.25,4,2.0,1.0,,,,1.0,,1.0,,,,,,,,,,,,,,,1.0,,,1.0,,,,,,6.5,7.0,5.75,5.75,5.75,5.0
160,Warsaw,2024-08-01,1,540.0,4.86,7,3.0,2.0,1.0,1.0,1.0,1.0,1.0,1.0,,1.0,1.0,1.0,,1.0,,,1.0,,1.0,,,,1.0,1.0,1.0,1.0,,,,,,6.5,7.0,5.75,5.75,5.75,5.0
161,Warsaw,2024-08-01,1,363.0,,,,1.0,,,,1.0,1.0,1.0,,,,,1.0,,,,,,1.0,1.0,1.0,,,,,,,,,,,6.5,7.0,5.75,5.75,5.75,5.0
162,Warsaw,2024-08-01,1,471.0,5.0,3,,1.0,,,,1.0,1.0,1.0,,,,,1.0,,,,,,1.0,,,,1.0,,1.0,,,,,,,6.5,7.0,5.75,5.75,5.75,5.0
163,Warsaw,2024-08-01,1,379.0,,,3.0,2.0,1.0,,,1.0,1.0,1.0,1.0,,,,1.0,,,,,,1.0,1.0,1.0,,,,,,,,,,,6.5,7.0,5.75,5.75,5.75,5.0
164,Warsaw,2024-08-01,1,547.0,5.0,7,4.0,3.0,1.0,1.0,1.0,1.0,1.0,1.0,1.0,1.0,1.0,1.0,,1.0,,1.0,1.0,1.0,1.0,,,1.0,1.0,1.0,1.0,1.0,1.0,,,,,6.5,7.0,5.75,5.75,5.75,5.0
165,Warsaw,2024-08-01,1,196.0,4.74,38,,4.0,1.0,,1.0,1.0,1.0,1.0,1.0,,,,1.0,,,,,,1.0,,,,1.0,,,,,,,,,6.5,7.0,5.75,5.75,5.75,5.0
166,Warsaw,2024-08-01,1,353.0,,,1.0,1.0,1.0,1.0,1.0,1.0,1.0,1.0,1.0,1.0,1.0,,,,1.0,,1.0,,,,,,,,,,1.0,,,,,6.5,7.0,5.75,5.75,5.75,5.0
167,Warsaw,2024-08-01,1,211.0,,,,1.0,1.0,1.0,1.0,1.0,,1.0,1.0,1.0,1.0,,1.0,1.0,,,,,1.0,,,,1.0,1.0,,1.0,,,,,,6.5,7.0,5.75,5.75,5.75,5.0
168,Warsaw,2024-08-01,1,157.0,4.93,82,,1.0,1.0,,,1.0,1.0,1.0,1.0,,,,1.0,1.0,,1.0,1.0,,1.0,,,,,,,,,,,,,6.5,7.0,5.75,5.75,5.75,5.0
169,Warsaw,2024-08-01,1,401.0,4.0,3,4.0,1.0,1.0,,,,,1.0,1.0,,,1.0,1.0,1.0,,,,,,,,,,,,,1.0,,,,,6.5,7.0,5.75,5.75,5.75,5.0
170,Warsaw,2024-08-01,1,540.0,4.80,5,4.0,1.0,1.0,1.0,1.0,1.0,1.0,1.0,,1.0,1.0,1.0,1.0,1.0,1.0,,1.0,,1.0,,,,,1.0,1.0,,,,,,,6.5,7.0,5.75,5.75,5.75,5.0
171,Warsaw,2024-08-01,1,599.0,5.0,5,4.0,2.0,1.0,1.0,,1.0,1.0,1.0,1.0,1.0,1.0,,1.0,1.0,,1.0,1.0,1.0,1.0,1.0,,1.0,1.0,1.0,,1.0,1.0,,,,,6.5,7.0,5.75,5.75,5.75,5.0
172,Warsaw,2024-08-01,1,685.0,,,4.0,2.0,1.0,1.0,1.0,1.0,1.0,1.0,1.0,,,1.0,,,1.0,1.0,1.0,1.0,1.0,1.0,,,1.0,1.0,,1.0,1.0,,,,,6.5,7.0,5.75,5.75,5.75,5.0
173,Warsaw,2024-08-01,1,314.0,,,1.0,1.0,1.0,1.0,1.0,1.0,1.0,1.0,1.0,1.0,1.0,,,,1.0,,1.0,,,,,,,,,,1.0,,,,,6.5,7.0,5.75,5.75,5.75,5.0
174,Warsaw,2024-08-01,1,485.0,,,2.0,1.0,,,,,,1.0,,,,,,,,,,,,,,,,,,,,,,,,6.5,7.0,5.75,5.75,5.75,5.0
175,Warsaw,2024-08-01,1,441.0,4.67,3,2.0,1.0,,,,,,,,,,,,,,,,,,,,,,,,,,,,,,6.5,7.0,5.75,5.75,5.75,5.0
176,Warsaw,2024-08-01,1,491.0,,,,4.0,1.0,1.0,1.0,1.0,,1.0,1.0,,,,,1.0,,,1.0,,1.0,,,,1.0,1.0,,1.0,,,,,,6.5,7.0,5.75,5.75,5.75,5.0
177,Warsaw,2024-08-01,1,236.0,,,2.0,2.0,,,,1.0,1.0,1.0,,,,,1.0,,,,,,1.0,,,,,,,,,,,,,6.5,7.0,5.75,5.75,5.75,5.0
178,Warsaw,2024-08-01,1,324.0,4.67,6,,1.0,,,1.0,1.0,1.0,1.0,,,,,1.0,,,,,,1.0,,,,1.0,1.0,,1.0,,,,1.0,,6.5,7.0,5.75,5.75,5.75,5.0
179,Warsaw,2024-08-01,1,319.0,,,,6.0,,,1.0,1.0,1.0,1.0,,,,,1.0,,,,,,1.0,,,,,1.0,1.0,,,,,,,6.5,7.0,5.75,5.75,5.75,5.0
180,Warsaw,2024-08-01,1,461.0,,,2.0,1.0,1.0,1.0,1.0,1.0,1.0,1.0,1.0,1.0,1.0,,,,1.0,,1.0,,,,,,,,,,1.0,,,,,6.5,7.0,5.75,5.75,5.75,5.0
181,Warsaw,2024-08-01,1,201.0,,,,1.0,1.0,1.0,1.0,1.0,,1.0,1.0,1.0,1.0,,,1.0,,,,,1.0,,,1.0,,1.0,1.0,1.0,,,,,,6.5,7.0,5.75,5.75,5.75,5.0
182,Warsaw,2024-08-01,1,499.0,,,2.0,1.0,1.0,1.0,,1.0,1.0,1.0,,,,,,1.0,,,1.0,,,1.0,,,,,1.0,,,,,,,6.5,7.0,5.75,5.75,5.75,5.0
183,Warsaw,2024-08-01,1,,,,,2.0,,,1.0,,,,,,,,,,,,,,,,,,,,,,,,,,,6.5,7.0,5.75,5.75,5.75,5.0
184,Warsaw,2024-08-01,1,353.0,,,1.0,1.0,1.0,1.0,1.0,1.0,1.0,1.0,1.0,1.0,1.0,,,,1.0,,1.0,,,,,,,,,1.0,1.0,,,,,6.5,7.0,5.75,5.75,5.75,5.0
185,Warsaw,2024-08-01,1,213.0,,,,1.0,1.0,1.0,1.0,1.0,,1.0,1.0,1.0,1.0,,,1.0,,,,,,,,1.0,,1.0,,1.0,,,,,,6.5,7.0,5.75,5.75,5.75,5.0
186,Warsaw,2024-08-01,1,275.0,,,,1.0,1.0,1.0,1.0,,,1.0,1.0,,,1.0,,1.0,,1.0,1.0,1.0,1.0,,,,1.0,1.0,,1.0,,,,,1.0,6.5,7.0,5.75,5.75,5.75,5.0
187,Warsaw,2024-08-01,1,440.0,4.33,3,2.0,1.0,1.0,1.0,,1.0,1.0,1.0,1.0,1.0,1.0,1.0,1.0,1.0,1.0,,,,1.0,,,1.0,1.0,,,1.0,1.0,,,,,6.5,7.0,5.75,5.75,5.75,5.0
188,Warsaw,2024-08-01,1,541.0,,,2.0,1.0,,,1.0,1.0,1.0,1.0,,,,,1.0,,,,,,1.0,,,,1.0,,,1.0,,,,,,6.5,7.0,5.75,5.75,5.75,5.0
189,Warsaw,2024-08-01,1,495.0,4.33,6,2.0,1.0,1.0,1.0,1.0,1.0,1.0,1.0,1.0,,,,,1.0,1.0,,1.0,,1.0,1.0,1.0,1.0,1.0,1.0,1.0,,1.0,,,,,6.5,7.0,5.75,5.75,5.75,5.0
190,Warsaw,2024-08-01,1,247.0,,,,1.0,,,1.0,,,1.0,,,,,1.0,,,,,,1.0,,,,,,,,,1.0,,,,6.5,7.0,5.75,5.75,5.75,5.0
191,Warsaw,2024-08-01,1,141.0,,,,3.0,,,1.0,1.0,1.0,1.0,,,,,1.0,,,,1.0,,1.0,,,,,,,,,,,,,6.5,7.0,5.75,5.75,5.75,5.0
192,Warsaw,2024-08-01,1,177.0,5.0,3,,2.0,,,,,,,,,,,,,,,,,,,,,,,,,,,,,,6.5,7.0,5.75,5.75,5.75,5.0
193,Warsaw,2024-08-01,1,488.0,4.40,10,3.0,,1.0,1.0,1.0,1.0,,1.0,1.0,1.0,1.0,1.0,,1.0,,1.0,1.0,,1.0,,,,1.0,1.0,,1.0,1.0,,,,,6.5,7.0,5.75,5.75,5.75,5.0
194,Warsaw,2024-08-01,1,491.0,,,4.0,2.0,,,,1.0,1.0,1.0,,,,,1.0,,1.0,1.0,1.0,1.0,1.0,1.0,,,1.0,,,1.0,1.0,,,,,6.5,7.0,5.75,5.75,5.75,5.0
195,Warsaw,2024-08-01,1,197.0,,,,3.0,,,1.0,1.0,,1.0,,,,,,,,,,,,,,,,,,,,,,,,6.5,7.0,5.75,5.75,5.75,5.0
196,Warsaw,2024-08-01,1,256.0,3.67,6,2.0,1.0,,,1.0,1.0,1.0,1.0,,,,,1.0,,,1.0,,,1.0,,,,,,,,,,,,,6.5,7.0,5.75,5.75,5.75,5.0
197,Warsaw,2024-08-01,1,323.0,,,,1.0,1.0,1.0,1.0,1.0,1.0,1.0,1.0,1.0,1.0,,1.0,1.0,1.0,1.0,1.0,,1.0,,,,1.0,,,,,,,,,6.5,7.0,5.75,5.75,5.75,5.0
198,Warsaw,2024-08-01,1,446.0,,,,2.0,1.0,1.0,1.0,1.0,1.0,1.0,1.0,,,,,,1.0,1.0,1.0,,,1.0,,,,,,,,,,,,6.5,7.0,5.75,5.75,5.75,5.0
199,Warsaw,2024-08-01,1,494.0,,,2.0,1.0,1.0,1.0,1.0,1.0,1.0,1.0,1.0,,,,,1.0,1.0,,1.0,,1.0,1.0,1.0,1.0,,1.0,1.0,,,,,,,6.5,7.0,5.75,5.75,5.75,5.0
200,Warsaw,2024-08-01,1,518.0,4.47,17,2.0,2.0,1.0,1.0,1.0,1.0,1.0,1.0,1.0,,,,,1.0,1.0,,1.0,,1.0,1.0,1.0,,,,1.0,,1.0,,,,,6.5,7.0,5.75,5.75,5.75,5.0
201,Warsaw,2024-08-01,1,491.0,,,3.0,1.0,1.0,1.0,,1.0,1.0,1.0,1.0,1.0,1.0,,1.0,1.0,,,1.0,1.0,1.0,,,,1.0,,,1.0,1.0,,,,,6.5,7.0,5.75,5.75,5.75,5.0
202,Warsaw,2024-08-01,1,544.0,,,2.0,1.0,1.0,1.0,1.0,1.0,1.0,1.0,1.0,,,,,1.0,,,1.0,,1.0,1.0,,,1.0,1.0,1.0,1.0,1.0,,,,,6.5,7.0,5.75,5.75,5.75,5.0
203,Warsaw,2024-08-01,1,295.0,,,,1.0,1.0,1.0,,1.0,1.0,1.0,1.0,1.0,1.0,1.0,1.0,1.0,1.0,,1.0,,1.0,,,,1.0,,,,,1.0,,,,6.5,7.0,5.75,5.75,5.75,5.0
204,Warsaw,2024-08-01,1,476.0,,,,1.0,,,1.0,1.0,1.0,1.0,,,,,1.0,,,,,,,1.0,,,1.0,1.0,,1.0,,1.0,,,,6.5,7.0,5.75,5.75,5.75,5.0
205,Warsaw,2024-08-01,1,550.0,4.67,3,2.0,1.0,,,1.0,1.0,1.0,,,,,,,,,,,,1.0,,,,1.0,,,1.0,,,,,,6.5,7.0,5.75,5.75,5.75,5.0
206,Warsaw,2024-08-01,1,400.0,4.20,5,,1.0,,,,1.0,1.0,1.0,,,,,1.0,,,,,,,,,,,,,,,,,,,6.5,7.0,5.75,5.75,5.75,5.0
207,Warsaw,2024-08-01,1,177.0,,,,2.0,,,,,,,,,,,,,,,,,,,,,,,,,,,,,,6.5,7.0,5.75,5.75,5.75,5.0
208,Warsaw,2024-08-01,1,471.0,,,,2.0,1.0,1.0,,1.0,1.0,1.0,1.0,,,,1.0,,1.0,,1.0,,,1.0,,,,,1.0,,,,,,,6.5,7.0,5.75,5.75,5.75,5.0
209,Warsaw,2024-08-01,1,491.0,,,,4.0,1.0,1.0,,1.0,,1.0,1.0,,,,,,,,1.0,,1.0,,,,1.0,1.0,,1.0,,,,,,6.5,7.0,5.75,5.75,5.75,5.0
210,Warsaw,2024-08-01,1,384.0,,,2.0,2.0,1.0,1.0,,1.0,1.0,1.0,,,,,,1.0,1.0,,1.0,,,1.0,,,,,1.0,,,,,,,6.5,7.0,5.75,5.75,5.75,5.0
211,Warsaw,2024-08-01,1,499.0,4.69,13,2.0,1.0,1.0,1.0,1.0,1.0,1.0,1.0,1.0,,,,,1.0,,,1.0,,,1.0,1.0,1.0,,,1.0,,,,,,,6.5,7.0,5.75,5.75,5.75,5.0
212,Warsaw,2024-08-01,1,470.0,5.0,14,4.0,2.0,1.0,1.0,,1.0,1.0,1.0,1.0,1.0,1.0,1.0,1.0,1.0,1.0,,1.0,1.0,1.0,,,1.0,1.0,1.0,,1.0,1.0,,,1.0,,6.5,7.0,5.75,5.75,5.75,5.0
213,Warsaw,2024-08-01,1,317.0,,,,1.0,,,,1.0,1.0,1.0,,,,,1.0,,,,1.0,,1.0,1.0,,,1.0,,,,,,,,,6.5,7.0,5.75,5.75,5.75,5.0
214,Warsaw,2024-08-01,1,343.0,,,,1.0,,,,1.0,1.0,1.0,,,,,1.0,,,,,,1.0,,,,,,,,,,,,,6.5,7.0,5.75,5.75,5.75,5.0
215,Warsaw,2024-08-01,1,441.0,,,2.0,2.0,1.0,1.0,1.0,1.0,1.0,1.0,1.0,,,,,1.0,1.0,,1.0,1.0,1.0,1.0,,,,,1.0,,1.0,,,,,6.5,7.0,5.75,5.75,5.75,5.0
216,Warsaw,2024-08-01,1,461.0,,,3.0,2.0,,,,1.0,1.0,1.0,,,,,1.0,,,,,,1.0,,,,,,,,,,,,,6.5,7.0,5.75,5.75,5.75,5.0
217,Warsaw,2024-08-01,1,450.0,,,2.0,2.0,1.0,1.0,1.0,1.0,1.0,1.0,1.0,,,,1.0,1.0,1.0,,1.0,,,1.0,1.0,,,,1.0,,1.0,,,,,6.5,7.0,5.75,5.75,5.75,5.0
218,Warsaw,2024-08-01,1,343.0,,,,1.0,,,1.0,1.0,,1.0,,,,,,,,,,,,1.0,1.0,,,,,,,,,,,6.5,7.0,5.75,5.75,5.75,5.0
219,Warsaw,2024-08-01,1,499.0,4.50,8,2.0,1.0,1.0,1.0,1.0,1.0,1.0,1.0,1.0,,,,,1.0,1.0,,1.0,,,1.0,,,,,1.0,,1.0,,,,,6.5,7.0,5.75,5.75,5.75,5.0
220,Warsaw,2024-08-01,1,496.0,,,2.0,1.0,1.0,1.0,1.0,1.0,1.0,1.0,1.0,,,,1.0,1.0,1.0,,1.0,1.0,1.0,1.0,,,,,1.0,,1.0,,,,,6.5,7.0,5.75,5.75,5.75,5.0
221,Warsaw,2024-08-01,1,379.0,,,,2.0,1.0,,,1.0,1.0,1.0,1.0,,,,,1.0,1.0,,1.0,,1.0,1.0,,,,,1.0,,,,,,,6.5,7.0,5.75,5.75,5.75,5.0
222,Warsaw,2024-08-01,1,253.0,,,2.0,1.0,,,1.0,1.0,1.0,1.0,,,,,1.0,,,,,,1.0,,,,,1.0,,,,,,,,6.5,7.0,5.75,5.75,5.75,5.0
223,Warsaw,2024-08-01,1,312.0,3.67,3,,,1.0,1.0,,1.0,1.0,1.0,1.0,1.0,1.0,1.0,1.0,1.0,,1.0,1.0,1.0,1.0,,,,,,,1.0,,,,,,6.5,7.0,5.75,5.75,5.75,5.0
224,Warsaw,2024-08-01,1,393.0,,,,2.0,1.0,1.0,,1.0,1.0,1.0,1.0,,,1.0,1.0,,1.0,1.0,1.0,,1.0,,,,1.0,1.0,1.0,1.0,,1.0,,,,6.5,7.0,5.75,5.75,5.75,5.0
225,Warsaw,2024-08-01,1,437.0,,,3.0,3.0,1.0,1.0,1.0,1.0,1.0,1.0,1.0,,,,1.0,1.0,1.0,,1.0,1.0,1.0,1.0,,,,,1.0,,1.0,,,,,6.5,7.0,5.75,5.75,5.75,5.0
226,Warsaw,2024-08-01,1,284.0,,,2.0,1.0,,,,,,,,,,,,,,,,,,,,,,,,,,,,,,6.5,7.0,5.75,5.75,5.75,5.0
227,Warsaw,2024-08-01,1,487.0,,,,4.0,1.0,1.0,,1.0,1.0,1.0,1.0,,,,,,1.0,,1.0,,,1.0,,,,,1.0,,,,,,,6.5,7.0,5.75,5.75,5.75,5.0
228,Warsaw,2024-08-01,1,214.0,,,,1.0,1.0,1.0,1.0,1.0,1.0,1.0,1.0,1.0,1.0,1.0,1.0,1.0,1.0,1.0,1.0,,1.0,,,,1.0,1.0,1.0,1.0,1.0,,,,1.0,6.5,7.0,5.75,5.75,5.75,5.0
229,Warsaw,2024-08-01,1,394.0,,,,2.0,1.0,1.0,,1.0,1.0,1.0,1.0,,,,1.0,1.0,1.0,,1.0,,1.0,1.0,1.0,,,,1.0,,,,,,,6.5,7.0,5.75,5.75,5.75,5.0
230,Warsaw,2024-08-01,1,367.0,,,,2.0,1.0,1.0,,1.0,1.0,1.0,,,,,1.0,1.0,1.0,1.0,1.0,,,,,,1.0,1.0,,,,,,,,6.5,7.0,5.75,5.75,5.75,5.0
231,Warsaw,2024-08-01,1,431.0,,,,1.0,1.0,1.0,,1.0,1.0,1.0,,,,,1.0,1.0,1.0,,1.0,,1.0,,,,1.0,1.0,,1.0,,,,,,6.5,7.0,5.75,5.75,5.75,5.0
232,Warsaw,2024-08-01,1,431.0,,,,2.0,1.0,,,1.0,1.0,1.0,1.0,,,,1.0,1.0,1.0,,1.0,,1.0,1.0,1.0,,,,1.0,,,,,,,6.5,7.0,5.75,5.75,5.75,5.0
233,Warsaw,2024-08-01,1,412.0,,,,1.0,1.0,1.0,,1.0,1.0,1.0,1.0,,,,,1.0,1.0,,1.0,,1.0,1.0,,,,,1.0,,,,,,,6.5,7.0,5.75,5.75,5.75,5.0
234,Warsaw,2024-08-01,1,550.0,4.25,4,4.0,2.0,1.0,1.0,1.0,1.0,1.0,1.0,1.0,,,,,,1.0,,1.0,,,1.0,,,,,,,,,,,,6.5,7.0,5.75,5.75,5.75,5.0
235,Warsaw,2024-08-01,1,379.0,,,,2.0,,,,1.0,1.0,1.0,,,,,1.0,,,,,,1.0,,,,,,,,,,,,,6.5,7.0,5.75,5.75,5.75,5.0
236,Warsaw,2024-08-01,1,496.0,,,,2.0,1.0,1.0,,1.0,1.0,1.0,1.0,,,,,,1.0,,1.0,,,1.0,,,,,1.0,,,,,,,6.5,7.0,5.75,5.75,5.75,5.0
237,Warsaw,2024-08-01,1,284.0,,,2.0,1.0,,,,,,,,,,,,,,,,,,,,,,,,,,,,,,6.5,7.0,5.75,5.75,5.75,5.0
238,Warsaw,2024-08-01,1,196.0,,,,1.0,,,1.0,1.0,1.0,1.0,,,,,1.0,,,,,,,,,,1.0,,,,,,,,,6.5,7.0,5.75,5.75,5.75,5.0
239,Warsaw,2024-08-01,1,198.0,,,,2.0,,,1.0,1.0,1.0,1.0,,,,,1.0,,,,,,1.0,,,,1.0,,,,,,,,,6.5,7.0,5.75,5.75,5.75,5.0
240,Warsaw,2024-08-01,1,167.0,,,,1.0,1.0,1.0,1.0,1.0,1.0,1.0,1.0,1.0,1.0,1.0,1.0,,1.0,,,,1.0,,,1.0,1.0,1.0,,1.0,,1.0,,,1.0,6.5,7.0,5.75,5.75,5.75,5.0
241,Warsaw,2024-08-01,1,284.0,,,2.0,1.0,,,,,,,,,,,,,,,,,,,,,,,,,,,,,,6.5,7.0,5.75,5.75,5.75,5.0
242,Warsaw,2024-08-01,1,460.0,,,,2.0,1.0,1.0,,1.0,1.0,1.0,1.0,,,,,1.0,1.0,,1.0,,1.0,1.0,,,,,1.0,,,,,,,6.5,7.0,5.75,5.75,5.75,5.0
243,Warsaw,2024-08-01,1,343.0,,,,1.0,,,1.0,1.0,1.0,1.0,,,,,1.0,,,,,,1.0,1.0,1.0,,,,,,,,,,,6.5,7.0,5.75,5.75,5.75,5.0
244,Warsaw,2024-08-01,1,324.0,,,,1.0,1.0,1.0,,1.0,1.0,1.0,,,,,,1.0,1.0,,1.0,,1.0,,,,,1.0,,1.0,,,,,,6.5,7.0,5.75,5.75,5.75,5.0
245,Warsaw,2024-08-01,1,284.0,,,2.0,1.0,,,,,,,,,,,,,,,,,,,,,,,,,,,,,,6.5,7.0,5.75,5.75,5.75,5.0
246,Warsaw,2024-08-01,1,437.0,,,,,1.0,1.0,1.0,1.0,1.0,1.0,1.0,,,,1.0,1.0,1.0,,1.0,,1.0,1.0,1.0,,,,1.0,,,,,,,6.5,7.0,5.75,5.75,5.75,5.0
247,Warsaw,2024-08-01,1,373.0,,,,3.0,,,,1.0,,,,,,,,,,,,,,,,,,,,,,,,,,6.5,7.0,5.75,5.75,5.75,5.0
248,Warsaw,2024-08-01,1,284.0,,,2.0,1.0,,,,,,,,,,,,,,,,,,,,,,,,,,,,,,6.5,7.0,5.75,5.75,5.75,5.0
249,Warsaw,2024-08-01,1,541.0,,,4.0,3.0,1.0,1.0,,1.0,1.0,1.0,,,,1.0,1.0,,1.0,1.0,1.0,1.0,1.0,,,1.0,1.0,,,1.0,,,,,,6.5,7.0,5.75,5.75,5.75,5.0
250,Warsaw,2024-08-01,1,491.0,,,,2.0,,,1.0,1.0,1.0,1.0,,,,,1.0,,,,,,1.0,,,,1.0,1.0,,1.0,,,,,,6.5,7.0,5.75,5.75,5.75,5.0
251,Warsaw,2024-08-01,1,550.0,,,2.0,1.0,,,1.0,,,,,,,,,,,,,,,,,,,1.0,,,,,,,,6.5,7.0,5.75,5.75,5.75,5.0
252,Warsaw,2024-08-01,1,529.0,,,4.0,3.0,1.0,1.0,,1.0,,1.0,1.0,1.0,1.0,1.0,1.0,1.0,,1.0,1.0,1.0,1.0,,,,1.0,1.0,,1.0,1.0,,,,,6.5,7.0,5.75,5.75,5.75,5.0
253,Warsaw,2024-08-01,1,353.0,,,,1.0,1.0,1.0,,1.0,1.0,1.0,,,,,1.0,1.0,1.0,,1.0,,1.0,,,,,1.0,,,,,,,,6.5,7.0,5.75,5.75,5.75,5.0
254,Warsaw,2024-08-01,1,284.0,,,2.0,1.0,,,,,,,,,,,,,,,,,,,,,,,,,,,,,,6.5,7.0,5.75,5.75,5.75,5.0
255,Warsaw,2024-08-01,1,475.0,,,2.0,2.0,1.0,1.0,1.0,1.0,1.0,1.0,1.0,,,,1.0,1.0,1.0,,1.0,1.0,1.0,1.0,,,,,1.0,,1.0,,,,,6.5,7.0,5.75,5.75,5.75,5.0
256,Warsaw,2024-08-01,1,284.0,,,2.0,1.0,,,,,,,,,,,,,,,,,,,,,,,,,,,,,,6.5,7.0,5.75,5.75,5.75,5.0
257,Warsaw,2024-08-01,1,128.0,,,16.0,1.0,,,1.0,1.0,1.0,1.0,,,,,1.0,,,,1.0,,1.0,,,,1.0,1.0,,,,,,,,6.5,7.0,5.75,5.75,5.75,5.0
258,Warsaw,2024-08-01,1,284.0,,,2.0,1.0,,,,,,,,,,,,,,,,,,,,,,,,,,,,,,6.5,7.0,5.75,5.75,5.75,5.0
259,Warsaw,2024-08-01,1,486.0,,,,,1.0,1.0,,1.0,1.0,1.0,1.0,,,,1.0,1.0,1.0,,1.0,,1.0,1.0,1.0,,,,1.0,,,,,,,6.5,7.0,5.75,5.75,5.75,5.0
260,Warsaw,2024-08-01,1,508.0,,,,,,,,,,,,,,,,,,,,,,,,,,,,,,,,,,6.5,7.0,5.75,5.75,5.75,5.0
261,Warsaw,2024-08-01,1,510.0,,,2.0,2.0,,,1.0,1.0,1.0,1.0,,,,,,,,,,,1.0,,,,1.0,,,1.0,,,,,,6.5,7.0,5.75,5.75,5.75,5.0
262,Warsaw,2024-08-01,1,471.0,,,,3.0,1.0,1.0,1.0,1.0,1.0,1.0,1.0,,,,1.0,1.0,1.0,,1.0,1.0,1.0,1.0,,,,,1.0,,1.0,,,,,6.5,7.0,5.75,5.75,5.75,5.0
263,Warsaw,2024-08-01,1,373.0,,,,3.0,,,,,,1.0,,,,,,,,,1.0,,,,,,,,,,,,,,,6.5,7.0,5.75,5.75,5.75,5.0
264,Warsaw,2024-08-01,1,124.0,,,,1.0,,,1.0,1.0,1.0,1.0,,,,,1.0,,,,,,1.0,,,,1.0,1.0,,,1.0,,,,,6.5,7.0,5.75,5.75,5.75,5.0
265,Warsaw,2024-08-01,1,1276.0,5.0,10,3.0,1.0,1.0,1.0,1.0,1.0,1.0,1.0,1.0,1.0,1.0,1.0,,1.0,1.0,1.0,,1.0,1.0,1.0,1.0,1.0,1.0,,,1.0,1.0,,,,,6.5,7.0,5.75,5.75,5.75,5.0
266,Warsaw,2024-08-01,1,1040.0,,,2.0,1.0,1.0,1.0,1.0,1.0,1.0,1.0,1.0,,,1.0,1.0,1.0,1.0,,1.0,,1.0,1.0,1.0,,1.0,1.0,,,,,,,,6.5,7.0,5.75,5.75,5.75,5.0
267,Warsaw,2024-08-01,1,1226.0,4.86,279,2.0,1.0,1.0,1.0,1.0,1.0,,1.0,1.0,,,1.0,1.0,1.0,1.0,,1.0,,1.0,1.0,,,1.0,1.0,1.0,,1.0,1.0,,,,6.5,7.0,5.75,5.75,5.75,5.0
268,Warsaw,2024-08-01,1,803.0,4.97,38,4.0,2.0,1.0,1.0,,1.0,1.0,1.0,1.0,1.0,1.0,1.0,,1.0,1.0,1.0,1.0,1.0,1.0,1.0,,1.0,1.0,,1.0,1.0,,,,,,6.5,7.0,5.75,5.75,5.75,5.0
269,Warsaw,2024-08-01,1,1038.0,4.69,412,2.0,2.0,1.0,1.0,1.0,1.0,1.0,1.0,1.0,1.0,1.0,1.0,1.0,1.0,1.0,1.0,,,1.0,1.0,1.0,1.0,1.0,,,,1.0,,,,,6.5,7.0,5.75,5.75,5.75,5.0
270,Warsaw,2024-08-01,1,903.0,4.97,37,4.0,2.0,1.0,1.0,,1.0,1.0,1.0,1.0,,,1.0,,1.0,1.0,1.0,1.0,1.0,1.0,,,1.0,1.0,1.0,1.0,1.0,,,,,,6.5,7.0,5.75,5.75,5.75,5.0
271,Warsaw,2024-08-01,1,1020.0,5.0,15,2.0,1.0,1.0,,,1.0,,1.0,1.0,1.0,1.0,,,,,,1.0,1.0,1.0,1.0,1.0,,1.0,1.0,,1.0,,,,,,6.5,7.0,5.75,5.75,5.75,5.0
272,Warsaw,2024-08-01,1,1334.0,,,5.0,3.0,1.0,1.0,1.0,1.0,1.0,1.0,1.0,,,1.0,1.0,1.0,1.0,1.0,1.0,,1.0,1.0,1.0,,1.0,1.0,,1.0,,,,,,6.5,7.0,5.75,5.75,5.75,5.0
273,Warsaw,2024-08-01,1,1434.0,,,5.0,3.0,1.0,1.0,1.0,1.0,1.0,1.0,1.0,,,1.0,1.0,1.0,,,1.0,1.0,1.0,1.0,,,1.0,,,1.0,,,1.0,,1.0,6.5,7.0,5.75,5.75,5.75,5.0
274,Warsaw,2024-08-01,1,687.0,,,4.0,2.0,,,1.0,1.0,1.0,,,,,,1.0,,,,,,,,,,1.0,,,1.0,,,,,,6.5,7.0,5.75,5.75,5.75,5.0
275,Warsaw,2024-08-01,1,719.0,4.89,72,2.0,1.0,1.0,1.0,1.0,1.0,1.0,1.0,1.0,,,1.0,1.0,1.0,1.0,1.0,1.0,,1.0,1.0,,1.0,1.0,,,,,,,,,6.5,7.0,5.75,5.75,5.75,5.0
276,Warsaw,2024-08-01,1,662.0,5.0,25,4.0,2.0,1.0,1.0,1.0,1.0,,1.0,1.0,1.0,1.0,1.0,,1.0,1.0,1.0,1.0,1.0,1.0,,,1.0,1.0,1.0,1.0,1.0,1.0,,,,,6.5,7.0,5.75,5.75,5.75,5.0
277,Warsaw,2024-08-01,1,575.0,,,4.0,1.0,1.0,1.0,,1.0,1.0,1.0,1.0,,,1.0,1.0,1.0,1.0,,1.0,1.0,1.0,1.0,1.0,,1.0,,,,,,,,,6.5,7.0,5.75,5.75,5.75,5.0
278,Warsaw,2024-08-01,1,1276.0,5.0,8,2.0,1.0,1.0,1.0,,1.0,1.0,1.0,1.0,1.0,1.0,1.0,,1.0,,,1.0,1.0,1.0,,,,1.0,1.0,1.0,1.0,,,,,,6.5,7.0,5.75,5.75,5.75,5.0
279,Warsaw,2024-08-01,1,1010.0,4.33,6,2.0,1.0,1.0,1.0,,1.0,1.0,1.0,1.0,1.0,1.0,,,,1.0,,1.0,,1.0,,,,1.0,1.0,,,,,,,,6.5,7.0,5.75,5.75,5.75,5.0
280,Warsaw,2024-08-01,1,932.0,5.0,5,4.0,1.0,1.0,,1.0,1.0,1.0,1.0,1.0,1.0,1.0,,,1.0,,,,1.0,1.0,,,,1.0,1.0,,1.0,,,,,,6.5,7.0,5.75,5.75,5.75,5.0
281,Warsaw,2024-08-01,1,956.0,5.0,3,2.0,1.0,1.0,1.0,1.0,1.0,1.0,1.0,1.0,1.0,1.0,1.0,1.0,1.0,1.0,,1.0,,1.0,1.0,1.0,,,,,,1.0,,,,,6.5,7.0,5.75,5.75,5.75,5.0
282,Warsaw,2024-08-01,1,1025.0,4.90,72,4.0,2.0,1.0,1.0,1.0,1.0,1.0,1.0,1.0,1.0,1.0,1.0,,1.0,1.0,,,,1.0,1.0,,1.0,1.0,,,1.0,,,,,,6.5,7.0,5.75,5.75,5.75,5.0
283,Warsaw,2024-08-01,1,932.0,4.92,13,4.0,2.0,1.0,1.0,,1.0,1.0,1.0,1.0,1.0,1.0,1.0,1.0,1.0,1.0,,1.0,1.0,1.0,1.0,,,1.0,1.0,,1.0,,,,,,6.5,7.0,5.75,5.75,5.75,5.0
284,Warsaw,2024-08-01,1,1130.0,,,4.0,2.0,1.0,,1.0,1.0,1.0,1.0,1.0,,,,1.0,,,,,,1.0,1.0,1.0,,,,,,,,,,,6.5,7.0,5.75,5.75,5.75,5.0
285,Warsaw,2024-08-01,1,916.0,4.85,27,3.0,1.0,1.0,1.0,1.0,1.0,1.0,1.0,1.0,1.0,1.0,1.0,1.0,1.0,1.0,1.0,1.0,,1.0,,,1.0,1.0,1.0,,1.0,1.0,,,,,6.5,7.0,5.75,5.75,5.75,5.0
286,Warsaw,2024-08-01,1,587.0,4.67,11,2.0,1.0,,,,1.0,1.0,1.0,,,,,,1.0,,,,,1.0,,,,1.0,,,,,,,,,6.5,7.0,5.75,5.75,5.75,5.0
287,Warsaw,2024-08-01,1,1055.0,4.85,13,2.0,1.0,1.0,1.0,1.0,1.0,1.0,1.0,1.0,1.0,1.0,1.0,1.0,1.0,,1.0,1.0,,1.0,1.0,1.0,,,,,1.0,1.0,,,,,6.5,7.0,5.75,5.75,5.75,5.0
288,Warsaw,2024-08-01,1,770.0,5.0,8,4.0,1.0,1.0,,1.0,1.0,1.0,1.0,1.0,1.0,1.0,1.0,1.0,1.0,,,,1.0,1.0,,,,1.0,1.0,1.0,1.0,1.0,1.0,,,1.0,6.5,7.0,5.75,5.75,5.75,5.0
289,Warsaw,2024-08-01,1,727.0,4.95,20,2.0,1.0,1.0,1.0,,1.0,1.0,1.0,1.0,1.0,1.0,1.0,,1.0,,1.0,1.0,1.0,1.0,1.0,1.0,,1.0,1.0,1.0,1.0,1.0,,,,,6.5,7.0,5.75,5.75,5.75,5.0
290,Warsaw,2024-08-01,1,1451.0,,,5.0,3.0,1.0,1.0,1.0,1.0,1.0,1.0,1.0,,,1.0,1.0,1.0,,1.0,1.0,1.0,1.0,1.0,,,1.0,,,1.0,,,1.0,,,6.5,7.0,5.75,5.75,5.75,5.0
291,Warsaw,2024-08-01,1,560.0,4.98,41,2.0,1.0,1.0,,,1.0,,1.0,1.0,,,,,1.0,,,1.0,1.0,1.0,,,,,1.0,,,1.0,,,,,6.5,7.0,5.75,5.75,5.75,5.0
292,Warsaw,2024-08-01,1,941.0,4.74,19,4.0,1.0,1.0,,,1.0,1.0,1.0,1.0,1.0,1.0,1.0,,1.0,,1.0,1.0,1.0,1.0,,,1.0,1.0,1.0,,,,,,,,6.5,7.0,5.75,5.75,5.75,5.0
293,Warsaw,2024-08-01,1,562.0,4.80,109,3.0,1.0,1.0,1.0,1.0,1.0,1.0,1.0,1.0,1.0,1.0,1.0,,1.0,,1.0,1.0,1.0,1.0,1.0,,,1.0,1.0,,1.0,1.0,,,,,6.5,7.0,5.75,5.75,5.75,5.0
294,Warsaw,2024-08-01,1,1284.0,,,4.0,1.0,1.0,,1.0,1.0,1.0,1.0,1.0,,,,1.0,,,,,,,,,,,,1.0,,,,,,,6.5,7.0,5.75,5.75,5.75,5.0
295,Warsaw,2024-08-01,1,1177.0,,,6.0,3.0,1.0,1.0,1.0,1.0,1.0,1.0,1.0,1.0,1.0,1.0,1.0,1.0,1.0,1.0,1.0,1.0,1.0,1.0,1.0,,1.0,1.0,,,,,,,,6.5,7.0,5.75,5.75,5.75,5.0
296,Warsaw,2024-08-01,1,763.0,,,4.0,,1.0,1.0,1.0,1.0,1.0,1.0,1.0,1.0,1.0,1.0,1.0,1.0,,1.0,,,1.0,1.0,1.0,1.0,1.0,1.0,,1.0,1.0,,,,,6.5,7.0,5.75,5.75,5.75,5.0
297,Warsaw,2024-08-01,1,971.0,4.90,10,2.0,1.0,1.0,,,1.0,1.0,1.0,1.0,,,,,,,,1.0,,1.0,,,,1.0,1.0,1.0,,,,,,,6.5,7.0,5.75,5.75,5.75,5.0
298,Warsaw,2024-08-01,1,1201.0,,,4.0,2.0,1.0,1.0,1.0,1.0,1.0,1.0,1.0,,,1.0,1.0,1.0,,,1.0,,1.0,1.0,,,1.0,,,1.0,,,1.0,,,6.5,7.0,5.75,5.75,5.75,5.0
299,Warsaw,2024-08-01,1,700.0,4.88,8,4.0,1.0,1.0,1.0,1.0,1.0,1.0,1.0,1.0,1.0,1.0,1.0,,1.0,1.0,1.0,,1.0,1.0,1.0,1.0,1.0,1.0,,,1.0,,,,,,6.5,7.0,5.75,5.75,5.75,5.0
300,Warsaw,2024-08-01,1,1471.0,5.0,5,4.0,2.0,1.0,1.0,1.0,1.0,1.0,1.0,1.0,1.0,1.0,,,1.0,,1.0,1.0,1.0,1.0,,,,1.0,,1.0,1.0,1.0,,,,,6.5,7.0,5.75,5.75,5.75,5.0
301,Warsaw,2024-08-01,1,685.0,5.0,5,2.0,1.0,1.0,1.0,1.0,1.0,1.0,1.0,1.0,,,1.0,,1.0,,,1.0,1.0,1.0,,,,1.0,,,1.0,,,,,,6.5,7.0,5.75,5.75,5.75,5.0
302,Warsaw,2024-08-01,1,801.0,5.0,4,4.0,2.0,1.0,,1.0,1.0,1.0,1.0,1.0,,,,,,,1.0,,,,1.0,1.0,,1.0,,,,,,,,,6.5,7.0,5.75,5.75,5.75,5.0
303,Warsaw,2024-08-01,1,839.0,,,2.0,1.0,1.0,1.0,1.0,1.0,1.0,1.0,1.0,1.0,1.0,1.0,1.0,1.0,,1.0,1.0,,1.0,1.0,1.0,,1.0,1.0,1.0,,1.0,,,,,6.5,7.0,5.75,5.75,5.75,5.0
304,Warsaw,2024-08-01,1,784.0,4.60,5,4.0,2.0,1.0,1.0,,1.0,1.0,1.0,,1.0,1.0,1.0,,1.0,,1.0,1.0,1.0,1.0,1.0,1.0,1.0,1.0,1.0,,1.0,,,,,,6.5,7.0,5.75,5.75,5.75,5.0
305,Warsaw,2024-08-01,1,687.0,,,4.0,2.0,,,1.0,1.0,1.0,1.0,,,,,1.0,,,,,,,,,,1.0,,,1.0,,,,,,6.5,7.0,5.75,5.75,5.75,5.0
306,Warsaw,2024-08-01,1,1025.0,5.0,12,4.0,2.0,1.0,1.0,,1.0,1.0,1.0,,,,,1.0,1.0,1.0,1.0,1.0,1.0,1.0,1.0,1.0,,1.0,,1.0,1.0,,,,,,6.5,7.0,5.75,5.75,5.75,5.0
307,Warsaw,2024-08-01,1,1201.0,,,4.0,2.0,1.0,1.0,1.0,1.0,1.0,1.0,1.0,,,1.0,1.0,1.0,,,1.0,1.0,1.0,1.0,,,1.0,,,1.0,,,1.0,,,6.5,7.0,5.75,5.75,5.75,5.0
308,Warsaw,2024-08-01,1,748.0,5.0,28,4.0,1.0,1.0,1.0,1.0,1.0,1.0,1.0,1.0,1.0,1.0,1.0,1.0,1.0,,1.0,1.0,1.0,1.0,,,1.0,1.0,1.0,,1.0,,,,,,6.5,7.0,5.75,5.75,5.75,5.0
309,Warsaw,2024-08-01,1,735.0,4.92,36,4.0,2.0,1.0,1.0,,1.0,1.0,1.0,1.0,1.0,1.0,1.0,,1.0,,1.0,1.0,,1.0,1.0,1.0,1.0,1.0,1.0,,1.0,,,,,,6.5,7.0,5.75,5.75,5.75,5.0
310,Warsaw,2024-08-01,1,644.0,4.35,17,6.0,1.0,1.0,1.0,,1.0,1.0,1.0,1.0,1.0,1.0,1.0,,1.0,,,1.0,,1.0,1.0,1.0,,1.0,,,1.0,,,,,,6.5,7.0,5.75,5.75,5.75,5.0
311,Warsaw,2024-08-01,1,587.0,4.56,9,2.0,1.0,,,1.0,1.0,1.0,1.0,,,,,1.0,,,,1.0,,1.0,1.0,1.0,,1.0,,,1.0,,,,,,6.5,7.0,5.75,5.75,5.75,5.0
312,Warsaw,2024-08-01,1,784.0,,,2.0,1.0,1.0,1.0,,1.0,1.0,1.0,1.0,1.0,1.0,1.0,,1.0,,1.0,1.0,1.0,1.0,1.0,1.0,1.0,1.0,1.0,,1.0,1.0,,,,,6.5,7.0,5.75,5.75,5.75,5.0
313,Warsaw,2024-08-01,1,951.0,4.67,15,3.0,2.0,1.0,1.0,1.0,1.0,,1.0,1.0,1.0,1.0,1.0,,,,1.0,1.0,,1.0,1.0,1.0,,1.0,,1.0,1.0,1.0,,,,,6.5,7.0,5.75,5.75,5.75,5.0
314,Warsaw,2024-08-01,1,1373.0,4.80,5,2.0,2.0,1.0,1.0,,1.0,1.0,1.0,1.0,1.0,1.0,1.0,1.0,1.0,,,1.0,1.0,1.0,,,,1.0,,,1.0,,,,,,6.5,7.0,5.75,5.75,5.75,5.0
315,Warsaw,2024-08-01,1,667.0,5.0,4,2.0,1.0,1.0,1.0,1.0,1.0,1.0,1.0,1.0,,,1.0,1.0,1.0,1.0,1.0,1.0,1.0,1.0,1.0,,,1.0,1.0,,,1.0,,,,,6.5,7.0,5.75,5.75,5.75,5.0
316,Warsaw,2024-08-01,1,648.0,5.0,24,4.0,2.0,1.0,1.0,1.0,1.0,1.0,1.0,1.0,1.0,1.0,,,1.0,1.0,1.0,1.0,1.0,1.0,,,1.0,1.0,1.0,,1.0,,,,,,6.5,7.0,5.75,5.75,5.75,5.0
317,Warsaw,2024-08-01,1,1128.0,5.0,6,4.0,1.0,1.0,1.0,1.0,1.0,1.0,1.0,1.0,1.0,1.0,1.0,1.0,1.0,1.0,1.0,1.0,1.0,1.0,1.0,1.0,,1.0,1.0,,,1.0,,,,,6.5,7.0,5.75,5.75,5.75,5.0
318,Warsaw,2024-08-01,1,621.0,4.86,7,4.0,2.0,1.0,1.0,,1.0,1.0,1.0,1.0,1.0,1.0,1.0,1.0,1.0,,,,1.0,1.0,,,1.0,1.0,1.0,,1.0,,,,,,6.5,7.0,5.75,5.75,5.75,5.0
319,Warsaw,2024-08-01,1,1177.0,,,6.0,3.0,1.0,1.0,1.0,1.0,1.0,1.0,1.0,1.0,1.0,1.0,1.0,1.0,1.0,1.0,1.0,1.0,1.0,1.0,1.0,,1.0,1.0,,,,,,,,6.5,7.0,5.75,5.75,5.75,5.0
320,Warsaw,2024-08-01,1,766.0,5.0,10,5.0,4.0,1.0,1.0,1.0,1.0,1.0,1.0,1.0,1.0,1.0,1.0,1.0,1.0,,1.0,,1.0,1.0,1.0,,,1.0,1.0,1.0,1.0,1.0,,,,,6.5,7.0,5.75,5.75,5.75,5.0
321,Warsaw,2024-08-01,1,719.0,4.87,60,2.0,1.0,1.0,1.0,1.0,1.0,1.0,1.0,1.0,,,1.0,1.0,1.0,,1.0,1.0,1.0,1.0,1.0,,,1.0,,,,,,,,,6.5,7.0,5.75,5.75,5.75,5.0
322,Warsaw,2024-08-01,1,720.0,4.67,3,2.0,1.0,1.0,,,1.0,1.0,1.0,1.0,,,,1.0,,,,1.0,,1.0,1.0,1.0,,1.0,,,,,,,,,6.5,7.0,5.75,5.75,5.75,5.0
323,Warsaw,2024-08-01,1,1251.0,4.75,12,3.0,1.0,1.0,1.0,,1.0,1.0,1.0,1.0,1.0,1.0,1.0,1.0,1.0,1.0,,1.0,,,,,1.0,1.0,,,,,,,,,6.5,7.0,5.75,5.75,5.75,5.0
324,Warsaw,2024-08-01,1,693.0,5.0,7,4.0,2.0,1.0,1.0,,1.0,1.0,1.0,1.0,1.0,1.0,1.0,1.0,1.0,,,1.0,1.0,1.0,,,,1.0,1.0,1.0,1.0,,,,,,6.5,7.0,5.75,5.75,5.75,5.0
325,Warsaw,2024-08-01,1,689.0,5.0,20,2.0,1.0,1.0,,,1.0,1.0,1.0,1.0,,,,,1.0,1.0,1.0,1.0,1.0,1.0,1.0,,,1.0,1.0,1.0,,,,,,,6.5,7.0,5.75,5.75,5.75,5.0
326,Warsaw,2024-08-01,1,1451.0,,,5.0,3.0,1.0,1.0,1.0,1.0,1.0,1.0,1.0,,,1.0,1.0,1.0,,1.0,1.0,1.0,1.0,1.0,,,1.0,,,1.0,,,1.0,,,6.5,7.0,5.75,5.75,5.75,5.0
327,Warsaw,2024-08-01,1,966.0,5.0,7,2.0,1.0,1.0,1.0,1.0,1.0,1.0,1.0,1.0,1.0,1.0,1.0,,1.0,,1.0,1.0,1.0,1.0,,,1.0,1.0,1.0,1.0,,,,,,,6.5,7.0,5.75,5.75,5.75,5.0
328,Warsaw,2024-08-01,1,1201.0,,,4.0,2.0,1.0,1.0,1.0,1.0,1.0,1.0,1.0,,,1.0,1.0,1.0,,,1.0,,1.0,1.0,,,1.0,,,1.0,,,1.0,,,6.5,7.0,5.75,5.75,5.75,5.0
329,Warsaw,2024-08-01,1,600.0,4.90,10,2.0,1.0,1.0,1.0,1.0,1.0,1.0,1.0,1.0,1.0,1.0,1.0,1.0,1.0,1.0,,1.0,1.0,1.0,1.0,1.0,,1.0,1.0,,,1.0,,,,,6.5,7.0,5.75,5.75,5.75,5.0
330,Warsaw,2024-08-01,1,981.0,5.0,3,2.0,1.0,1.0,,1.0,1.0,1.0,1.0,1.0,,,,1.0,,,,,,,,,,1.0,1.0,,1.0,,,,,,6.5,7.0,5.75,5.75,5.75,5.0
331,Warsaw,2024-08-01,1,603.0,4.94,35,4.0,2.0,1.0,,,1.0,1.0,1.0,1.0,,,,1.0,,,,1.0,,1.0,1.0,1.0,,1.0,,,1.0,,,,,,6.5,7.0,5.75,5.75,5.75,5.0
332,Warsaw,2024-08-01,1,624.0,4.78,481,7.0,4.0,1.0,1.0,1.0,1.0,1.0,1.0,1.0,1.0,1.0,1.0,,1.0,,1.0,1.0,1.0,1.0,1.0,,1.0,1.0,1.0,1.0,1.0,1.0,,,,,6.5,7.0,5.75,5.75,5.75,5.0
333,Warsaw,2024-08-01,1,834.0,4.71,17,6.0,3.0,1.0,1.0,,1.0,,1.0,1.0,1.0,1.0,1.0,,1.0,,1.0,,1.0,1.0,1.0,,,1.0,1.0,1.0,1.0,,,,,,6.5,7.0,5.75,5.75,5.75,5.0
334,Warsaw,2024-08-01,1,687.0,4.92,12,4.0,2.0,1.0,1.0,,1.0,1.0,1.0,,1.0,1.0,,1.0,1.0,1.0,1.0,1.0,1.0,,,,1.0,1.0,1.0,,1.0,,,,,,6.5,7.0,5.75,5.75,5.75,5.0
335,Warsaw,2024-08-01,1,687.0,,,2.0,1.0,1.0,1.0,1.0,1.0,1.0,1.0,1.0,1.0,1.0,1.0,1.0,1.0,,1.0,1.0,1.0,,,,,1.0,1.0,1.0,,,,,,,6.5,7.0,5.75,5.75,5.75,5.0
336,Warsaw,2024-08-01,1,722.0,,,2.0,1.0,1.0,1.0,,1.0,1.0,1.0,1.0,,,1.0,1.0,1.0,1.0,,1.0,,,1.0,1.0,,1.0,,,,,,,,,6.5,7.0,5.75,5.75,5.75,5.0
337,Warsaw,2024-08-01,1,1480.0,5.0,15,2.0,6.0,1.0,1.0,1.0,1.0,1.0,1.0,1.0,1.0,1.0,1.0,1.0,1.0,,1.0,1.0,1.0,1.0,1.0,1.0,1.0,1.0,1.0,,1.0,,,,,,6.5,7.0,5.75,5.75,5.75,5.0
338,Warsaw,2024-08-01,1,1018.0,,,4.0,2.0,1.0,1.0,1.0,1.0,1.0,1.0,1.0,1.0,1.0,1.0,1.0,1.0,,1.0,,,1.0,1.0,1.0,1.0,1.0,1.0,,1.0,,,,,,6.5,7.0,5.75,5.75,5.75,5.0
339,Warsaw,2024-08-01,1,1128.0,,,2.0,1.0,,,,1.0,1.0,1.0,,,,,1.0,,,,,,,1.0,,,1.0,,,,,,,,,6.5,7.0,5.75,5.75,5.75,5.0
340,Warsaw,2024-08-01,1,654.0,4.94,16,3.0,1.0,1.0,1.0,,1.0,1.0,1.0,1.0,1.0,1.0,,,1.0,1.0,,1.0,1.0,1.0,1.0,,1.0,1.0,1.0,,,1.0,,,,,6.5,7.0,5.75,5.75,5.75,5.0
341,Warsaw,2024-08-01,1,981.0,5.0,3,4.0,2.0,1.0,1.0,,1.0,1.0,1.0,1.0,1.0,1.0,1.0,1.0,1.0,1.0,,1.0,1.0,1.0,1.0,,,1.0,1.0,,1.0,,,,,,6.5,7.0,5.75,5.75,5.75,5.0
342,Warsaw,2024-08-01,1,1001.0,5.0,8,4.0,3.0,1.0,1.0,1.0,1.0,1.0,1.0,1.0,,,1.0,,1.0,,1.0,1.0,1.0,1.0,,,1.0,1.0,1.0,,1.0,,,,,,6.5,7.0,5.75,5.75,5.75,5.0
343,Warsaw,2024-08-01,1,560.0,5.0,5,2.0,1.0,1.0,1.0,,1.0,,1.0,1.0,1.0,1.0,,,1.0,1.0,1.0,1.0,1.0,1.0,,,,,1.0,1.0,,1.0,,,,,6.5,7.0,5.75,5.75,5.75,5.0
344,Warsaw,2024-08-01,1,1351.0,4.80,5,4.0,1.0,,,,1.0,1.0,1.0,,,,,1.0,,,,,,,1.0,,,1.0,,,,,,,,,6.5,7.0,5.75,5.75,5.75,5.0
345,Warsaw,2024-08-01,1,1481.0,,,2.0,1.0,1.0,1.0,1.0,1.0,1.0,1.0,1.0,1.0,1.0,1.0,1.0,1.0,,,1.0,1.0,1.0,1.0,,1.0,1.0,1.0,1.0,1.0,1.0,,,,,6.5,7.0,5.75,5.75,5.75,5.0
346,Warsaw,2024-08-01,1,667.0,,,4.0,2.0,,,1.0,1.0,1.0,1.0,,,,,1.0,,,,,,1.0,1.0,,,1.0,,,,,,,,,6.5,7.0,5.75,5.75,5.75,5.0
347,Warsaw,2024-08-01,1,895.0,,,5.0,3.0,1.0,1.0,1.0,1.0,1.0,1.0,1.0,,,1.0,1.0,1.0,,1.0,1.0,,1.0,,,,,1.0,1.0,1.0,,,,,,6.5,7.0,5.75,5.75,5.75,5.0
348,Warsaw,2024-08-01,1,746.0,4.75,4,,2.0,,,,1.0,1.0,1.0,,,,,1.0,,,,,,,,,,1.0,,,,,,,,1.0,6.5,7.0,5.75,5.75,5.75,5.0
349,Warsaw,2024-08-01,1,687.0,5.0,6,4.0,2.0,1.0,,1.0,1.0,1.0,1.0,1.0,,,,,,,,1.0,,1.0,1.0,1.0,,1.0,1.0,,,,,,,,6.5,7.0,5.75,5.75,5.75,5.0
350,Warsaw,2024-08-01,1,589.0,,,,2.0,1.0,,1.0,1.0,1.0,1.0,1.0,,,,,,,1.0,1.0,,1.0,1.0,,,1.0,1.0,,1.0,,,,,,6.5,7.0,5.75,5.75,5.75,5.0
351,Warsaw,2024-08-01,1,560.0,4.85,40,4.0,3.0,1.0,1.0,1.0,1.0,1.0,1.0,1.0,1.0,1.0,1.0,,1.0,1.0,1.0,1.0,,,1.0,,1.0,1.0,1.0,,1.0,1.0,,,,,6.5,7.0,5.75,5.75,5.75,5.0
352,Warsaw,2024-08-01,1,657.0,4.75,32,4.0,2.0,1.0,1.0,,1.0,1.0,1.0,1.0,1.0,1.0,1.0,1.0,1.0,,1.0,1.0,,1.0,,,,1.0,,,1.0,1.0,,,,,6.5,7.0,5.75,5.75,5.75,5.0
353,Warsaw,2024-08-01,1,800.0,,,4.0,2.0,1.0,1.0,,1.0,1.0,1.0,1.0,1.0,1.0,,1.0,1.0,1.0,1.0,1.0,1.0,1.0,1.0,1.0,1.0,1.0,1.0,,1.0,,,,,,6.5,7.0,5.75,5.75,5.75,5.0
354,Warsaw,2024-08-01,1,764.0,,,4.0,2.0,1.0,,,1.0,1.0,1.0,1.0,1.0,1.0,1.0,1.0,,,1.0,,1.0,1.0,,,1.0,1.0,,1.0,1.0,,,,,,6.5,7.0,5.75,5.75,5.75,5.0
355,Warsaw,2024-08-01,1,751.0,,,3.0,2.0,1.0,1.0,,1.0,1.0,1.0,,,,,1.0,1.0,,,1.0,1.0,1.0,,,,1.0,1.0,,1.0,1.0,,,,,6.5,7.0,5.75,5.75,5.75,5.0
356,Warsaw,2024-08-01,1,814.0,4.44,9,4.0,3.0,,,1.0,1.0,1.0,1.0,,,,,1.0,,,,,,1.0,,,,1.0,1.0,,1.0,,,,,,6.5,7.0,5.75,5.75,5.75,5.0
357,Warsaw,2024-08-01,1,1346.0,,,4.0,2.0,1.0,1.0,1.0,1.0,1.0,1.0,1.0,1.0,1.0,1.0,1.0,1.0,,1.0,1.0,1.0,1.0,1.0,1.0,1.0,1.0,1.0,,1.0,,,,,,6.5,7.0,5.75,5.75,5.75,5.0
358,Warsaw,2024-08-01,1,854.0,4.92,26,4.0,2.0,1.0,1.0,,1.0,1.0,1.0,1.0,,,,,1.0,,1.0,1.0,1.0,1.0,1.0,1.0,1.0,1.0,1.0,1.0,1.0,,,,,,6.5,7.0,5.75,5.75,5.75,5.0
359,Warsaw,2024-08-01,1,589.0,,,,1.0,1.0,,1.0,1.0,1.0,1.0,1.0,,,,1.0,,,1.0,1.0,,1.0,1.0,,,1.0,1.0,,1.0,,,,,,6.5,7.0,5.75,5.75,5.75,5.0
360,Warsaw,2024-08-01,1,637.0,,,3.0,1.0,,,1.0,1.0,1.0,1.0,,,,,,,,,,,,,,,1.0,,,,,,,,,6.5,7.0,5.75,5.75,5.75,5.0
361,Warsaw,2024-08-01,1,599.0,5.0,20,4.0,1.0,1.0,1.0,1.0,1.0,1.0,1.0,1.0,1.0,1.0,1.0,1.0,1.0,,1.0,1.0,1.0,1.0,1.0,1.0,1.0,1.0,1.0,1.0,1.0,1.0,,,,,6.5,7.0,5.75,5.75,5.75,5.0
362,Warsaw,2024-08-01,1,770.0,,,3.0,1.0,1.0,,1.0,1.0,1.0,1.0,1.0,,,,,1.0,,,,,,1.0,1.0,,1.0,,,1.0,,,,,,6.5,7.0,5.75,5.75,5.75,5.0
363,Warsaw,2024-08-01,1,584.0,4.78,9,2.0,1.0,,,,1.0,1.0,1.0,,,,,,,,,,,,,,,1.0,,,1.0,,,,,,6.5,7.0,5.75,5.75,5.75,5.0
364,Warsaw,2024-08-01,1,751.0,,,4.0,2.0,,,,1.0,1.0,1.0,,,,,1.0,,,,,,,,,,1.0,,,,,,,,,6.5,7.0,5.75,5.75,5.75,5.0
365,Warsaw,2024-08-01,1,687.0,,,5.0,2.0,1.0,,1.0,1.0,1.0,1.0,1.0,,,,,,,1.0,1.0,,1.0,1.0,,,1.0,1.0,,1.0,,,,,,6.5,7.0,5.75,5.75,5.75,5.0
366,Warsaw,2024-08-01,1,726.0,5.0,4,2.0,1.0,1.0,1.0,,1.0,1.0,1.0,1.0,,,,1.0,1.0,1.0,1.0,1.0,1.0,1.0,1.0,,1.0,1.0,1.0,1.0,,,,,,,6.5,7.0,5.75,5.75,5.75,5.0
367,Warsaw,2024-08-01,1,677.0,,,2.0,1.0,1.0,,1.0,1.0,1.0,1.0,1.0,,,,,1.0,,,1.0,1.0,1.0,,,,1.0,,,1.0,,,,,,6.5,7.0,5.75,5.75,5.75,5.0
368,Warsaw,2024-08-01,1,589.0,5.0,6,,1.0,1.0,1.0,1.0,1.0,1.0,1.0,1.0,1.0,1.0,1.0,,1.0,,1.0,1.0,,1.0,1.0,,,1.0,1.0,,1.0,,,,,,6.5,7.0,5.75,5.75,5.75,5.0
369,Warsaw,2024-08-01,1,1376.0,4.88,34,4.0,3.0,1.0,1.0,,1.0,1.0,1.0,1.0,1.0,1.0,1.0,1.0,1.0,,,,,,1.0,1.0,,1.0,,,1.0,,,,,,6.5,7.0,5.75,5.75,5.75,5.0
370,Warsaw,2024-08-01,1,706.0,5.0,8,4.0,2.0,1.0,,,1.0,1.0,1.0,1.0,,,,1.0,1.0,,,,,1.0,,,,1.0,,,,1.0,,,,,6.5,7.0,5.75,5.75,5.75,5.0
371,Warsaw,2024-08-01,1,657.0,5.0,7,2.0,1.0,1.0,1.0,,1.0,1.0,1.0,1.0,1.0,1.0,1.0,,,,,,,,1.0,1.0,1.0,1.0,1.0,,1.0,,,,,,6.5,7.0,5.75,5.75,5.75,5.0
372,Warsaw,2024-08-01,1,1177.0,5.0,4,5.0,3.0,1.0,1.0,1.0,1.0,1.0,1.0,1.0,1.0,1.0,1.0,1.0,1.0,,1.0,,1.0,1.0,,,1.0,1.0,1.0,,1.0,1.0,,,,,6.5,7.0,5.75,5.75,5.75,5.0
373,Warsaw,2024-08-01,1,1099.0,,,4.0,2.0,,,,1.0,1.0,1.0,,,,,1.0,,,,,,1.0,,,,,,,,,,,,,6.5,7.0,5.75,5.75,5.75,5.0
374,Warsaw,2024-08-01,1,684.0,4.86,7,5.0,3.0,1.0,,,1.0,1.0,1.0,,1.0,1.0,1.0,,,1.0,,1.0,,1.0,,,,1.0,,,1.0,,,,,,6.5,7.0,5.75,5.75,5.75,5.0
375,Warsaw,2024-08-01,1,834.0,,,6.0,3.0,1.0,1.0,1.0,1.0,1.0,1.0,1.0,,,1.0,1.0,1.0,1.0,1.0,1.0,1.0,1.0,1.0,,,1.0,1.0,,,1.0,,,,,6.5,7.0,5.75,5.75,5.75,5.0
376,Warsaw,2024-08-01,1,751.0,,,2.0,1.0,1.0,1.0,1.0,1.0,,1.0,1.0,,,1.0,1.0,1.0,1.0,,1.0,1.0,1.0,1.0,,,1.0,1.0,,,1.0,,,,,6.5,7.0,5.75,5.75,5.75,5.0
377,Warsaw,2024-08-01,1,634.0,4.13,15,4.0,2.0,,,1.0,1.0,1.0,1.0,,,,,,,,,1.0,,1.0,,,,1.0,,,1.0,,,,,,6.5,7.0,5.75,5.75,5.75,5.0
378,Warsaw,2024-08-01,1,683.0,4.0,7,2.0,1.0,1.0,1.0,,1.0,1.0,1.0,1.0,,,1.0,1.0,1.0,1.0,,1.0,,1.0,,,,1.0,,,,1.0,,,,,6.5,7.0,5.75,5.75,5.75,5.0
379,Warsaw,2024-08-01,1,854.0,4.78,40,4.0,2.0,1.0,1.0,,1.0,1.0,1.0,1.0,,,,,1.0,,1.0,1.0,,1.0,1.0,1.0,,1.0,1.0,1.0,1.0,,,,,,6.5,7.0,5.75,5.75,5.75,5.0
380,Warsaw,2024-08-01,1,633.0,,,4.0,1.0,,,1.0,1.0,1.0,1.0,,,,,1.0,,,,,,1.0,,,,1.0,1.0,,,,,,,,6.5,7.0,5.75,5.75,5.75,5.0
381,Warsaw,2024-08-01,1,589.0,4.0,3,,1.0,1.0,,1.0,1.0,1.0,1.0,1.0,,,,,,,1.0,,,1.0,1.0,,,1.0,1.0,,1.0,,,,,,6.5,7.0,5.75,5.75,5.75,5.0
382,Warsaw,2024-08-01,1,687.0,4.78,9,4.0,2.0,1.0,1.0,1.0,1.0,1.0,1.0,1.0,1.0,1.0,1.0,,1.0,,1.0,1.0,,1.0,1.0,,1.0,1.0,,1.0,,1.0,,,,,6.5,7.0,5.75,5.75,5.75,5.0
383,Warsaw,2024-08-01,1,589.0,,,6.0,2.0,1.0,1.0,,1.0,1.0,1.0,1.0,,,1.0,1.0,1.0,1.0,1.0,1.0,,1.0,,,1.0,1.0,1.0,,,,,,,,6.5,7.0,5.75,5.75,5.75,5.0
384,Warsaw,2024-08-01,1,1334.0,,,4.0,2.0,1.0,,1.0,1.0,1.0,1.0,1.0,,,,1.0,,,,,,,,,,,,1.0,1.0,,,,,,6.5,7.0,5.75,5.75,5.75,5.0
385,Warsaw,2024-08-01,1,883.0,,,4.0,2.0,1.0,1.0,1.0,1.0,1.0,1.0,1.0,1.0,1.0,1.0,1.0,1.0,,,,1.0,1.0,,,1.0,1.0,1.0,,1.0,,,,,,6.5,7.0,5.75,5.75,5.75,5.0
386,Warsaw,2024-08-01,1,751.0,,,4.0,2.0,1.0,1.0,1.0,1.0,,1.0,1.0,,,1.0,1.0,1.0,1.0,1.0,1.0,1.0,1.0,1.0,,,,1.0,,1.0,1.0,,,,,6.5,7.0,5.75,5.75,5.75,5.0
387,Warsaw,2024-08-01,1,1077.0,5.0,6,4.0,2.0,1.0,1.0,1.0,1.0,1.0,1.0,1.0,1.0,1.0,1.0,1.0,1.0,1.0,1.0,1.0,,1.0,1.0,,,1.0,,,,1.0,1.0,,,,6.5,7.0,5.75,5.75,5.75,5.0
388,Warsaw,2024-08-01,1,932.0,,,2.0,1.0,,,,,,,,,,,,,,,,,,,,,,,,,,,,,,6.5,7.0,5.75,5.75,5.75,5.0
389,Warsaw,2024-08-01,1,1226.0,4.56,16,,6.0,1.0,,1.0,1.0,1.0,1.0,1.0,,,,1.0,1.0,,,,,1.0,,,,1.0,,,1.0,,,,,,6.5,7.0,5.75,5.75,5.75,5.0
390,Warsaw,2024-08-01,1,589.0,,,2.0,1.0,,,,1.0,,1.0,,,,,1.0,,,,,,1.0,,,,,,,,,,,,,6.5,7.0,5.75,5.75,5.75,5.0
391,Warsaw,2024-08-01,1,853.0,,,3.0,2.0,1.0,1.0,,1.0,1.0,1.0,,1.0,1.0,1.0,,1.0,1.0,1.0,1.0,1.0,1.0,,,,1.0,1.0,,1.0,,,,,,6.5,7.0,5.75,5.75,5.75,5.0
392,Warsaw,2024-08-01,1,849.0,5.0,4,3.0,1.0,1.0,1.0,,1.0,1.0,1.0,1.0,1.0,1.0,,,1.0,1.0,,1.0,1.0,1.0,1.0,,1.0,1.0,1.0,,1.0,,,,,,6.5,7.0,5.75,5.75,5.75,5.0
393,Warsaw,2024-08-01,1,751.0,,,4.0,2.0,,,,1.0,1.0,1.0,,,,,1.0,,,,,,,,,,1.0,,,,,,,,,6.5,7.0,5.75,5.75,5.75,5.0
394,Warsaw,2024-08-01,1,1376.0,4.75,16,2.0,1.0,1.0,1.0,1.0,1.0,1.0,1.0,1.0,1.0,1.0,,1.0,1.0,1.0,,,,,1.0,1.0,,1.0,,,,,,,,,6.5,7.0,5.75,5.75,5.75,5.0
395,Warsaw,2024-08-01,1,560.0,4.60,5,4.0,2.0,1.0,1.0,1.0,1.0,1.0,1.0,,1.0,1.0,1.0,1.0,1.0,1.0,,1.0,,1.0,,,,1.0,,,1.0,,,,,,6.5,7.0,5.75,5.75,5.75,5.0
396,Warsaw,2024-08-01,1,690.0,4.67,6,2.0,1.0,1.0,,,1.0,1.0,1.0,1.0,,,1.0,1.0,1.0,,,1.0,,1.0,,,,1.0,,,,1.0,,,,,6.5,7.0,5.75,5.75,5.75,5.0
397,Warsaw,2024-08-01,1,629.0,,,4.0,1.0,,,,,,,,,,,,,,,,,,,,,,,,,,,,,,6.5,7.0,5.75,5.75,5.75,5.0
398,Warsaw,2024-08-01,1,559.0,4.63,24,2.0,1.0,1.0,1.0,1.0,1.0,1.0,1.0,1.0,,,1.0,1.0,1.0,1.0,,1.0,1.0,1.0,1.0,,,1.0,,,1.0,1.0,,,,,6.5,7.0,5.75,5.75,5.75,5.0
399,Warsaw,2024-08-01,1,1376.0,4.80,30,2.0,3.0,1.0,1.0,,1.0,1.0,1.0,1.0,1.0,1.0,1.0,1.0,1.0,,,,,,1.0,1.0,,1.0,,,1.0,,,,,,6.5,7.0,5.75,5.75,5.75,5.0
400,Warsaw,2024-08-01,1,589.0,4.69,36,5.0,3.0,,,1.0,1.0,1.0,1.0,,,,,1.0,,,,,,1.0,,,,1.0,,,1.0,,,,,,6.5,7.0,5.75,5.75,5.75,5.0
401,Warsaw,2024-08-01,1,667.0,,,2.0,1.0,1.0,1.0,1.0,1.0,1.0,1.0,1.0,,,1.0,1.0,1.0,1.0,1.0,1.0,1.0,1.0,1.0,,,1.0,1.0,,,1.0,,,,,6.5,7.0,5.75,5.75,5.75,5.0
402,Warsaw,2024-08-01,1,657.0,,,3.0,1.0,1.0,,1.0,1.0,1.0,1.0,1.0,,,,1.0,1.0,,,,,1.0,1.0,1.0,,1.0,,,1.0,,,,,,6.5,7.0,5.75,5.75,5.75,5.0
403,Warsaw,2024-08-01,1,579.0,5.0,5,,1.0,1.0,,1.0,1.0,1.0,1.0,1.0,,,,,,,1.0,1.0,,1.0,1.0,,,1.0,1.0,,1.0,,,,,,6.5,7.0,5.75,5.75,5.75,5.0
404,Warsaw,2024-08-01,1,618.0,4.90,10,2.0,1.0,1.0,,1.0,1.0,1.0,,1.0,,,,,,,,,,1.0,1.0,,,1.0,1.0,,1.0,,,,,,6.5,7.0,5.75,5.75,5.75,5.0
405,Warsaw,2024-08-01,1,667.0,,,2.0,1.0,1.0,1.0,1.0,1.0,1.0,1.0,1.0,,,1.0,1.0,1.0,1.0,1.0,1.0,1.0,1.0,1.0,,,1.0,1.0,,,1.0,,,,,6.5,7.0,5.75,5.75,5.75,5.0
406,Warsaw,2024-08-01,1,981.0,,,4.0,3.0,1.0,1.0,1.0,1.0,1.0,1.0,1.0,1.0,1.0,1.0,,,1.0,1.0,1.0,1.0,1.0,1.0,,,1.0,1.0,,1.0,,,,,,6.5,7.0,5.75,5.75,5.75,5.0
407,Warsaw,2024-08-01,1,716.0,4.60,10,4.0,2.0,1.0,1.0,1.0,1.0,1.0,1.0,1.0,,,1.0,1.0,1.0,1.0,,1.0,1.0,1.0,1.0,,,1.0,,,1.0,1.0,,,,,6.5,7.0,5.75,5.75,5.75,5.0
408,Warsaw,2024-08-01,1,863.0,5.0,5,2.0,1.0,1.0,1.0,1.0,1.0,1.0,1.0,1.0,1.0,1.0,1.0,1.0,1.0,1.0,1.0,1.0,,1.0,1.0,,,1.0,,,,1.0,,,,,6.5,7.0,5.75,5.75,5.75,5.0
409,Warsaw,2024-08-01,1,687.0,,,3.0,1.0,1.0,,1.0,1.0,1.0,1.0,1.0,,,1.0,1.0,1.0,,,1.0,,1.0,,,,1.0,,,1.0,,,,,,6.5,7.0,5.75,5.75,5.75,5.0
410,Warsaw,2024-08-01,1,667.0,3.60,5,4.0,2.0,,,,1.0,1.0,1.0,,,,,,,,,,,1.0,,,,1.0,,,1.0,,,,,,6.5,7.0,5.75,5.75,5.75,5.0
411,Warsaw,2024-08-01,1,647.0,,,2.0,1.0,1.0,1.0,,1.0,1.0,1.0,1.0,1.0,1.0,1.0,1.0,1.0,1.0,1.0,1.0,,1.0,,,1.0,1.0,,1.0,,,,,,,6.5,7.0,5.75,5.75,5.75,5.0
412,Warsaw,2024-08-01,1,559.0,4.95,19,2.0,1.0,1.0,1.0,1.0,1.0,1.0,1.0,1.0,,,1.0,1.0,1.0,1.0,,1.0,1.0,1.0,1.0,,,1.0,,,1.0,1.0,,,,,6.5,7.0,5.75,5.75,5.75,5.0
413,Warsaw,2024-08-01,1,893.0,,,,3.0,1.0,,1.0,1.0,1.0,1.0,1.0,,,,1.0,,,,1.0,,1.0,1.0,,,1.0,1.0,,1.0,,,,,,6.5,7.0,5.75,5.75,5.75,5.0
414,Warsaw,2024-08-01,1,1177.0,5.0,3,4.0,2.0,1.0,1.0,1.0,1.0,1.0,1.0,,1.0,1.0,,,1.0,,,1.0,,1.0,,,1.0,,1.0,,1.0,1.0,,,,,6.5,7.0,5.75,5.75,5.75,5.0
415,Warsaw,2024-08-01,1,596.0,5.0,4,4.0,1.0,1.0,1.0,,1.0,1.0,1.0,1.0,1.0,1.0,1.0,1.0,1.0,,1.0,1.0,,1.0,1.0,,,1.0,,,1.0,1.0,,,,,6.5,7.0,5.75,5.75,5.75,5.0
416,Warsaw,2024-08-01,1,717.0,4.29,17,2.0,1.0,1.0,1.0,1.0,1.0,1.0,1.0,1.0,,,1.0,1.0,1.0,1.0,,1.0,,1.0,1.0,,,1.0,1.0,,,1.0,,,,,6.5,7.0,5.75,5.75,5.75,5.0
417,Warsaw,2024-08-01,1,687.0,,,2.0,1.0,1.0,,1.0,1.0,1.0,1.0,1.0,,,1.0,1.0,1.0,,,1.0,,1.0,,,,1.0,,,1.0,,,,,,6.5,7.0,5.75,5.75,5.75,5.0
418,Warsaw,2024-08-01,1,1142.0,,,4.0,2.0,,,,1.0,1.0,1.0,,,,,1.0,,,,,,1.0,,,,1.0,1.0,,,,,,,,6.5,7.0,5.75,5.75,5.75,5.0
419,Warsaw,2024-08-01,1,751.0,,,4.0,2.0,1.0,1.0,1.0,1.0,,1.0,1.0,,,1.0,1.0,1.0,1.0,1.0,1.0,1.0,1.0,1.0,,,,1.0,,,1.0,,,,,6.5,7.0,5.75,5.75,5.75,5.0
420,Warsaw,2024-08-01,1,667.0,,,4.0,1.0,1.0,1.0,1.0,1.0,1.0,1.0,1.0,,,1.0,1.0,1.0,1.0,1.0,1.0,1.0,1.0,1.0,,,1.0,1.0,,,1.0,,,,,6.5,7.0,5.75,5.75,5.75,5.0
421,Warsaw,2024-08-01,1,877.0,,,2.0,2.0,1.0,1.0,1.0,1.0,1.0,1.0,1.0,1.0,1.0,1.0,1.0,1.0,,,,,,,,,1.0,,,1.0,,,,,,6.5,7.0,5.75,5.75,5.75,5.0
422,Warsaw,2024-08-01,1,667.0,3.63,8,4.0,3.0,1.0,,,1.0,1.0,1.0,1.0,1.0,1.0,1.0,,,,,1.0,,1.0,1.0,1.0,,1.0,1.0,,1.0,,,,,,6.5,7.0,5.75,5.75,5.75,5.0
423,Warsaw,2024-08-01,1,1177.0,,,6.0,3.0,1.0,1.0,,1.0,1.0,1.0,1.0,1.0,1.0,1.0,1.0,1.0,1.0,1.0,1.0,1.0,1.0,1.0,1.0,1.0,1.0,1.0,,1.0,,,,,,6.5,7.0,5.75,5.75,5.75,5.0
424,Warsaw,2024-08-01,1,783.0,,,2.0,2.0,,,,1.0,1.0,1.0,,,,,1.0,,,,,,,1.0,1.0,,1.0,,,,,,,,,6.5,7.0,5.75,5.75,5.75,5.0
425,Warsaw,2024-08-01,1,746.0,5.0,7,4.0,4.0,1.0,1.0,1.0,1.0,1.0,1.0,1.0,1.0,1.0,1.0,1.0,1.0,,1.0,1.0,1.0,1.0,,,1.0,1.0,1.0,,1.0,,,,,,6.5,7.0,5.75,5.75,5.75,5.0
426,Warsaw,2024-08-01,1,834.0,,,6.0,2.0,1.0,1.0,1.0,1.0,1.0,1.0,1.0,,,1.0,1.0,1.0,1.0,1.0,1.0,1.0,1.0,1.0,,,1.0,1.0,,,1.0,,,,,6.5,7.0,5.75,5.75,5.75,5.0
427,Warsaw,2024-08-01,1,783.0,,,2.0,2.0,,,,1.0,1.0,1.0,,,,,1.0,,,,,,,1.0,1.0,,1.0,,,,,,,,,6.5,7.0,5.75,5.75,5.75,5.0
428,Warsaw,2024-08-01,1,1351.0,5.0,5,5.0,2.0,,,,1.0,1.0,1.0,,,,,1.0,,,,,,1.0,1.0,1.0,,1.0,,,,,,,,,6.5,7.0,5.75,5.75,5.75,5.0
429,Warsaw,2024-08-01,1,618.0,4.89,9,4.0,2.0,,,,,,1.0,,,,,,,,,,,1.0,,,,1.0,,,1.0,,,,,,6.5,7.0,5.75,5.75,5.75,5.0
430,Warsaw,2024-08-01,1,1335.0,,,2.0,2.0,1.0,1.0,1.0,1.0,1.0,1.0,1.0,,,1.0,,1.0,,1.0,1.0,1.0,1.0,1.0,1.0,1.0,1.0,1.0,1.0,1.0,1.0,,1.0,1.0,,6.5,7.0,5.75,5.75,5.75,5.0
431,Warsaw,2024-08-01,1,569.0,,,2.0,1.0,,,1.0,1.0,1.0,,,,,,,,,,,,,,,,1.0,,,1.0,,,,,,6.5,7.0,5.75,5.75,5.75,5.0
432,Warsaw,2024-08-01,1,877.0,,,2.0,2.0,1.0,1.0,1.0,1.0,1.0,1.0,1.0,1.0,1.0,1.0,1.0,1.0,,,,,,,,,1.0,,,1.0,,,,,,6.5,7.0,5.75,5.75,5.75,5.0
433,Warsaw,2024-08-01,1,863.0,,,4.0,2.0,1.0,1.0,,1.0,1.0,1.0,1.0,,,1.0,1.0,1.0,,1.0,,1.0,1.0,,,1.0,1.0,1.0,,1.0,,,,,,6.5,7.0,5.75,5.75,5.75,5.0
434,Warsaw,2024-08-01,1,618.0,5.0,6,2.0,1.0,1.0,1.0,1.0,1.0,1.0,1.0,1.0,,,1.0,1.0,1.0,1.0,,1.0,,1.0,1.0,1.0,1.0,1.0,1.0,,1.0,,,,,,6.5,7.0,5.75,5.75,5.75,5.0
435,Warsaw,2024-08-01,1,1044.0,4.73,11,6.0,3.0,1.0,1.0,1.0,1.0,1.0,1.0,1.0,1.0,1.0,1.0,,1.0,1.0,1.0,1.0,1.0,1.0,1.0,1.0,,1.0,1.0,1.0,1.0,1.0,,,,,6.5,7.0,5.75,5.75,5.75,5.0
436,Warsaw,2024-08-01,1,1177.0,,,6.0,3.0,1.0,1.0,,1.0,1.0,1.0,1.0,1.0,1.0,1.0,1.0,1.0,1.0,1.0,1.0,1.0,1.0,1.0,1.0,1.0,1.0,1.0,,1.0,,,,,,6.5,7.0,5.75,5.75,5.75,5.0
437,Warsaw,2024-08-01,1,616.0,,,4.0,2.0,,,1.0,1.0,1.0,1.0,,,,,1.0,,,,,,1.0,1.0,,,1.0,1.0,,,,,,,,6.5,7.0,5.75,5.75,5.75,5.0
438,Warsaw,2024-08-01,1,769.0,,,,3.0,1.0,1.0,1.0,1.0,1.0,1.0,1.0,1.0,1.0,1.0,,1.0,,1.0,1.0,1.0,1.0,,,1.0,1.0,1.0,1.0,1.0,,,,,,6.5,7.0,5.75,5.75,5.75,5.0
439,Warsaw,2024-08-01,1,785.0,,,4.0,2.0,1.0,,1.0,1.0,1.0,1.0,1.0,,,1.0,1.0,1.0,,,1.0,,1.0,,,,1.0,,,1.0,,,,,,6.5,7.0,5.75,5.75,5.75,5.0
440,Warsaw,2024-08-01,1,751.0,,,2.0,1.0,1.0,1.0,1.0,1.0,1.0,1.0,1.0,,,1.0,1.0,1.0,1.0,1.0,1.0,1.0,1.0,1.0,,,1.0,1.0,,,1.0,,,,,6.5,7.0,5.75,5.75,5.75,5.0
441,Warsaw,2024-08-01,1,1051.0,4.46,13,1.0,1.0,,,1.0,1.0,1.0,1.0,,,,,,,,,,,,1.0,1.0,,1.0,,,,,,,,,6.5,7.0,5.75,5.75,5.75,5.0
442,Warsaw,2024-08-01,1,910.0,5.0,4,6.0,4.0,1.0,1.0,1.0,1.0,1.0,1.0,1.0,1.0,1.0,1.0,1.0,,1.0,,1.0,1.0,1.0,,,,1.0,1.0,,1.0,,,,,,6.5,7.0,5.75,5.75,5.75,5.0
443,Warsaw,2024-08-01,1,667.0,,,2.0,1.0,1.0,1.0,1.0,1.0,,1.0,1.0,,,1.0,1.0,1.0,1.0,1.0,1.0,1.0,1.0,1.0,,,,1.0,,,1.0,,,,,6.5,7.0,5.75,5.75,5.75,5.0
444,Warsaw,2024-08-01,1,738.0,,,4.0,3.0,1.0,1.0,,1.0,1.0,1.0,1.0,,,,,1.0,1.0,,1.0,,1.0,1.0,,,,,1.0,,1.0,,,,,6.5,7.0,5.75,5.75,5.75,5.0
445,Warsaw,2024-08-01,1,738.0,,,4.0,3.0,1.0,1.0,,1.0,1.0,1.0,1.0,,,,,1.0,1.0,,1.0,,1.0,1.0,,,,,1.0,,1.0,,,,,6.5,7.0,5.75,5.75,5.75,5.0
446,Warsaw,2024-08-01,1,559.0,,,2.0,1.0,,,1.0,1.0,1.0,,,,,,,,,,,,,,,,1.0,,,1.0,,,,,,6.5,7.0,5.75,5.75,5.75,5.0
447,Warsaw,2024-08-01,1,834.0,,,,2.0,,,1.0,,,,,,,,1.0,,,1.0,,,,,,,,1.0,1.0,,,,,,,6.5,7.0,5.75,5.75,5.75,5.0
448,Warsaw,2024-08-01,1,1373.0,,,6.0,2.0,1.0,1.0,,1.0,1.0,1.0,1.0,1.0,1.0,1.0,1.0,1.0,1.0,1.0,1.0,1.0,,,,1.0,1.0,1.0,1.0,1.0,,,,,,6.5,7.0,5.75,5.75,5.75,5.0
449,Warsaw,2024-08-01,1,1118.0,4.50,4,5.0,3.0,1.0,1.0,1.0,1.0,1.0,1.0,1.0,1.0,1.0,1.0,1.0,1.0,1.0,1.0,1.0,,1.0,1.0,,,1.0,,,,1.0,,,,,6.5,7.0,5.75,5.75,5.75,5.0
450,Warsaw,2024-08-01,1,1227.0,4.70,23,3.0,1.0,1.0,1.0,1.0,1.0,1.0,1.0,1.0,1.0,1.0,1.0,,,,,,,1.0,1.0,,,1.0,,,1.0,,,,,,6.5,7.0,5.75,5.75,5.75,5.0
451,Warsaw,2024-08-01,1,736.0,,,4.0,2.0,,,1.0,1.0,1.0,1.0,,,,,1.0,,,,,,,,,,1.0,,,,,,,,,6.5,7.0,5.75,5.75,5.75,5.0
452,Warsaw,2024-08-01,1,962.0,,,3.0,2.0,1.0,1.0,1.0,1.0,1.0,1.0,1.0,,,,,1.0,1.0,1.0,1.0,1.0,1.0,1.0,1.0,1.0,1.0,1.0,1.0,1.0,,,,,,6.5,7.0,5.75,5.75,5.75,5.0
453,Warsaw,2024-08-01,1,647.0,,,2.0,1.0,1.0,1.0,1.0,1.0,1.0,1.0,1.0,,,1.0,1.0,1.0,1.0,,1.0,1.0,1.0,1.0,,,1.0,,,1.0,1.0,,,,,6.5,7.0,5.75,5.75,5.75,5.0
454,Warsaw,2024-08-01,1,647.0,5.0,3,3.0,2.0,1.0,,1.0,1.0,1.0,1.0,1.0,,,,1.0,,,,,,1.0,,,,1.0,,,,,,,,,6.5,7.0,5.75,5.75,5.75,5.0
455,Warsaw,2024-08-01,1,558.0,4.80,15,4.0,1.0,1.0,1.0,,1.0,1.0,1.0,,1.0,1.0,1.0,1.0,1.0,1.0,,1.0,1.0,1.0,,,,,1.0,1.0,,,,,,,6.5,7.0,5.75,5.75,5.75,5.0
456,Warsaw,2024-08-01,1,1134.0,5.0,4,2.0,2.0,1.0,,1.0,1.0,1.0,1.0,1.0,,,1.0,,1.0,,,,,1.0,1.0,,,1.0,,,1.0,,,,,,6.5,7.0,5.75,5.75,5.75,5.0
457,Warsaw,2024-08-01,1,1163.0,,,2.0,1.0,1.0,,,1.0,1.0,1.0,1.0,1.0,1.0,1.0,1.0,,1.0,1.0,,1.0,1.0,,,,1.0,1.0,1.0,1.0,,,,,,6.5,7.0,5.75,5.75,5.75,5.0
458,Warsaw,2024-08-01,1,589.0,,,2.0,1.0,1.0,,,1.0,1.0,1.0,1.0,,,,,,,,,,,,,,1.0,,,,,,,,,6.5,7.0,5.75,5.75,5.75,5.0
459,Warsaw,2024-08-01,1,687.0,,,4.0,4.0,1.0,1.0,,1.0,1.0,1.0,,,,,1.0,1.0,,,,,1.0,,,,1.0,,,,1.0,,,,,6.5,7.0,5.75,5.75,5.75,5.0
460,Warsaw,2024-08-01,1,760.0,,,4.0,3.0,1.0,1.0,,1.0,1.0,1.0,1.0,1.0,1.0,1.0,,1.0,,1.0,1.0,,1.0,1.0,1.0,,1.0,1.0,,1.0,,,,,,6.5,7.0,5.75,5.75,5.75,5.0
461,Warsaw,2024-08-01,1,687.0,,,2.0,1.0,1.0,,1.0,1.0,1.0,1.0,1.0,,,1.0,1.0,1.0,,1.0,1.0,1.0,1.0,,,,1.0,1.0,,1.0,,,,,,6.5,7.0,5.75,5.75,5.75,5.0
462,Warsaw,2024-08-01,1,903.0,,,4.0,2.0,,,,1.0,1.0,1.0,,,,,1.0,,,,,,1.0,,,,1.0,,,,,,,,,6.5,7.0,5.75,5.75,5.75,5.0
463,Warsaw,2024-08-01,1,746.0,5.0,3,4.0,2.0,1.0,1.0,1.0,1.0,1.0,1.0,1.0,,,1.0,1.0,1.0,1.0,,1.0,1.0,1.0,1.0,,,1.0,,,1.0,1.0,,,,,6.5,7.0,5.75,5.75,5.75,5.0
464,Warsaw,2024-08-01,1,618.0,,,2.0,1.0,1.0,1.0,1.0,1.0,1.0,1.0,1.0,,,1.0,1.0,1.0,1.0,,1.0,,1.0,1.0,1.0,1.0,1.0,1.0,,1.0,,,,,,6.5,7.0,5.75,5.75,5.75,5.0
465,Warsaw,2024-08-01,1,722.0,,,4.0,2.0,1.0,1.0,1.0,1.0,1.0,1.0,1.0,,,,,1.0,,,,1.0,1.0,1.0,1.0,,1.0,1.0,,1.0,1.0,,,,,6.5,7.0,5.75,5.75,5.75,5.0
466,Warsaw,2024-08-01,1,1227.0,4.70,10,2.0,1.0,,,1.0,1.0,1.0,1.0,,,,,,,,,,,1.0,1.0,,,1.0,,,,,,,,,6.5,7.0,5.75,5.75,5.75,5.0
467,Warsaw,2024-08-01,1,572.0,,,4.0,2.0,,,,,,,,,,,,,,,,,,,,,1.0,,,,,,,,,6.5,7.0,5.75,5.75,5.75,5.0
468,Warsaw,2024-08-01,1,589.0,,,2.0,1.0,1.0,,1.0,1.0,1.0,,1.0,,,,,,,,,,1.0,1.0,,,1.0,1.0,,1.0,,,,,,6.5,7.0,5.75,5.75,5.75,5.0
469,Warsaw,2024-08-01,1,1382.0,4.67,3,8.0,5.0,1.0,1.0,1.0,1.0,1.0,1.0,1.0,,,,,1.0,,,1.0,1.0,1.0,1.0,,,1.0,,1.0,1.0,1.0,,,,,6.5,7.0,5.75,5.75,5.75,5.0
470,Warsaw,2024-08-01,1,667.0,,,6.0,2.0,,,,1.0,1.0,1.0,,,,,1.0,,,,,,1.0,,,,,,,,,,,,,6.5,7.0,5.75,5.75,5.75,5.0
471,Warsaw,2024-08-01,1,608.0,,,2.0,1.0,1.0,1.0,1.0,1.0,1.0,1.0,1.0,,,1.0,,1.0,1.0,,1.0,,1.0,1.0,1.0,1.0,1.0,1.0,,1.0,,,,,,6.5,7.0,5.75,5.75,5.75,5.0
472,Warsaw,2024-08-01,1,1130.0,,,4.0,1.0,1.0,1.0,1.0,1.0,1.0,1.0,1.0,,,,1.0,1.0,1.0,,1.0,,,1.0,1.0,,,1.0,,,,,,,,6.5,7.0,5.75,5.75,5.75,5.0
473,Warsaw,2024-08-01,1,569.0,5.0,3,4.0,2.0,,,1.0,1.0,1.0,1.0,,,,,1.0,,,,,,1.0,1.0,,,1.0,1.0,,,,,,,,6.5,7.0,5.75,5.75,5.75,5.0
474,Warsaw,2024-08-01,1,1000.0,3.71,14,6.0,5.0,1.0,1.0,1.0,1.0,1.0,1.0,1.0,,,,,1.0,1.0,,1.0,1.0,1.0,1.0,1.0,,1.0,1.0,1.0,,1.0,,,,,6.5,7.0,5.75,5.75,5.75,5.0
475,Warsaw,2024-08-01,1,731.0,,,2.0,1.0,1.0,,1.0,1.0,1.0,,1.0,,,1.0,1.0,1.0,,,,,,,,,,,,,,,,,,6.5,7.0,5.75,5.75,5.75,5.0
476,Warsaw,2024-08-01,1,562.0,,,2.0,1.0,1.0,1.0,1.0,1.0,1.0,1.0,1.0,,,,,1.0,,,1.0,,1.0,1.0,,1.0,,1.0,1.0,1.0,1.0,,,,,6.5,7.0,5.75,5.75,5.75,5.0
477,Warsaw,2024-08-01,1,1418.0,4.50,4,8.0,8.0,,,1.0,1.0,1.0,1.0,,,,,1.0,,,,,,1.0,,,,,,,,,,,,,6.5,7.0,5.75,5.75,5.75,5.0
478,Warsaw,2024-08-01,1,602.0,,,4.0,3.0,1.0,1.0,,1.0,1.0,1.0,1.0,,,1.0,1.0,,1.0,,,,1.0,1.0,,,1.0,,,,,,1.0,,,6.5,7.0,5.75,5.75,5.75,5.0
479,Warsaw,2024-08-01,1,688.0,,,4.0,1.0,1.0,1.0,1.0,1.0,1.0,1.0,1.0,,,,,1.0,1.0,,1.0,1.0,1.0,1.0,,1.0,1.0,1.0,1.0,,1.0,,,,,6.5,7.0,5.75,5.75,5.75,5.0
480,Warsaw,2024-08-01,1,716.0,,,3.0,2.0,1.0,1.0,,1.0,1.0,1.0,,,,,1.0,1.0,1.0,,1.0,,1.0,,,,,,,,,1.0,,,,6.5,7.0,5.75,5.75,5.75,5.0
481,Warsaw,2024-08-01,1,673.0,,,5.0,3.0,,,1.0,1.0,1.0,1.0,,,,,1.0,,,,,,,,,,1.0,,,,,,,,,6.5,7.0,5.75,5.75,5.75,5.0
482,Warsaw,2024-08-01,1,1175.0,,,1.0,2.0,1.0,1.0,1.0,1.0,1.0,1.0,1.0,,,1.0,1.0,1.0,,,1.0,,1.0,,,,1.0,1.0,,,1.0,,,,,6.5,7.0,5.75,5.75,5.75,5.0
483,Warsaw,2024-08-01,1,613.0,,,4.0,3.0,1.0,1.0,1.0,1.0,1.0,1.0,1.0,,,,,1.0,1.0,1.0,1.0,,,1.0,,,,1.0,1.0,,1.0,,,,,6.5,7.0,5.75,5.75,5.75,5.0
484,Warsaw,2024-08-01,1,589.0,,,,1.0,,,,1.0,1.0,1.0,,,,,1.0,,,,,,,,,,1.0,,,1.0,,,,,,6.5,7.0,5.75,5.75,5.75,5.0
485,Warsaw,2024-08-01,1,589.0,,,2.0,1.0,1.0,,1.0,1.0,1.0,,1.0,,,,,,,,,,1.0,1.0,,,1.0,1.0,,1.0,,,,,,6.5,7.0,5.75,5.75,5.75,5.0
486,Warsaw,2024-08-01,1,1191.0,4.33,9,8.0,6.0,1.0,1.0,1.0,1.0,1.0,1.0,1.0,,,,,1.0,1.0,,1.0,1.0,1.0,1.0,1.0,,1.0,,1.0,,1.0,,,,,6.5,7.0,5.75,5.75,5.75,5.0
487,Warsaw,2024-08-01,1,575.0,,,4.0,3.0,1.0,1.0,1.0,1.0,1.0,1.0,1.0,,,,,1.0,1.0,,1.0,,1.0,1.0,1.0,1.0,,1.0,1.0,,,,,,,6.5,7.0,5.75,5.75,5.75,5.0
488,Warsaw,2024-08-01,1,589.0,,,2.0,1.0,,,,1.0,1.0,1.0,,,,,1.0,,,,,,1.0,,,,1.0,,,,,,,,,6.5,7.0,5.75,5.75,5.75,5.0
489,Warsaw,2024-08-01,1,561.0,,,,1.0,1.0,1.0,1.0,1.0,1.0,1.0,,1.0,1.0,1.0,,1.0,,1.0,1.0,1.0,1.0,,,,1.0,1.0,1.0,1.0,1.0,,,,1.0,6.5,7.0,5.75,5.75,5.75,5.0
490,Warsaw,2024-08-01,1,834.0,4.47,34,,1.0,1.0,,1.0,1.0,1.0,1.0,1.0,,,1.0,1.0,,,,,,,1.0,1.0,,1.0,,,,,,,,,6.5,7.0,5.75,5.75,5.75,5.0
491,Warsaw,2024-08-01,1,690.0,,,2.0,,,,,1.0,1.0,1.0,,,,,1.0,,,,,,1.0,,,,,,,,,,,,,6.5,7.0,5.75,5.75,5.75,5.0
492,Warsaw,2024-08-01,1,1471.0,,,6.0,3.0,1.0,1.0,,1.0,1.0,1.0,1.0,,,,,1.0,1.0,,1.0,1.0,1.0,1.0,,1.0,1.0,1.0,1.0,,1.0,,,,,6.5,7.0,5.75,5.75,5.75,5.0
493,Warsaw,2024-08-01,1,746.0,,,,1.0,1.0,1.0,,1.0,1.0,1.0,,,,,1.0,1.0,1.0,,1.0,,1.0,1.0,,,,1.0,,,,,,,,6.5,7.0,5.75,5.75,5.75,5.0
494,Warsaw,2024-08-01,1,599.0,,,4.0,1.0,1.0,1.0,1.0,1.0,1.0,1.0,,,,,1.0,1.0,1.0,,1.0,,1.0,,,,1.0,1.0,,,,,,,,6.5,7.0,5.75,5.75,5.75,5.0
495,Warsaw,2024-08-01,1,617.0,,,4.0,2.0,1.0,1.0,1.0,1.0,1.0,1.0,1.0,,,,,1.0,1.0,,1.0,,1.0,1.0,,1.0,,,1.0,,1.0,,,,,6.5,7.0,5.75,5.75,5.75,5.0
496,Warsaw,2024-08-01,1,1423.0,,,8.0,6.0,1.0,1.0,,1.0,1.0,1.0,,,,,1.0,,1.0,,1.0,1.0,1.0,,,,,,,,,,,,,6.5,7.0,5.75,5.75,5.75,5.0
497,Warsaw,2024-08-01,1,687.0,,,2.0,2.0,,,,,,,,,,,,,,,,,,,,,,,,,,,,,,6.5,7.0,5.75,5.75,5.75,5.0
498,Warsaw,2024-08-01,1,591.0,,,,1.0,1.0,1.0,,1.0,1.0,1.0,,,,,1.0,,1.0,1.0,1.0,,,1.0,,,,,,,,,,,,6.5,7.0,5.75,5.75,5.75,5.0
499,Warsaw,2024-08-01,1,979.0,,,,1.0,1.0,,1.0,1.0,1.0,1.0,1.0,,,1.0,1.0,1.0,,,,,1.0,,,,1.0,,,,,,,,1.0,6.5,7.0,5.75,5.75,5.75,5.0
500,Warsaw,2024-08-01,1,1227.0,4.88,16,2.0,1.0,,,1.0,1.0,1.0,1.0,,,,,,,,,,,1.0,,,,1.0,,,,,,,,,6.5,7.0,5.75,5.75,5.75,5.0
501,Warsaw,2024-08-01,1,1471.0,,,6.0,3.0,1.0,1.0,,1.0,1.0,1.0,1.0,,,,,1.0,1.0,,1.0,,1.0,1.0,,,,1.0,1.0,,1.0,,,,,6.5,7.0,5.75,5.75,5.75,5.0
502,Warsaw,2024-08-01,1,599.0,,,4.0,2.0,1.0,1.0,1.0,1.0,1.0,1.0,1.0,,,,,,1.0,,1.0,,,1.0,1.0,,,,1.0,,,,,,,6.5,7.0,5.75,5.75,5.75,5.0
503,Warsaw,2024-08-01,1,1449.0,,,8.0,5.0,1.0,1.0,1.0,1.0,1.0,1.0,1.0,,,,,1.0,1.0,1.0,1.0,1.0,1.0,1.0,,,1.0,,1.0,1.0,1.0,,,,,6.5,7.0,5.75,5.75,5.75,5.0
504,Warsaw,2024-08-01,1,584.0,,,4.0,2.0,1.0,1.0,1.0,1.0,1.0,1.0,1.0,,,,,1.0,,,1.0,,,1.0,1.0,,,,1.0,1.0,1.0,,,,,6.5,7.0,5.75,5.75,5.75,5.0
505,Warsaw,2024-08-01,1,1020.0,,,2.0,1.0,1.0,,1.0,,,,,,,,,,,,,,1.0,,,,,1.0,,,,,,,,6.5,7.0,5.75,5.75,5.75,5.0
506,Warsaw,2024-08-01,1,628.0,,,,1.0,,,,,,,,,,,,,,,,,,,,,,,,,,,,,,6.5,7.0,5.75,5.75,5.75,5.0
507,Warsaw,2024-08-01,1,688.0,,,,2.0,1.0,1.0,,1.0,1.0,1.0,,,,1.0,1.0,1.0,,1.0,,,,1.0,,,,,,,1.0,,,,,6.5,7.0,5.75,5.75,5.75,5.0
508,Warsaw,2024-08-01,1,1095.0,,,6.0,4.0,,,,1.0,1.0,1.0,,,,,1.0,,,,,,,,,,,,,,,,,,,6.5,7.0,5.75,5.75,5.75,5.0
509,Warsaw,2024-08-01,1,628.0,,,4.0,2.0,,,,1.0,1.0,1.0,,,,,,,,,,,,,,,1.0,,,,,,,,,6.5,7.0,5.75,5.75,5.75,5.0
510,Warsaw,2024-08-01,1,594.0,,,4.0,2.0,1.0,1.0,,1.0,1.0,1.0,1.0,,,,,1.0,1.0,,1.0,,,1.0,,,,,1.0,,1.0,,,,,6.5,7.0,5.75,5.75,5.75,5.0
511,Warsaw,2024-08-01,1,687.0,,,,1.0,1.0,1.0,1.0,1.0,1.0,1.0,,,,,,1.0,1.0,,1.0,,1.0,,,,1.0,1.0,,1.0,,,,,,6.5,7.0,5.75,5.75,5.75,5.0
512,Warsaw,2024-08-01,1,638.0,,,2.0,1.0,1.0,1.0,1.0,1.0,1.0,1.0,1.0,,,,,,1.0,,1.0,,,1.0,,,,,1.0,,,,,,,6.5,7.0,5.75,5.75,5.75,5.0
513,Warsaw,2024-08-01,1,921.0,,,4.0,1.0,1.0,1.0,,1.0,1.0,1.0,1.0,,,,,1.0,1.0,1.0,1.0,,1.0,1.0,1.0,1.0,1.0,1.0,,,1.0,,,,,6.5,7.0,5.75,5.75,5.75,5.0
514,Warsaw,2024-08-01,1,1235.0,4.60,10,2.0,1.0,1.0,1.0,1.0,1.0,1.0,1.0,1.0,,,1.0,,1.0,,,,,1.0,1.0,,,1.0,,,,1.0,,,,,6.5,7.0,5.75,5.75,5.75,5.0
515,Warsaw,2024-08-01,1,1014.0,,,5.0,2.0,1.0,1.0,1.0,1.0,1.0,1.0,1.0,1.0,1.0,,,1.0,1.0,1.0,1.0,1.0,1.0,1.0,1.0,,1.0,1.0,1.0,,1.0,,,,,6.5,7.0,5.75,5.75,5.75,5.0
516,Warsaw,2024-08-01,1,828.0,,,4.0,1.0,1.0,1.0,1.0,1.0,1.0,1.0,1.0,,,,1.0,1.0,1.0,,1.0,,,1.0,1.0,,,1.0,1.0,1.0,,,,,,6.5,7.0,5.75,5.75,5.75,5.0
517,Warsaw,2024-08-01,1,1423.0,,,6.0,4.0,1.0,1.0,,1.0,1.0,1.0,,,,,1.0,,1.0,,1.0,1.0,1.0,,,,,,,,,,,,,6.5,7.0,5.75,5.75,5.75,5.0
518,Warsaw,2024-08-01,1,1274.0,4.60,10,,1.0,1.0,1.0,1.0,1.0,1.0,1.0,1.0,,,1.0,1.0,1.0,1.0,,,,1.0,,,,1.0,,,,,,,,,6.5,7.0,5.75,5.75,5.75,5.0
519,Warsaw,2024-08-01,1,1177.0,,,6.0,2.0,1.0,1.0,1.0,1.0,1.0,1.0,1.0,,,,,1.0,1.0,1.0,1.0,1.0,1.0,1.0,,,,,1.0,1.0,1.0,,,,,6.5,7.0,5.75,5.75,5.75,5.0
520,Warsaw,2024-08-01,1,687.0,,,4.0,2.0,,,,1.0,1.0,,,,,,1.0,,,,,,,,,,,,,,,,,,,6.5,7.0,5.75,5.75,5.75,5.0
521,Warsaw,2024-08-01,1,834.0,4.56,50,,1.0,1.0,,1.0,1.0,1.0,1.0,1.0,,,1.0,1.0,,,,,,,1.0,1.0,,,,,,,,,,,6.5,7.0,5.75,5.75,5.75,5.0
522,Warsaw,2024-08-01,1,667.0,,,,2.0,1.0,1.0,,1.0,1.0,1.0,,,,,1.0,1.0,1.0,,1.0,,1.0,,,,,,,,,,,,,6.5,7.0,5.75,5.75,5.75,5.0
523,Warsaw,2024-08-01,1,961.0,,,,2.0,1.0,,,1.0,1.0,1.0,1.0,,,,,,,,1.0,,,1.0,1.0,,,1.0,,,,,,,,6.5,7.0,5.75,5.75,5.75,5.0
524,Warsaw,2024-08-01,1,784.0,,,,2.0,,,,,,,,,,,,,,,,,,,,,,,,,,,,,,6.5,7.0,5.75,5.75,5.75,5.0
525,Warsaw,2024-08-01,1,695.0,,,,2.0,,,,1.0,1.0,,,,,,1.0,,,,,,,,,,,,,,,,,,,6.5,7.0,5.75,5.75,5.75,5.0
526,Warsaw,2024-08-01,1,1354.0,,,6.0,3.0,1.0,1.0,,1.0,1.0,1.0,1.0,,,,1.0,1.0,1.0,,1.0,,1.0,1.0,1.0,,,1.0,,,,,,,,6.5,7.0,5.75,5.75,5.75,5.0
527,Warsaw,2024-08-01,1,610.0,,,,2.0,1.0,1.0,,1.0,1.0,1.0,,,,1.0,1.0,1.0,,1.0,,,,1.0,,,,,,,1.0,,,,,6.5,7.0,5.75,5.75,5.75,5.0
528,Warsaw,2024-08-01,1,814.0,,,3.0,1.0,1.0,1.0,,1.0,1.0,1.0,,,,,1.0,,1.0,,1.0,1.0,1.0,,,,,1.0,,,,,,,,6.5,7.0,5.75,5.75,5.75,5.0
529,Warsaw,2024-08-01,1,1001.0,,,4.0,2.0,,,,1.0,1.0,1.0,,,,,1.0,,,,,,1.0,,,,1.0,,,,,,,,,6.5,7.0,5.75,5.75,5.75,5.0
530,Warsaw,2024-08-01,1,677.0,,,,2.0,,,,1.0,1.0,,,,,,1.0,,,,,,,,,,,,,,,,,,,6.5,7.0,5.75,5.75,5.75,5.0
531,Warsaw,2024-08-01,1,942.0,,,4.0,2.0,,,1.0,1.0,1.0,1.0,,,,,,,,,,,1.0,,,,1.0,,,1.0,,,,,,6.5,7.0,5.75,5.75,5.75,5.0
532,Warsaw,2024-08-01,1,883.0,,,3.0,1.0,1.0,1.0,,1.0,1.0,1.0,,,,,1.0,,1.0,,1.0,1.0,1.0,,,,,1.0,,,,,,,,6.5,7.0,5.75,5.75,5.75,5.0
