,city,date,treat,price,rating,omtaler,gæster,soveværelser,hair dryer,shampoo,hot water,washing machine,hangers,bed linen,security,work,wi-fi,kitchen,refrigerator,attractions nearby,outdoor,parkering and faciliteter,host,mailbox,entertainment,view,dishwasher,family,blackout curtains,temperature,gæster,other,cleaning products,fitness equipment,fireplace,smoking allowed,pool etc.,Sights,Safety,Shopping,Location,Climate,Affordability
0,Århus,2024-07-23,0,339.0,4.91,713,,1.0,1.0,1.0,1.0,1.0,1.0,1.0,1.0,1.0,1.0,1.0,1.0,1.0,1.0,1.0,1.0,1.0,,,,,,,,,,,,,,,,,,,
1,Århus,2024-07-23,0,353.0,4.91,11,,1.0,,,,1.0,,,1.0,1.0,1.0,1.0,,,1.0,1.0,,,1.0,,,,,,,,,,,,,,,,,,
2,Århus,2024-07-23,0,412.0,4.94,376,,2.0,1.0,1.0,1.0,1.0,1.0,1.0,1.0,1.0,1.0,1.0,1.0,1.0,1.0,1.0,,,1.0,,,,,,,,,,,,,,,,,,
3,Århus,2024-07-23,0,333.0,4.90,308,,1.0,,,1.0,,1.0,1.0,1.0,1.0,1.0,1.0,1.0,,1.0,1.0,,,1.0,1.0,1.0,1.0,,,,,,,,,,,,,,,
4,Århus,2024-07-23,0,524.0,4.77,490,,1.0,1.0,1.0,1.0,,1.0,,1.0,1.0,1.0,1.0,1.0,,,,,,1.0,,,,1.0,1.0,,,,,,,,,,,,,
5,Århus,2024-07-23,0,529.0,4.85,165,2.0,1.0,1.0,,1.0,,1.0,1.0,,1.0,1.0,1.0,1.0,1.0,1.0,1.0,,,1.0,,,1.0,,,2.0,,,,,,,,,,,,
6,Århus,2024-07-23,0,328.0,4.45,513,,2.0,,1.0,,1.0,1.0,1.0,,1.0,1.0,1.0,1.0,,1.0,1.0,,,1.0,,1.0,1.0,1.0,,,,,,,,,,,,,,
7,Århus,2024-07-23,0,588.0,4.89,299,2.0,1.0,1.0,1.0,1.0,,1.0,1.0,1.0,1.0,1.0,1.0,1.0,,1.0,1.0,,,1.0,,,1.0,,,2.0,,,,,,,,,,,,
8,Århus,2024-07-23,0,212.0,4.80,181,,2.0,1.0,1.0,1.0,1.0,1.0,1.0,,1.0,1.0,1.0,1.0,1.0,1.0,1.0,1.0,,,,1.0,,,,,,,,,,,,,,,,
9,Århus,2024-07-23,0,541.0,4.55,42,,1.0,1.0,1.0,1.0,1.0,1.0,,1.0,1.0,1.0,1.0,1.0,1.0,1.0,1.0,,,1.0,,,,,,,,,,,,,,,,,,
10,Århus,2024-07-23,0,588.0,4.96,222,,2.0,1.0,1.0,1.0,,1.0,,1.0,1.0,1.0,1.0,1.0,1.0,,1.0,,,1.0,,,,,,,,,,,,,,,,,,
11,Århus,2024-07-23,0,600.0,4.95,350,,2.0,1.0,1.0,1.0,,1.0,1.0,1.0,1.0,,1.0,1.0,1.0,1.0,1.0,1.0,1.0,,,,,,,,,,,,,,,,,,,
12,Århus,2024-07-23,0,353.0,4.83,6,,1.0,1.0,1.0,1.0,,,,1.0,1.0,,1.0,,1.0,1.0,1.0,1.0,1.0,,,,,1.0,,,1.0,1.0,,,,,,,,,,
13,Århus,2024-07-23,0,624.0,4.80,10,2.0,1.0,,,,1.0,1.0,,1.0,1.0,1.0,1.0,1.0,,1.0,1.0,1.0,1.0,1.0,,1.0,1.0,,,2.0,1.0,1.0,,,,,,,,,,
14,Århus,2024-07-23,0,579.0,4.56,9,2.0,1.0,1.0,,1.0,,1.0,,1.0,1.0,1.0,1.0,1.0,1.0,1.0,1.0,,,1.0,,,1.0,,1.0,2.0,1.0,1.0,,,,,,,,,,
15,Århus,2024-07-23,0,353.0,4.61,18,,1.0,,,,1.0,,,1.0,1.0,1.0,1.0,1.0,,1.0,1.0,1.0,1.0,,,,1.0,,,,,,,,,,,,,,,
16,Århus,2024-07-23,0,588.0,4.91,23,,1.0,,,1.0,1.0,,,1.0,1.0,1.0,1.0,1.0,1.0,1.0,1.0,,,,,,,1.0,,,,,,,,,,,,,,
17,Århus,2024-07-23,0,618.0,4.90,86,4.0,2.0,1.0,1.0,1.0,,1.0,,1.0,1.0,1.0,1.0,,1.0,1.0,1.0,1.0,1.0,1.0,1.0,,1.0,1.0,,4.0,1.0,1.0,,,,,,,,,,
18,Århus,2024-07-23,0,694.0,4.96,214,2.0,1.0,1.0,1.0,1.0,,1.0,1.0,1.0,1.0,1.0,1.0,1.0,1.0,1.0,1.0,,,,,,1.0,,,2.0,,,,,,,,,,,,
19,Århus,2024-07-23,0,710.0,4.97,217,4.0,2.0,1.0,,,,1.0,,1.0,1.0,,1.0,,,,1.0,,,1.0,,,,,,4.0,,,,,,,,,,,,
20,Århus,2024-07-23,0,588.0,4.73,64,,2.0,1.0,1.0,1.0,,,,1.0,1.0,,1.0,,1.0,1.0,1.0,1.0,,1.0,1.0,,1.0,,1.0,,1.0,1.0,,,,,,,,,,
21,Århus,2024-07-23,0,442.0,4.80,175,,1.0,1.0,,,,1.0,,,1.0,1.0,1.0,1.0,,1.0,1.0,1.0,1.0,,,,,,,,,,,,,,,,,,,
22,Århus,2024-07-23,0,656.0,4.79,215,,1.0,1.0,1.0,1.0,1.0,1.0,,1.0,1.0,1.0,1.0,1.0,1.0,1.0,1.0,,,1.0,1.0,,,,,,,,,,,,,,,,,
23,Århus,2024-07-23,0,480.0,,,4.0,3.0,,,,1.0,,,,1.0,1.0,1.0,,,,1.0,,,1.0,,,,,,4.0,,,,,,,,,,,,
24,Århus,2024-07-23,0,671.0,4.71,7,2.0,1.0,1.0,,,,,,1.0,1.0,1.0,1.0,,,,1.0,,,1.0,,,1.0,,,2.0,,,,,,,,,,,,
25,Århus,2024-07-23,0,582.0,4.82,11,,1.0,,,,,,,,1.0,,1.0,1.0,,1.0,1.0,1.0,1.0,,,,,,1.0,,,,,,,,,,,,,
26,Århus,2024-07-23,0,529.0,4.80,49,,1.0,,,1.0,,1.0,1.0,1.0,1.0,,1.0,1.0,,1.0,1.0,,,,1.0,,,,,,,,,,,,,,,,,
27,Århus,2024-07-23,0,464.0,4.79,14,,1.0,1.0,,1.0,,1.0,,1.0,1.0,,1.0,1.0,1.0,1.0,1.0,,,1.0,1.0,,1.0,1.0,1.0,,1.0,1.0,,,,,,,,,,
28,Århus,2024-07-23,0,249.0,,,,1.0,,,,1.0,,,1.0,1.0,1.0,1.0,,,1.0,,,,1.0,,,,,,,,,,,,,,,,,,
29,Århus,2024-07-23,0,647.0,4.81,26,4.0,3.0,,1.0,1.0,,1.0,,1.0,1.0,1.0,1.0,1.0,1.0,1.0,1.0,1.0,1.0,1.0,,,1.0,,,4.0,,,,,,,,,,,,
30,Århus,2024-07-23,0,446.0,4.78,41,,1.0,1.0,,1.0,,1.0,,1.0,1.0,,1.0,1.0,,1.0,1.0,1.0,1.0,1.0,1.0,1.0,1.0,,,,,,1.0,,,,,,,,,
31,Århus,2024-07-23,0,565.0,4.76,42,,2.0,1.0,1.0,1.0,,1.0,,1.0,1.0,1.0,1.0,1.0,1.0,1.0,1.0,1.0,1.0,1.0,1.0,,1.0,,,,1.0,1.0,,,,,,,,,,
32,Århus,2024-07-23,0,529.0,4.57,66,,2.0,,,1.0,1.0,1.0,1.0,1.0,1.0,1.0,1.0,1.0,1.0,,1.0,,,,,,1.0,,,,,,,,,,,,,,,
33,Århus,2024-07-23,0,588.0,4.88,8,,1.0,1.0,1.0,,1.0,1.0,1.0,1.0,1.0,1.0,1.0,1.0,1.0,1.0,1.0,,,1.0,,1.0,1.0,,,,,,,1.0,,,,,,,,
34,Århus,2024-07-23,0,676.0,4.86,35,,1.0,1.0,,,1.0,,,1.0,1.0,1.0,1.0,1.0,,1.0,1.0,,,1.0,1.0,,,,,,,,,,,,,,,,,
35,Århus,2024-07-23,0,435.0,4.95,20,,1.0,1.0,1.0,1.0,,1.0,,1.0,1.0,,1.0,1.0,1.0,1.0,1.0,,,1.0,1.0,1.0,1.0,1.0,,,1.0,1.0,,,,,,,,,,
36,Århus,2024-07-23,0,682.0,,,,1.0,,1.0,1.0,1.0,1.0,1.0,1.0,1.0,1.0,1.0,1.0,1.0,,1.0,,,1.0,1.0,1.0,1.0,,,,1.0,1.0,,,,,,,,,,
37,Århus,2024-07-23,0,494.0,,,,2.0,,,,1.0,,,,1.0,1.0,1.0,,,1.0,1.0,,,1.0,,,,,,,,,,,,,,,,,,
38,Århus,2024-07-23,0,512.0,4.63,27,,1.0,1.0,1.0,1.0,,1.0,,1.0,1.0,1.0,1.0,,1.0,,1.0,,,1.0,,,1.0,1.0,1.0,,1.0,1.0,,,,,,,,,,
39,Århus,2024-07-23,0,353.0,4.47,210,,2.0,,,1.0,1.0,,1.0,,1.0,1.0,,,1.0,,1.0,,,1.0,,,,,,,,,,,,,,,,,,
40,Århus,2024-07-23,0,412.0,4.79,19,,1.0,,1.0,1.0,,1.0,,1.0,1.0,1.0,1.0,1.0,,1.0,1.0,,,1.0,1.0,,,1.0,,,1.0,1.0,1.0,,,,,,,,,
41,Århus,2024-07-23,0,312.0,4.69,63,,1.0,1.0,1.0,1.0,,1.0,1.0,1.0,1.0,1.0,1.0,1.0,,1.0,1.0,1.0,,1.0,,1.0,1.0,1.0,,,,,,1.0,,,,,,,,
42,Århus,2024-07-23,0,680.0,5.0,4,,1.0,1.0,1.0,,1.0,1.0,1.0,1.0,1.0,1.0,1.0,1.0,1.0,1.0,1.0,,,1.0,,1.0,1.0,,,,,,,1.0,,,,,,,,
43,Århus,2024-07-23,0,529.0,,,,1.0,,,,1.0,,,,1.0,1.0,1.0,,,,1.0,,,,,,,,,,,,,,,,,,,,,
44,Århus,2024-07-23,0,471.0,4.89,9,3.0,2.0,,,,1.0,,,,1.0,1.0,1.0,1.0,,1.0,1.0,,,,,,,,,3.0,1.0,1.0,,,,,,,,,,
45,Århus,2024-07-23,0,471.0,5.0,8,,1.0,,1.0,1.0,,,,1.0,1.0,,1.0,1.0,1.0,1.0,1.0,1.0,1.0,1.0,1.0,1.0,1.0,,1.0,,1.0,1.0,,,,,,,,,,
46,Århus,2024-07-23,0,619.0,4.84,25,4.0,4.0,1.0,,1.0,1.0,1.0,,,1.0,1.0,1.0,1.0,1.0,1.0,1.0,1.0,1.0,1.0,,1.0,1.0,,,4.0,,,,,,,,,,,,
47,Århus,2024-07-23,0,612.0,4.40,10,2.0,1.0,1.0,,,,,,,1.0,1.0,1.0,1.0,,,1.0,,,,,,,,,2.0,,,,,,,,,,,,
48,Århus,2024-07-23,0,515.0,4.71,14,2.0,1.0,1.0,1.0,1.0,,1.0,1.0,1.0,1.0,,1.0,1.0,,1.0,1.0,,,1.0,,,,,1.0,2.0,,,,,,,,,,,,
49,Århus,2024-07-23,0,412.0,4.82,102,,4.0,1.0,1.0,,1.0,1.0,,1.0,1.0,1.0,1.0,1.0,1.0,1.0,1.0,,,1.0,1.0,,1.0,,,,,,,,,,,,,,,
50,Århus,2024-07-23,0,268.0,5.0,4,2.0,1.0,,,,,1.0,,,1.0,1.0,1.0,,,1.0,1.0,1.0,1.0,1.0,,,,1.0,,2.0,,,,,,,,,,,,
51,Århus,2024-07-23,0,349.0,,,,1.0,1.0,1.0,,,,,1.0,1.0,1.0,1.0,1.0,1.0,1.0,1.0,,,1.0,,1.0,,,,,1.0,1.0,,,1.0,,,,,,,
52,Århus,2024-07-23,0,707.0,4.84,19,2.0,1.0,,1.0,1.0,,1.0,,1.0,,,1.0,1.0,1.0,1.0,1.0,,,1.0,1.0,1.0,1.0,1.0,1.0,2.0,1.0,1.0,,,,,,,,,,
53,Århus,2024-07-23,0,616.0,4.81,87,,2.0,1.0,,1.0,,1.0,,1.0,1.0,1.0,1.0,1.0,,,1.0,1.0,1.0,1.0,1.0,,,,1.0,,1.0,1.0,,,,,,,,,,
54,Århus,2024-07-23,0,624.0,4.76,29,,2.0,1.0,1.0,1.0,1.0,1.0,,1.0,1.0,1.0,1.0,,1.0,1.0,1.0,,,,,,1.0,,,,1.0,1.0,,,,,,,,,,
55,Århus,2024-07-23,0,471.0,4.94,17,,1.0,,,1.0,1.0,,1.0,1.0,1.0,1.0,1.0,1.0,,,1.0,1.0,1.0,,,1.0,1.0,,,,,,,,,,,,,,,
56,Århus,2024-07-23,0,459.0,3.75,8,,2.0,,,1.0,,1.0,,1.0,1.0,1.0,1.0,1.0,1.0,1.0,1.0,1.0,1.0,,1.0,,1.0,,1.0,,1.0,1.0,,,,,,,,,,
57,Århus,2024-07-23,0,494.0,,,,1.0,,,1.0,,1.0,,1.0,1.0,1.0,1.0,,1.0,1.0,1.0,,,,1.0,,1.0,1.0,1.0,,1.0,1.0,,,,,,,,,,
58,Århus,2024-07-23,0,591.0,,,2.0,1.0,,,1.0,,,1.0,1.0,,,1.0,1.0,1.0,,1.0,,,,,,1.0,,1.0,2.0,,,,,,,,,,,,
59,Århus,2024-07-23,0,475.0,4.50,4,,2.0,,1.0,1.0,,1.0,,1.0,1.0,1.0,1.0,1.0,1.0,1.0,1.0,1.0,1.0,1.0,1.0,,1.0,,,,,,,,,,,,,,,
60,Århus,2024-07-23,0,693.0,,,3.0,1.0,,,,1.0,,,,1.0,1.0,1.0,,,1.0,1.0,,,1.0,1.0,,,,,3.0,,,,,,,,,,,,
61,Århus,2024-07-23,0,706.0,4.84,50,,1.0,1.0,1.0,1.0,1.0,1.0,1.0,1.0,1.0,1.0,1.0,1.0,1.0,1.0,1.0,,,,1.0,,1.0,,,,,,,,,,,,,,,
62,Århus,2024-07-23,0,498.0,4.83,69,,3.0,,1.0,1.0,,1.0,1.0,1.0,1.0,1.0,1.0,1.0,1.0,1.0,1.0,1.0,,1.0,1.0,,1.0,,,,1.0,1.0,,,,,,,,,,
63,Århus,2024-07-23,0,475.0,4.50,8,,2.0,,1.0,1.0,,1.0,,1.0,1.0,1.0,1.0,1.0,1.0,1.0,1.0,1.0,1.0,1.0,1.0,,1.0,,,,,,,,,,,,,,,
64,Århus,2024-07-23,0,647.0,4.77,13,2.0,1.0,,,,,,,1.0,1.0,1.0,1.0,,,,1.0,,,1.0,,,,,,2.0,,,,,,,,,,,,
65,Århus,2024-07-23,0,469.0,4.67,9,,2.0,,,1.0,,,1.0,1.0,1.0,,,,,1.0,1.0,,,1.0,1.0,,,1.0,,,,,,,,,,,,,,
66,Århus,2024-07-23,0,682.0,4.92,48,,2.0,1.0,1.0,1.0,,1.0,,1.0,1.0,1.0,1.0,,1.0,1.0,1.0,1.0,,,1.0,,1.0,,,,1.0,1.0,,,,,,,,,,
67,Århus,2024-07-23,0,353.0,4.45,11,2.0,2.0,,,,1.0,1.0,,1.0,1.0,1.0,1.0,,1.0,,1.0,,,1.0,,,,,,2.0,,,,,,,,,,,,
68,Århus,2024-07-23,0,706.0,,,2.0,1.0,,,,1.0,,,1.0,1.0,1.0,1.0,1.0,,1.0,1.0,1.0,1.0,,,,,,,2.0,,,,,,,,,,,,
69,Århus,2024-07-23,0,587.0,4.50,4,3.0,1.0,,,,1.0,,,1.0,1.0,1.0,1.0,,,1.0,1.0,,,1.0,,,,,,3.0,,,,,,,,,,,,
70,Århus,2024-07-23,0,318.0,4.80,71,,1.0,1.0,1.0,1.0,1.0,1.0,1.0,1.0,1.0,1.0,1.0,1.0,1.0,1.0,1.0,,,1.0,1.0,1.0,1.0,,,,,,,,,,,,,,,
71,Århus,2024-07-23,0,671.0,5.0,6,2.0,2.0,,,1.0,,1.0,,1.0,,,1.0,1.0,1.0,1.0,1.0,,,,1.0,,,1.0,1.0,2.0,1.0,1.0,,,,,,,,,,
72,Århus,2024-07-23,0,471.0,5.0,3,,1.0,,,,,,,1.0,1.0,1.0,,,1.0,,,,,,,,,,,,,,,,,,,,,,,
73,Århus,2024-07-23,0,541.0,4.63,8,2.0,1.0,1.0,,,,1.0,,1.0,1.0,1.0,1.0,1.0,1.0,1.0,1.0,1.0,1.0,1.0,,1.0,1.0,,1.0,2.0,1.0,1.0,,,,,,,,,,
74,Århus,2024-07-23,0,475.0,,,,2.0,,1.0,1.0,,1.0,,1.0,1.0,1.0,1.0,,1.0,1.0,1.0,1.0,1.0,1.0,1.0,,1.0,,,,,,,,,,,,,,,
75,Århus,2024-07-23,0,294.0,4.65,17,,1.0,,,,1.0,,,,1.0,1.0,,,,,1.0,,,,,,,,,,,,,,,,,,,,,
76,Århus,2024-07-23,0,475.0,4.0,3,,2.0,,1.0,1.0,,1.0,,1.0,1.0,1.0,1.0,,1.0,1.0,1.0,1.0,1.0,1.0,,,1.0,,,,,,,,,,,,,,,
77,Århus,2024-07-23,0,265.0,4.82,50,2.0,1.0,1.0,1.0,1.0,,1.0,1.0,1.0,1.0,1.0,1.0,1.0,1.0,1.0,1.0,,,1.0,1.0,1.0,1.0,,,2.0,1.0,1.0,,,,,,,,,,
78,Århus,2024-07-23,0,388.0,4.67,3,2.0,1.0,,,,,,,1.0,,,,,,1.0,1.0,,,,,,,,,2.0,,,,,,,,,,,,
79,Århus,2024-07-23,0,475.0,,,,2.0,,1.0,1.0,,1.0,,1.0,1.0,1.0,1.0,1.0,1.0,1.0,1.0,1.0,1.0,1.0,,,1.0,,,,,,,,,,,,,,,
80,Århus,2024-07-23,0,588.0,4.29,7,,2.0,,,1.0,,1.0,1.0,1.0,1.0,1.0,,,1.0,,1.0,,,1.0,,,,,,,,,,,,,,,,,,
81,Århus,2024-07-23,0,659.0,,,3.0,2.0,,,,1.0,,,,1.0,1.0,1.0,,,1.0,1.0,,,1.0,,,,,,3.0,,,,,,,,,,,,
82,Århus,2024-07-23,0,706.0,,,2.0,1.0,,,,1.0,,,1.0,1.0,1.0,1.0,,,,1.0,,,1.0,,,,,,2.0,,,,,,,,,,,,
83,Århus,2024-07-23,0,465.0,,,,1.0,1.0,,1.0,,,1.0,1.0,1.0,1.0,1.0,,,1.0,1.0,,,1.0,,,,,,,,,,,,,,,,,,
84,Århus,2024-07-23,0,647.0,4.50,31,,1.0,,,1.0,1.0,1.0,,1.0,1.0,1.0,,,,,1.0,,,,,,,,,,,,,,,,,,,,,
85,Århus,2024-07-23,0,529.0,3.0,3,,5.0,,,,1.0,,,1.0,1.0,1.0,1.0,1.0,,,,,,,,,,,,,,,,,,,,,,,,
86,Århus,2024-07-23,0,478.0,4.78,23,,1.0,1.0,1.0,1.0,,1.0,1.0,1.0,1.0,1.0,1.0,1.0,1.0,1.0,1.0,,,1.0,1.0,1.0,1.0,,,,1.0,1.0,,,,,,,,,,
87,Århus,2024-07-23,0,600.0,4.43,7,3.0,1.0,,,,1.0,,,1.0,1.0,1.0,1.0,,,,1.0,,,1.0,,,,,,3.0,,,,,,,,,,,,
88,Århus,2024-07-23,0,235.0,4.30,23,,,,,1.0,,1.0,,1.0,1.0,,1.0,1.0,,1.0,1.0,,,,,,,,,,,,,,,,,,,,,
89,Århus,2024-07-23,0,465.0,4.0,6,,1.0,,,,,,,1.0,1.0,1.0,,,,,,1.0,,,1.0,,,,,,,,,,,,,,,,,
90,Århus,2024-07-23,0,294.0,4.50,4,,1.0,,,,1.0,,,,1.0,1.0,,,,,1.0,,,,,,,,,,,,,,,,,,,,,
91,Århus,2024-07-23,0,353.0,5.0,3,,1.0,,,,1.0,1.0,,1.0,1.0,1.0,1.0,,1.0,,1.0,,,1.0,,,,,,,,,,,,,,,,,,
92,Århus,2024-07-23,0,412.0,,,,2.0,,,,1.0,,,,1.0,1.0,1.0,1.0,,,,,,,,,,,,,,,,,,,,,,,,
93,Århus,2024-07-23,0,412.0,,,,2.0,,,,1.0,,,1.0,1.0,1.0,1.0,1.0,,,,,,,,,,,,,,,,,,,,,,,,
94,Århus,2024-07-23,0,536.0,,,1.0,1.0,,,,1.0,,,,1.0,1.0,1.0,,,,1.0,,,,,,,,,1.0,,,,,,,,,,,,
95,Århus,2024-07-23,0,294.0,4.27,15,,1.0,,,1.0,1.0,,,,1.0,1.0,1.0,,,,1.0,,,1.0,,,,,,,,,,,1.0,,,,,,,
96,Århus,2024-07-23,0,353.0,4.89,9,,3.0,,,,1.0,1.0,,1.0,1.0,1.0,1.0,,1.0,,1.0,,,1.0,,,,,,,,,,,,,,,,,,
97,Århus,2024-07-23,0,559.0,,,,1.0,1.0,,1.0,1.0,1.0,,1.0,1.0,1.0,1.0,,1.0,,1.0,,,1.0,,,,1.0,,,,,,,,,,,,,,
98,Århus,2024-07-23,0,647.0,4.50,4,,1.0,,,,1.0,,,1.0,1.0,1.0,1.0,1.0,,1.0,1.0,,,1.0,,,,,,,,,,,,,,,,,,
99,Århus,2024-07-23,0,500.0,,,,1.0,,,,,,,,1.0,1.0,,,,,,,,,,,,,,,,,,,,,,,,,,
100,Århus,2024-07-23,0,353.0,4.50,6,8.0,3.0,,,,1.0,1.0,,1.0,1.0,1.0,1.0,,1.0,,1.0,,,1.0,,,,,,8.0,,,,,,,,,,,,
101,Århus,2024-07-23,0,941.0,4.33,3,4.0,3.0,,,,1.0,,,1.0,,,1.0,,,1.0,1.0,,,1.0,,,1.0,,,4.0,,,,,,,,,,,,
102,Århus,2024-07-23,0,500.0,,,,1.0,1.0,1.0,1.0,,1.0,,1.0,1.0,,1.0,1.0,1.0,,1.0,,,,,,,,,,,,,,,,,,,,,
103,Århus,2024-07-23,0,529.0,4.43,7,,1.0,1.0,,1.0,,1.0,1.0,1.0,1.0,,1.0,1.0,1.0,1.0,1.0,,,1.0,1.0,1.0,1.0,,1.0,,,,,,,,,,,,,
104,Århus,2024-07-23,0,353.0,,,,1.0,,,,,,,1.0,1.0,1.0,,,,,1.0,,,,,,,,,,,,,,1.0,,,,,,,
105,Århus,2024-07-23,0,534.0,4.81,43,,3.0,1.0,1.0,1.0,1.0,1.0,1.0,1.0,1.0,1.0,1.0,1.0,1.0,1.0,1.0,,,1.0,1.0,1.0,1.0,1.0,1.0,,1.0,1.0,,,,,,,,,,
106,Århus,2024-07-23,0,482.0,4.80,25,,2.0,,,1.0,,,,1.0,,,1.0,1.0,1.0,1.0,1.0,,,1.0,1.0,1.0,,1.0,1.0,,1.0,1.0,,,,,,,,,,
107,Århus,2024-07-23,0,682.0,,,,2.0,1.0,,,1.0,,,1.0,1.0,1.0,1.0,1.0,,1.0,1.0,,,1.0,1.0,,,,,,,,,,,,,,,,,
108,Århus,2024-07-23,0,671.0,,,,2.0,1.0,1.0,1.0,,1.0,1.0,1.0,1.0,1.0,1.0,,,,1.0,,,1.0,,,1.0,1.0,,,,,,,1.0,,,,,,,
109,Århus,2024-07-23,0,471.0,4.71,7,,4.0,,,,1.0,1.0,,,1.0,1.0,1.0,1.0,1.0,,1.0,,,,,,,,,,,,,,1.0,,,,,,,
110,Århus,2024-07-23,0,471.0,5.0,4,2.0,1.0,,,,,,,1.0,,,1.0,,,1.0,1.0,,,,1.0,,,,,2.0,,,,,,,,,,,,
111,Århus,2024-07-23,0,704.0,5.0,3,3.0,1.0,,,,1.0,,,1.0,1.0,1.0,1.0,,,1.0,1.0,,,,,,,,,3.0,,,,,,,,,,,,
112,Århus,2024-07-23,0,742.0,,,,2.0,,,,1.0,,,1.0,1.0,1.0,1.0,,,1.0,1.0,,,1.0,,,,,,,,,,1.0,,1.0,,,,,,
113,Århus,2024-07-23,0,682.0,4.67,12,4.0,1.0,,,,1.0,,,,1.0,1.0,1.0,,,1.0,1.0,,,1.0,,,,,,4.0,,,,,,,,,,,,
114,Århus,2024-07-23,0,,,,2.0,1.0,,,,,,,,,,,,,,,,,,,,,,,2.0,,,,,,,,,,,,
115,Århus,2024-07-23,0,588.0,,,,2.0,,,,1.0,,,1.0,1.0,,,,,1.0,1.0,,,1.0,,,1.0,,,,,,1.0,,,,,,,,,
116,Århus,2024-07-23,0,659.0,,,1.0,1.0,,1.0,1.0,,1.0,1.0,,,,1.0,1.0,1.0,1.0,1.0,,,1.0,,,1.0,,1.0,1.0,1.0,1.0,,,,,,,,,,
117,Århus,2024-07-23,0,588.0,,,2.0,1.0,,,,,,,,,,1.0,,,,1.0,,,,,,,,,2.0,,,,,,,,,,,,
118,Århus,2024-07-23,0,571.0,,,,1.0,,,,1.0,,,,1.0,1.0,1.0,1.0,,1.0,1.0,,,1.0,,,,,,,,,,,,,,,,,,
119,Århus,2024-07-23,0,527.0,4.91,11,,2.0,1.0,1.0,1.0,1.0,,,1.0,1.0,1.0,1.0,1.0,1.0,1.0,1.0,,,,,,,,,,,,,,,,,,,,,
120,Århus,2024-07-23,0,588.0,,,,,1.0,1.0,1.0,1.0,,,,1.0,1.0,1.0,,,,1.0,,,1.0,,,,,,,,,,,,,,,,,,
121,Århus,2024-07-23,0,882.0,4.69,13,4.0,1.0,,,,,,,1.0,1.0,1.0,1.0,1.0,,1.0,1.0,,,1.0,,,,,,4.0,,,,,,,,,,,,
122,Århus,2024-07-23,0,1059.0,,,2.0,1.0,,1.0,1.0,1.0,,1.0,1.0,1.0,1.0,1.0,1.0,1.0,1.0,,,,1.0,,1.0,1.0,1.0,,2.0,1.0,1.0,,,,,,,,,,
123,Århus,2024-07-23,0,1593.0,,,4.0,1.0,,,,1.0,,,1.0,1.0,1.0,1.0,,,1.0,,,,1.0,,,,,,4.0,,,,,,,,,,,,
124,Århus,2024-07-23,0,1171.0,4.67,15,4.0,1.0,1.0,1.0,1.0,,,,1.0,1.0,1.0,1.0,,1.0,1.0,1.0,1.0,,1.0,1.0,1.0,1.0,1.0,,4.0,1.0,1.0,,,,,,,,,,
125,Århus,2024-07-23,0,941.0,4.97,32,,3.0,1.0,1.0,,,,1.0,1.0,1.0,1.0,1.0,,1.0,,1.0,,,1.0,1.0,,1.0,,,,,,,,,,,,,,,
126,Århus,2024-07-23,0,882.0,4.98,62,2.0,1.0,1.0,1.0,1.0,1.0,1.0,1.0,1.0,1.0,1.0,1.0,1.0,,1.0,1.0,,,,,,,1.0,1.0,2.0,1.0,1.0,,,,,,,,,,
127,Århus,2024-07-23,0,824.0,4.86,7,2.0,1.0,,,1.0,,,,1.0,1.0,,1.0,1.0,,1.0,,,,1.0,,,1.0,,,2.0,,,,,,,,,,,,
128,Århus,2024-07-23,0,824.0,4.94,31,4.0,3.0,,,1.0,,1.0,,1.0,1.0,1.0,1.0,1.0,1.0,1.0,1.0,,,1.0,1.0,,1.0,,1.0,4.0,1.0,1.0,,,,,,,,,,
129,Århus,2024-07-23,0,1171.0,4.97,30,5.0,3.0,1.0,1.0,1.0,1.0,1.0,,1.0,1.0,1.0,1.0,1.0,1.0,1.0,1.0,1.0,1.0,1.0,,1.0,1.0,1.0,,5.0,1.0,1.0,,,,,,,,,,
130,Århus,2024-07-23,0,882.0,,,2.0,1.0,,,,,1.0,,,1.0,1.0,1.0,1.0,,1.0,1.0,,,1.0,1.0,1.0,,,1.0,2.0,1.0,1.0,,,,,,,,,,
131,Århus,2024-07-23,0,999.0,,,2.0,1.0,,,1.0,1.0,1.0,1.0,1.0,1.0,1.0,1.0,1.0,1.0,,1.0,,,1.0,,,,1.0,,2.0,1.0,1.0,,,,,,,,,,
132,Århus,2024-07-23,0,1012.0,4.85,20,4.0,2.0,,1.0,1.0,1.0,1.0,,1.0,1.0,1.0,1.0,1.0,,1.0,1.0,,,1.0,1.0,,,1.0,1.0,4.0,1.0,1.0,,,,,,,,,,
133,Århus,2024-07-23,0,1241.0,4.76,234,6.0,4.0,1.0,,1.0,,1.0,1.0,1.0,1.0,1.0,1.0,1.0,1.0,1.0,1.0,1.0,1.0,1.0,1.0,,1.0,1.0,,6.0,,,,,,,,,,,,
134,Århus,2024-07-23,0,1000.0,5.0,12,4.0,2.0,1.0,,1.0,,1.0,1.0,1.0,1.0,1.0,1.0,1.0,,1.0,1.0,1.0,1.0,1.0,,1.0,1.0,,,4.0,1.0,1.0,,,,,,,,,,
135,Århus,2024-07-23,0,908.0,4.95,116,5.0,2.0,1.0,1.0,1.0,,1.0,,1.0,1.0,1.0,1.0,1.0,1.0,1.0,1.0,,,1.0,1.0,1.0,1.0,,,5.0,1.0,1.0,,,,,,,,,,
136,Århus,2024-07-23,0,1129.0,4.90,10,4.0,2.0,1.0,1.0,1.0,,1.0,,1.0,1.0,1.0,1.0,1.0,1.0,1.0,1.0,,,1.0,,1.0,1.0,,1.0,4.0,1.0,1.0,,,,,,,,,,
137,Århus,2024-07-23,0,1234.0,4.78,93,2.0,2.0,1.0,1.0,1.0,1.0,1.0,1.0,1.0,1.0,1.0,1.0,1.0,1.0,1.0,1.0,,,1.0,,1.0,1.0,1.0,1.0,2.0,1.0,1.0,,,,,,,,,,
138,Århus,2024-07-23,0,1059.0,5.0,8,3.0,2.0,1.0,,,,,,1.0,1.0,1.0,1.0,1.0,1.0,1.0,1.0,,,1.0,,,1.0,,,3.0,1.0,1.0,,,,,,,,,,
139,Århus,2024-07-23,0,1106.0,5.0,6,2.0,1.0,,,1.0,1.0,1.0,1.0,1.0,1.0,1.0,1.0,1.0,,1.0,1.0,1.0,,1.0,,1.0,1.0,1.0,,2.0,,,,,,,,,,,,
140,Århus,2024-07-23,0,871.0,4.85,34,4.0,3.0,,,1.0,,1.0,1.0,,1.0,1.0,1.0,1.0,,1.0,1.0,,,1.0,,,1.0,1.0,1.0,4.0,1.0,1.0,,,,,,,,,,
141,Århus,2024-07-23,0,1059.0,5.0,9,,1.0,,,,,,,1.0,1.0,1.0,1.0,1.0,,1.0,1.0,1.0,1.0,,,,1.0,,,,,,,,,,,,,,,
142,Århus,2024-07-23,0,765.0,4.97,37,,3.0,,1.0,1.0,,1.0,,1.0,1.0,1.0,1.0,1.0,1.0,1.0,1.0,1.0,1.0,1.0,1.0,,1.0,,1.0,,1.0,1.0,,,,,,,,,,
143,Århus,2024-07-23,0,882.0,4.83,12,2.0,1.0,,,,,,,,1.0,1.0,1.0,1.0,,1.0,1.0,,,1.0,,,,,,2.0,,,,,,,,,,,,
144,Århus,2024-07-23,0,880.0,4.72,67,2.0,1.0,,,1.0,,1.0,1.0,,1.0,1.0,1.0,1.0,1.0,1.0,1.0,,,1.0,1.0,,,,,2.0,,,,,,,,,,,,
145,Århus,2024-07-23,0,1353.0,5.0,4,2.0,1.0,1.0,,,,,,,1.0,1.0,1.0,,,1.0,1.0,,,1.0,,,,,,2.0,,,,,,,,,,,,
146,Århus,2024-07-23,0,1235.0,,,4.0,1.0,1.0,,,,,,1.0,1.0,1.0,1.0,,,1.0,1.0,1.0,1.0,1.0,,,,,,4.0,,,,,,,,,,,,
147,Århus,2024-07-23,0,928.0,4.50,4,4.0,2.0,,,,1.0,,,1.0,1.0,1.0,1.0,,,,,,,1.0,,,,,,4.0,,,,,,,,,,,,
148,Århus,2024-07-23,0,941.0,4.65,34,4.0,2.0,,1.0,1.0,,1.0,,1.0,1.0,1.0,1.0,1.0,1.0,1.0,1.0,,,1.0,,1.0,1.0,,,4.0,1.0,1.0,,,1.0,,,,,,,
149,Århus,2024-07-23,0,1118.0,4.47,166,6.0,4.0,,,1.0,,1.0,,1.0,1.0,1.0,1.0,1.0,1.0,1.0,1.0,1.0,1.0,1.0,1.0,,1.0,,1.0,6.0,1.0,1.0,,,,,,,,,,
150,Århus,2024-07-23,0,794.0,5.0,7,1.0,1.0,1.0,1.0,1.0,,1.0,,1.0,1.0,,1.0,1.0,,1.0,1.0,,,,1.0,,1.0,1.0,1.0,1.0,1.0,1.0,,,,,,,,,,
151,Århus,2024-07-23,0,1418.0,,,6.0,4.0,,,,1.0,,,1.0,1.0,1.0,1.0,,,1.0,1.0,,,1.0,,,,,,6.0,,,,,,,,,,,,
152,Århus,2024-07-23,0,1412.0,4.56,230,4.0,2.0,1.0,1.0,1.0,1.0,1.0,1.0,1.0,1.0,1.0,1.0,1.0,1.0,1.0,,,,1.0,1.0,1.0,1.0,1.0,,4.0,,,,,,,,,,,,
153,Århus,2024-07-23,0,835.0,4.75,24,2.0,1.0,,,,,,1.0,1.0,1.0,,1.0,1.0,,1.0,1.0,1.0,1.0,1.0,,,,,,2.0,1.0,1.0,,,,,,,,,,
154,Århus,2024-07-23,0,992.0,4.86,7,2.0,,,,1.0,1.0,,1.0,1.0,1.0,1.0,1.0,1.0,,1.0,1.0,,,1.0,1.0,1.0,1.0,1.0,,2.0,,,,,,,,,,,,
155,Århus,2024-07-23,0,847.0,4.78,101,5.0,3.0,1.0,1.0,1.0,1.0,1.0,,1.0,1.0,,1.0,1.0,1.0,1.0,1.0,,,1.0,,1.0,1.0,,,5.0,,,,,,,,,,,,
156,Århus,2024-07-23,0,1059.0,5.0,4,2.0,1.0,1.0,,,1.0,,,1.0,1.0,1.0,1.0,,,1.0,1.0,,,1.0,,,,,,2.0,,,1.0,,,,,,,,,
157,Århus,2024-07-23,0,1176.0,4.97,29,,3.0,1.0,1.0,1.0,,1.0,1.0,1.0,1.0,,1.0,1.0,1.0,1.0,1.0,1.0,1.0,,,,,,1.0,,,,,,,,,,,,,
158,Århus,2024-07-23,0,1247.0,,,4.0,2.0,,,,1.0,,,1.0,1.0,1.0,1.0,1.0,,1.0,1.0,,,1.0,,,,,,4.0,,,,,,,,,,,,
159,Århus,2024-07-23,0,1229.0,4.75,12,4.0,3.0,1.0,,1.0,,1.0,1.0,,1.0,1.0,1.0,1.0,1.0,1.0,1.0,,,1.0,1.0,1.0,1.0,,,4.0,1.0,1.0,,,,,,,,,,
160,Århus,2024-07-23,0,1147.0,4.98,49,4.0,3.0,1.0,1.0,1.0,,1.0,1.0,1.0,1.0,1.0,1.0,1.0,1.0,1.0,1.0,1.0,1.0,1.0,1.0,1.0,1.0,,1.0,4.0,,,,,,,,,,,,
161,Århus,2024-07-23,0,1171.0,5.0,6,4.0,1.0,,,,,,1.0,1.0,1.0,1.0,1.0,1.0,,1.0,1.0,,,1.0,,,,,,4.0,,,,,,,,,,,,
162,Århus,2024-07-23,0,1176.0,4.68,31,4.0,3.0,1.0,,1.0,,,,1.0,1.0,1.0,1.0,1.0,1.0,1.0,,,,1.0,,1.0,,1.0,,4.0,,,,,,,,,,,,
163,Århus,2024-07-23,0,1071.0,4.75,16,,2.0,1.0,1.0,1.0,,1.0,,1.0,1.0,1.0,1.0,1.0,1.0,1.0,1.0,1.0,1.0,1.0,1.0,,1.0,,,,1.0,1.0,,1.0,,,,,,,,
164,Århus,2024-07-23,0,1353.0,4.88,17,3.0,2.0,,,,,,1.0,1.0,1.0,1.0,1.0,1.0,,1.0,1.0,,,1.0,1.0,1.0,1.0,1.0,,3.0,1.0,1.0,,,,,,,,,,
165,Århus,2024-07-23,0,800.0,4.87,125,4.0,3.0,,,1.0,,1.0,,1.0,,,1.0,1.0,1.0,1.0,1.0,,,,,,1.0,,,4.0,1.0,1.0,,,,,,,,,,
166,Århus,2024-07-23,0,1294.0,4.57,36,2.0,1.0,,1.0,1.0,1.0,1.0,1.0,1.0,1.0,1.0,1.0,1.0,1.0,1.0,1.0,,,1.0,,1.0,1.0,1.0,,2.0,1.0,1.0,,,,,,,,,,
167,Århus,2024-07-23,0,1012.0,4.64,11,4.0,1.0,,,1.0,,,1.0,,1.0,1.0,1.0,1.0,1.0,1.0,1.0,1.0,1.0,,,1.0,,,,4.0,,,,,,,,,,,,
168,Århus,2024-07-23,0,765.0,4.83,95,,1.0,,,1.0,,,,1.0,,,1.0,1.0,1.0,1.0,1.0,,,,,,1.0,,,,1.0,1.0,,,,,,,,,,
169,Århus,2024-07-23,0,1056.0,4.57,7,2.0,1.0,,,1.0,,,,1.0,1.0,,1.0,1.0,,1.0,1.0,,,1.0,,1.0,1.0,1.0,,2.0,,,,,,,,,,,,
170,Århus,2024-07-23,0,846.0,4.33,3,2.0,1.0,1.0,,,,,,1.0,1.0,1.0,1.0,1.0,1.0,1.0,1.0,,,1.0,,,,,,2.0,,,,,,,,,,,,
171,Århus,2024-07-23,0,941.0,4.91,11,3.0,1.0,,,1.0,,,1.0,1.0,1.0,,1.0,1.0,,1.0,1.0,1.0,1.0,1.0,1.0,1.0,,,,3.0,1.0,1.0,,,,,,,,,,
172,Århus,2024-07-23,0,882.0,4.91,11,2.0,1.0,,,1.0,1.0,,,1.0,1.0,1.0,1.0,1.0,,1.0,1.0,,,1.0,,,,,1.0,2.0,1.0,1.0,,,,,,,,,,
173,Århus,2024-07-23,0,1035.0,,,4.0,3.0,,,,1.0,,,1.0,1.0,1.0,1.0,,,1.0,1.0,1.0,1.0,1.0,,,,,,4.0,,,,,,,,,,,,
174,Århus,2024-07-23,0,1264.0,4.82,158,4.0,2.0,1.0,1.0,1.0,,1.0,1.0,1.0,1.0,1.0,1.0,1.0,,1.0,1.0,1.0,1.0,1.0,1.0,1.0,1.0,1.0,,4.0,1.0,1.0,,,,,,,,,,
175,Århus,2024-07-23,0,880.0,4.56,41,5.0,2.0,1.0,1.0,1.0,,1.0,,1.0,1.0,1.0,1.0,1.0,1.0,1.0,1.0,1.0,1.0,1.0,1.0,1.0,1.0,,,5.0,1.0,1.0,1.0,,,,,,,,,
176,Århus,2024-07-23,0,1059.0,,,4.0,2.0,,,,1.0,,,1.0,1.0,1.0,1.0,,,,,,,1.0,,,,,,4.0,,,,,,,,,,,,
177,Århus,2024-07-23,0,941.0,5.0,3,2.0,1.0,1.0,,1.0,1.0,,1.0,1.0,1.0,,1.0,1.0,,,1.0,,,,,1.0,1.0,,1.0,2.0,1.0,1.0,,,,,,,,,,
178,Århus,2024-07-23,0,1121.0,5.0,5,4.0,1.0,,,1.0,,1.0,,1.0,1.0,1.0,1.0,1.0,1.0,1.0,1.0,,,1.0,1.0,1.0,1.0,,1.0,4.0,1.0,1.0,,,,,,,,,,
179,Århus,2024-07-23,0,1000.0,4.80,10,5.0,3.0,1.0,,1.0,1.0,,,1.0,1.0,1.0,1.0,1.0,,1.0,1.0,1.0,1.0,1.0,,,1.0,1.0,1.0,5.0,,,,,,,,,,,,
180,Århus,2024-07-23,0,906.0,4.86,7,2.0,1.0,1.0,1.0,,1.0,,,1.0,,,1.0,1.0,,1.0,1.0,,,1.0,1.0,1.0,1.0,,,2.0,1.0,1.0,1.0,,,,,,,,,
181,Århus,2024-07-23,0,835.0,4.95,185,6.0,3.0,1.0,1.0,1.0,,1.0,,1.0,1.0,1.0,1.0,1.0,1.0,1.0,1.0,,,1.0,1.0,1.0,1.0,1.0,1.0,6.0,1.0,1.0,,,,,,,,,,
182,Århus,2024-07-23,0,1118.0,5.0,4,2.0,1.0,1.0,1.0,,1.0,,,1.0,1.0,1.0,1.0,1.0,,1.0,1.0,,,1.0,,,,,,2.0,,,,,,,,,,,,
183,Århus,2024-07-23,0,726.0,4.0,11,4.0,2.0,,1.0,1.0,,,1.0,1.0,,,1.0,1.0,1.0,1.0,1.0,1.0,1.0,,1.0,,1.0,1.0,,4.0,1.0,1.0,,,1.0,,,,,,,
184,Århus,2024-07-23,0,1165.0,5.0,11,4.0,2.0,,,1.0,,,,1.0,1.0,1.0,1.0,1.0,1.0,1.0,1.0,,,1.0,,1.0,,1.0,,4.0,1.0,1.0,,,,,,,,,,
185,Århus,2024-07-23,0,1422.0,4.94,50,8.0,6.0,1.0,1.0,1.0,,1.0,,1.0,1.0,,1.0,1.0,1.0,1.0,1.0,1.0,,1.0,1.0,,1.0,1.0,,8.0,1.0,1.0,,,,,,,,,,
186,Århus,2024-07-23,0,824.0,4.55,38,2.0,2.0,1.0,1.0,1.0,1.0,1.0,1.0,1.0,1.0,1.0,1.0,1.0,1.0,1.0,1.0,1.0,,1.0,1.0,,1.0,1.0,,2.0,,,,,,,,,,,,
187,Århus,2024-07-23,0,800.0,4.82,102,4.0,5.0,,,1.0,,1.0,,1.0,,,1.0,1.0,,1.0,1.0,,,,1.0,,,,,4.0,,,,,,,,,,,,
188,Århus,2024-07-23,0,1341.0,5.0,3,4.0,2.0,,,1.0,1.0,1.0,,1.0,1.0,1.0,1.0,1.0,1.0,1.0,1.0,,,1.0,1.0,1.0,1.0,1.0,1.0,4.0,,,,,,,,,,,,
189,Århus,2024-07-23,0,1406.0,4.85,46,3.0,4.0,1.0,1.0,1.0,1.0,1.0,,1.0,1.0,1.0,1.0,1.0,1.0,1.0,1.0,,,1.0,,1.0,1.0,,,3.0,,,,1.0,,,,,,,,
190,Århus,2024-07-23,0,759.0,,,3.0,2.0,1.0,,1.0,,1.0,,1.0,,,1.0,1.0,1.0,1.0,1.0,,,1.0,1.0,1.0,1.0,1.0,,3.0,1.0,1.0,,,,,,,,,,
191,Århus,2024-07-23,0,824.0,5.0,5,2.0,1.0,,,,1.0,,,1.0,1.0,1.0,1.0,1.0,,1.0,1.0,,,1.0,,,,,,2.0,,,,,,,,,,,,
192,Århus,2024-07-23,0,1176.0,4.67,3,4.0,2.0,1.0,,1.0,,,1.0,,1.0,1.0,1.0,1.0,,,1.0,1.0,,1.0,1.0,,1.0,1.0,1.0,4.0,,,,,,,,,,,,
193,Århus,2024-07-23,0,1141.0,,,2.0,1.0,,,1.0,,,,1.0,1.0,1.0,1.0,1.0,1.0,1.0,1.0,,,1.0,,1.0,,1.0,1.0,2.0,1.0,1.0,,,,,,,,,,
194,Århus,2024-07-23,0,993.0,4.60,5,3.0,1.0,1.0,1.0,1.0,1.0,,1.0,1.0,1.0,1.0,1.0,1.0,1.0,1.0,1.0,,,1.0,1.0,1.0,1.0,1.0,,3.0,1.0,1.0,,,,,,,,,,
195,Århus,2024-07-23,0,1412.0,5.0,16,3.0,2.0,,,,,,,1.0,1.0,1.0,1.0,1.0,1.0,1.0,,,,1.0,1.0,,,,,3.0,,,,,,,,,,,,
196,Århus,2024-07-23,0,907.0,,,,1.0,,,,1.0,,,,1.0,1.0,1.0,,,1.0,1.0,,,1.0,,,,,,,,,,,,,,,,,,
197,Århus,2024-07-23,0,1021.0,5.0,8,4.0,2.0,,,1.0,,,,1.0,1.0,1.0,1.0,1.0,1.0,1.0,1.0,,,1.0,1.0,1.0,1.0,1.0,1.0,4.0,1.0,1.0,,,,,,,,,,
198,Århus,2024-07-23,0,1053.0,4.67,15,2.0,1.0,,,,1.0,,,,1.0,1.0,1.0,1.0,,,1.0,,,1.0,,,1.0,,,2.0,,,,,,,,,,,,
199,Århus,2024-07-23,0,794.0,4.0,14,4.0,2.0,,,1.0,,,1.0,,1.0,1.0,1.0,,1.0,1.0,1.0,,,1.0,,1.0,,,1.0,4.0,1.0,1.0,,,,,,,,,,
200,Århus,2024-07-23,0,824.0,,,,1.0,,,1.0,,1.0,1.0,1.0,1.0,,1.0,,,1.0,1.0,1.0,1.0,,,,,,,,,,,,,,,,,,,
201,Århus,2024-07-23,0,1235.0,4.92,12,2.0,1.0,,,,1.0,,,1.0,1.0,1.0,1.0,,,1.0,1.0,,,1.0,,,,,,2.0,,,,,,,,,,,,
202,Århus,2024-07-23,0,1353.0,4.78,9,2.0,1.0,,1.0,1.0,1.0,,1.0,1.0,1.0,1.0,1.0,1.0,,1.0,,,,1.0,,,,,1.0,2.0,1.0,1.0,,,,,,,,,,
203,Århus,2024-07-23,0,822.0,4.89,9,,1.0,,,,1.0,,,1.0,1.0,1.0,,,,1.0,1.0,,,1.0,,,,,,,,,1.0,,,,,,,,,
204,Århus,2024-07-23,0,947.0,,,2.0,1.0,1.0,1.0,1.0,1.0,1.0,1.0,1.0,1.0,1.0,1.0,1.0,1.0,1.0,1.0,,,1.0,,1.0,1.0,1.0,1.0,2.0,1.0,1.0,,1.0,,,,,,,,
205,Århus,2024-07-23,0,1294.0,4.71,7,6.0,,1.0,,,,,,,1.0,1.0,1.0,1.0,,,1.0,1.0,1.0,1.0,,,,,,6.0,,,1.0,,,,,,,,,
206,Århus,2024-07-23,0,824.0,5.0,4,,4.0,1.0,1.0,,1.0,1.0,1.0,1.0,1.0,1.0,1.0,1.0,1.0,1.0,1.0,,,1.0,,1.0,1.0,,,,,,,1.0,,,,,,,,
207,Århus,2024-07-23,0,945.0,,,2.0,1.0,,,,1.0,,,1.0,1.0,1.0,1.0,,,1.0,1.0,,,1.0,,,,,,2.0,,,,,,,,,,,,
208,Århus,2024-07-23,0,752.0,,,,1.0,,,1.0,,,,1.0,1.0,1.0,1.0,1.0,1.0,1.0,1.0,,,,,,,1.0,1.0,,1.0,1.0,,,,,,,,,,
209,Århus,2024-07-23,0,941.0,4.33,3,,4.0,1.0,1.0,,1.0,1.0,,1.0,1.0,1.0,1.0,,1.0,,1.0,,,1.0,,,,,,,,,,,,,,,,,,
210,Århus,2024-07-23,0,1071.0,4.86,7,2.0,1.0,1.0,,1.0,,,,1.0,1.0,1.0,1.0,1.0,1.0,1.0,1.0,,,1.0,1.0,,1.0,,1.0,2.0,1.0,1.0,,,1.0,,,,,,,
211,Århus,2024-07-23,0,1198.0,,,2.0,1.0,,,,1.0,,,1.0,1.0,1.0,1.0,,,,1.0,,,1.0,,,,,,2.0,,,,,,,,,,,,
212,Århus,2024-07-23,0,1147.0,4.37,39,2.0,1.0,1.0,,1.0,,,1.0,1.0,1.0,1.0,1.0,1.0,1.0,1.0,1.0,1.0,1.0,1.0,,1.0,1.0,1.0,,2.0,,,,,,,,,,,,
213,Århus,2024-07-23,0,1435.0,,,2.0,1.0,1.0,1.0,1.0,1.0,1.0,,1.0,1.0,1.0,1.0,,1.0,1.0,1.0,,,1.0,,1.0,1.0,1.0,,2.0,1.0,1.0,,,,,,,,,,
214,Århus,2024-07-23,0,1000.0,4.79,14,2.0,1.0,1.0,,1.0,1.0,1.0,1.0,1.0,1.0,1.0,1.0,1.0,,1.0,1.0,,,1.0,,1.0,,,,2.0,1.0,1.0,,,,,,,,,,
215,Århus,2024-07-23,0,1176.0,,,2.0,1.0,,,,,,,,1.0,1.0,1.0,,,1.0,1.0,,,1.0,,,,,,2.0,,,,,,,,,,,,
216,Århus,2024-07-23,0,1288.0,,,5.0,2.0,,,1.0,1.0,,,,1.0,1.0,1.0,1.0,,1.0,1.0,,,1.0,,,,,,5.0,1.0,1.0,,,,,,,,,,
217,Århus,2024-07-23,0,1175.0,4.56,9,2.0,1.0,,,,,,,,1.0,1.0,1.0,1.0,,,,,,1.0,,,,,,2.0,,,,,,,,,,,,
218,Århus,2024-07-23,0,899.0,,,3.0,3.0,,,,,,,1.0,,,1.0,,,,1.0,,,1.0,1.0,,,,,3.0,,,,,,,,,,,,
219,Århus,2024-07-23,0,1153.0,,,4.0,2.0,,,1.0,,,,1.0,1.0,,1.0,1.0,1.0,1.0,1.0,1.0,1.0,1.0,,1.0,1.0,1.0,,4.0,1.0,1.0,,,,,,,,,,
220,Århus,2024-07-23,0,912.0,,,2.0,1.0,,,,1.0,,,1.0,1.0,1.0,1.0,,,,,,,,,,,,,2.0,,,,,,,,,,,,
221,Århus,2024-07-23,0,765.0,4.90,20,,2.0,,,1.0,,1.0,,1.0,1.0,1.0,1.0,1.0,1.0,1.0,1.0,1.0,,1.0,,1.0,1.0,1.0,,,,,,,,,,,,,,
222,Århus,2024-07-23,0,1000.0,4.80,10,4.0,2.0,,,,1.0,,,,1.0,1.0,1.0,1.0,,1.0,1.0,,,1.0,,,,,,4.0,,,,,,,,,,,,
223,Århus,2024-07-23,0,835.0,4.83,6,2.0,1.0,,1.0,1.0,,1.0,,1.0,1.0,1.0,1.0,1.0,1.0,1.0,1.0,1.0,1.0,,,,,1.0,1.0,2.0,1.0,1.0,,,,,,,,,,
224,Århus,2024-07-23,0,1059.0,5.0,6,3.0,2.0,,,,,,,1.0,1.0,1.0,1.0,1.0,,,1.0,,,1.0,,,,,,3.0,,,,,,,,,,,,
225,Århus,2024-07-23,0,1412.0,4.74,100,2.0,2.0,1.0,1.0,1.0,1.0,1.0,1.0,1.0,1.0,1.0,1.0,1.0,,,1.0,1.0,1.0,1.0,,1.0,1.0,,,2.0,,,,,,,,,,,,
226,Århus,2024-07-23,0,894.0,4.82,11,,3.0,,,1.0,1.0,,,1.0,1.0,1.0,1.0,1.0,1.0,1.0,1.0,1.0,,1.0,,,,,,,1.0,1.0,,1.0,,,,,,,,
227,Århus,2024-07-23,0,1118.0,4.75,8,4.0,2.0,1.0,1.0,1.0,1.0,1.0,,1.0,1.0,1.0,1.0,1.0,1.0,1.0,1.0,,,1.0,,1.0,1.0,1.0,1.0,4.0,1.0,1.0,1.0,,,,,,,,,
228,Århus,2024-07-23,0,894.0,4.83,6,4.0,1.0,1.0,,1.0,1.0,,,1.0,1.0,1.0,1.0,1.0,1.0,1.0,1.0,,,1.0,,1.0,1.0,,,4.0,1.0,1.0,,,,,,,,,,
229,Århus,2024-07-23,0,882.0,4.31,32,4.0,4.0,,,1.0,,,,1.0,1.0,1.0,1.0,1.0,1.0,1.0,1.0,1.0,1.0,1.0,1.0,,1.0,,,4.0,,,,,,,,,,,,
230,Århus,2024-07-23,0,1471.0,,,3.0,1.0,1.0,1.0,1.0,1.0,1.0,,1.0,1.0,1.0,1.0,1.0,,1.0,1.0,,,1.0,,1.0,1.0,1.0,1.0,3.0,1.0,1.0,,,,,,,,,,
231,Århus,2024-07-23,0,881.0,,,4.0,1.0,,,1.0,,,1.0,1.0,1.0,1.0,1.0,1.0,1.0,,1.0,1.0,1.0,1.0,,,1.0,,1.0,4.0,1.0,1.0,,1.0,,,,,,,,
232,Århus,2024-07-23,0,824.0,,,2.0,1.0,,,,1.0,,,,1.0,1.0,1.0,,,,1.0,,,1.0,,,,,,2.0,,,,,,,,,,,,
233,Århus,2024-07-23,0,800.0,5.0,7,2.0,1.0,,,,,,,1.0,,,1.0,1.0,,1.0,1.0,,,,,,,,,2.0,,,,,,,,,,,,
234,Århus,2024-07-23,0,1324.0,,,4.0,1.0,,,,,,,1.0,1.0,,1.0,1.0,,1.0,1.0,1.0,1.0,1.0,1.0,,,,,4.0,,,,,,,,,,,,
235,Århus,2024-07-23,0,1318.0,,,3.0,4.0,,,,1.0,,,1.0,1.0,1.0,1.0,1.0,,1.0,1.0,,,1.0,1.0,,1.0,,,3.0,,,,,,,,,,,,
236,Århus,2024-07-23,0,1118.0,4.68,19,2.0,1.0,,,1.0,1.0,,,1.0,1.0,1.0,1.0,,,1.0,1.0,,,1.0,,,,,1.0,2.0,1.0,1.0,,,,,,,,,,
237,Århus,2024-07-23,0,1176.0,4.57,7,4.0,1.0,,,,1.0,,,,1.0,1.0,1.0,1.0,,1.0,1.0,,,1.0,,,,,,4.0,,,,,,,,,,,,
238,Århus,2024-07-23,0,725.0,,,4.0,2.0,,,,,,,1.0,1.0,1.0,1.0,1.0,1.0,1.0,1.0,,,1.0,,1.0,1.0,,1.0,4.0,1.0,1.0,,1.0,,,,,,,,
239,Århus,2024-07-23,0,765.0,,,4.0,2.0,,,,1.0,,,1.0,1.0,1.0,1.0,,,1.0,1.0,,,1.0,,,,,1.0,4.0,,,,,,,,,,,,
240,Århus,2024-07-23,0,824.0,,,,2.0,1.0,1.0,,1.0,1.0,,1.0,1.0,1.0,1.0,,1.0,1.0,1.0,,,1.0,,,,,1.0,,,,,,,,,,,,,
241,Århus,2024-07-23,0,1059.0,4.0,3,,1.0,,,1.0,,1.0,,,1.0,,1.0,,,,,,,,,,,1.0,1.0,,,,,,,,,,,,,
242,Århus,2024-07-23,0,1176.0,,,2.0,1.0,,,,1.0,,,,1.0,1.0,1.0,1.0,,1.0,,,,,,,,,,2.0,,,,,,,,,,,,
243,Århus,2024-07-23,0,1175.0,4.83,6,2.0,1.0,,,,1.0,,,1.0,1.0,1.0,1.0,1.0,,,,,,1.0,,,,,,2.0,,,,,,,,,,,,
244,Århus,2024-07-23,0,773.0,5.0,3,,4.0,1.0,1.0,,1.0,1.0,1.0,1.0,1.0,1.0,1.0,1.0,1.0,1.0,1.0,,,1.0,,1.0,1.0,,,,,,,1.0,,,,,,,,
245,Århus,2024-07-23,0,882.0,4.22,18,,1.0,1.0,,,1.0,,,1.0,1.0,1.0,1.0,1.0,,,1.0,1.0,1.0,,,,,,,,,,,,,,,,,,,
246,Århus,2024-07-23,0,1029.0,4.55,50,2.0,1.0,,,1.0,1.0,,1.0,,,,1.0,,,,1.0,,,,,,,,,2.0,,,,,,,,,,,,
247,Århus,2024-07-23,0,941.0,,,5.0,3.0,,,,1.0,,,1.0,1.0,1.0,1.0,1.0,,1.0,1.0,,,1.0,,,,,,5.0,,,,,,,,,,,,
248,Århus,2024-07-23,0,1024.0,,,3.0,2.0,,,1.0,,,,,1.0,1.0,1.0,,,,,1.0,1.0,,,,,,1.0,3.0,1.0,1.0,,,,,,,,,,
249,Århus,2024-07-23,0,1412.0,4.89,9,4.0,3.0,,1.0,1.0,,,1.0,1.0,1.0,,1.0,1.0,1.0,1.0,1.0,,,1.0,1.0,,1.0,,,4.0,1.0,1.0,,,,,,,,,,
250,Århus,2024-07-23,0,941.0,4.14,7,4.0,3.0,,,1.0,1.0,,,1.0,1.0,1.0,1.0,1.0,,1.0,1.0,1.0,1.0,1.0,,,,,,4.0,,,,,1.0,,,,,,,
251,Århus,2024-07-23,0,800.0,,,2.0,1.0,,,,1.0,,,,1.0,1.0,1.0,,1.0,1.0,1.0,,,1.0,1.0,,,,,2.0,,,1.0,,,,,,,,,
252,Århus,2024-07-23,0,803.0,,,,2.0,1.0,1.0,,1.0,1.0,1.0,1.0,1.0,1.0,1.0,1.0,1.0,,1.0,,,1.0,,1.0,1.0,,,,,,,1.0,,,,,,,,
253,Århus,2024-07-23,0,1352.0,,,6.0,4.0,1.0,1.0,1.0,1.0,,1.0,,1.0,1.0,1.0,1.0,,1.0,1.0,,,1.0,,1.0,1.0,1.0,1.0,6.0,,,,,,,,,,,,
254,Århus,2024-07-23,0,1175.0,4.92,39,8.0,4.0,,1.0,1.0,1.0,1.0,1.0,1.0,1.0,1.0,1.0,1.0,1.0,1.0,1.0,1.0,1.0,1.0,1.0,1.0,1.0,1.0,1.0,8.0,1.0,1.0,,,,,,,,,,
255,Århus,2024-07-23,0,1380.0,,,3.0,2.0,,,,,,,,1.0,1.0,1.0,,1.0,1.0,1.0,,,1.0,,,,,,3.0,,,,,,,,,,,,
256,Århus,2024-07-23,0,835.0,4.40,10,4.0,4.0,,,1.0,1.0,,,1.0,1.0,1.0,1.0,,,1.0,1.0,,,1.0,,1.0,1.0,,1.0,4.0,,,,,,,,,,,,
257,Århus,2024-07-23,0,788.0,4.82,11,4.0,2.0,,,,1.0,,,1.0,1.0,1.0,1.0,,,1.0,1.0,,,,,,,,,4.0,,,,,,,,,,,,
258,Århus,2024-07-23,0,1088.0,,,2.0,2.0,,1.0,1.0,,1.0,,1.0,1.0,,1.0,1.0,1.0,1.0,1.0,,,1.0,,,,,1.0,2.0,1.0,1.0,,,,,,,,,,
259,Århus,2024-07-23,0,729.0,,,2.0,1.0,,,,,,,,1.0,1.0,1.0,,,,1.0,,,1.0,1.0,,,,,2.0,,,,,,,,,,,,
260,Århus,2024-07-23,0,1412.0,5.0,11,8.0,4.0,,1.0,1.0,1.0,,,1.0,1.0,1.0,1.0,1.0,1.0,1.0,1.0,1.0,1.0,1.0,,1.0,1.0,1.0,,8.0,1.0,1.0,,,,,,,,,,
261,Århus,2024-07-23,0,1306.0,4.75,12,4.0,4.0,,1.0,1.0,1.0,1.0,,1.0,1.0,1.0,1.0,,1.0,,1.0,1.0,1.0,1.0,,,1.0,,,4.0,,,,,,,,,,,,
262,Århus,2024-07-23,0,1059.0,5.0,3,,1.0,1.0,1.0,,1.0,1.0,1.0,1.0,1.0,1.0,1.0,1.0,1.0,1.0,1.0,,,1.0,,1.0,1.0,1.0,,,1.0,1.0,,,,,,,,,,
263,Århus,2024-07-23,0,1305.0,4.50,21,4.0,2.0,1.0,1.0,1.0,1.0,1.0,,,1.0,,1.0,1.0,1.0,1.0,1.0,,,1.0,1.0,,1.0,,,4.0,,,,,,,,,,,,
264,Århus,2024-07-23,0,1118.0,4.42,19,6.0,5.0,,,1.0,1.0,,,1.0,1.0,1.0,1.0,1.0,1.0,1.0,1.0,1.0,1.0,1.0,1.0,,1.0,,1.0,6.0,1.0,1.0,,,,,,,,,,
265,Århus,2024-07-23,0,1211.0,,,2.0,1.0,,,,1.0,,,,1.0,1.0,1.0,,,1.0,1.0,,,1.0,,,,,,2.0,,,,,,,,,,,,
266,Århus,2024-07-23,0,1059.0,,,4.0,1.0,1.0,,1.0,1.0,1.0,,1.0,1.0,1.0,1.0,1.0,,1.0,1.0,1.0,1.0,1.0,,1.0,1.0,,,4.0,1.0,1.0,,,,,,,,,,
267,Århus,2024-07-23,0,824.0,,,,1.0,1.0,1.0,1.0,1.0,,,1.0,1.0,1.0,1.0,1.0,,1.0,1.0,1.0,1.0,,,,,,,,,,,,,,,,,,,
268,Århus,2024-07-23,0,1546.0,,,5.0,3.0,1.0,1.0,1.0,1.0,,1.0,1.0,1.0,1.0,1.0,,,,1.0,,,,,,,,,5.0,,,,,,,,,,,,
269,Århus,2024-07-23,0,912.0,4.62,34,7.0,5.0,1.0,1.0,1.0,,1.0,1.0,,1.0,1.0,1.0,1.0,1.0,1.0,1.0,,,1.0,,1.0,1.0,1.0,1.0,7.0,,,,,1.0,,,,,,,
270,Århus,2024-07-23,0,1293.0,,,2.0,1.0,,,,,,,,,,,,,,,,,,,,,,,2.0,,,,,,,,,,,,
271,Århus,2024-07-23,0,822.0,,,2.0,1.0,,,,,,,,,,1.0,,,1.0,,,,,,,,,,2.0,,,,,,,,,,,,
272,Århus,2024-07-23,0,941.0,,,2.0,1.0,,1.0,1.0,,,,,1.0,1.0,1.0,1.0,1.0,1.0,1.0,,,1.0,1.0,1.0,1.0,,,2.0,1.0,1.0,,,,,,,,,,
273,Århus,2024-07-23,0,1294.0,,,4.0,2.0,1.0,,1.0,1.0,,1.0,1.0,1.0,1.0,1.0,1.0,,1.0,1.0,,,1.0,,1.0,1.0,,,4.0,1.0,1.0,,,,,,,,,,
274,Århus,2024-07-23,0,998.0,4.66,72,2.0,1.0,,,1.0,,1.0,1.0,1.0,1.0,1.0,1.0,1.0,,1.0,,,,1.0,,1.0,1.0,,,2.0,,,,,,,,,,,,
275,Århus,2024-07-23,0,1020.0,,,6.0,3.0,,,,1.0,,,1.0,1.0,1.0,1.0,,1.0,1.0,,,,,,,,,,6.0,,,,,,,,,,,,
276,Århus,2024-07-23,0,806.0,,,4.0,3.0,,,,1.0,,,1.0,1.0,1.0,1.0,,,1.0,1.0,,,,,,,,,4.0,,,,,,,,,,,,
277,Århus,2024-07-23,0,1723.0,4.83,212,3.0,1.0,1.0,,1.0,,1.0,1.0,1.0,1.0,1.0,1.0,1.0,1.0,1.0,1.0,1.0,1.0,1.0,1.0,1.0,1.0,,,3.0,1.0,1.0,,,,,,,,,,
278,Århus,2024-07-23,0,1527.0,4.99,79,4.0,1.0,1.0,,1.0,1.0,1.0,1.0,1.0,1.0,1.0,1.0,1.0,1.0,1.0,1.0,1.0,1.0,1.0,,1.0,1.0,1.0,1.0,4.0,,,,,,,,,,,,
279,Århus,2024-07-23,0,1588.0,4.94,99,3.0,1.0,,,1.0,,1.0,1.0,1.0,1.0,,1.0,1.0,1.0,1.0,1.0,1.0,1.0,1.0,1.0,,1.0,,1.0,3.0,1.0,1.0,,,,,,,,,,
280,Århus,2024-07-23,0,1923.0,4.04,76,8.0,3.0,1.0,,,1.0,,1.0,1.0,1.0,1.0,1.0,1.0,,,,1.0,1.0,1.0,1.0,1.0,1.0,,,8.0,,,,,,,,,,,,
281,Århus,2024-07-23,0,2412.0,4.74,141,6.0,4.0,,1.0,1.0,,1.0,,1.0,1.0,,1.0,1.0,,1.0,1.0,1.0,1.0,1.0,1.0,1.0,1.0,1.0,1.0,6.0,1.0,1.0,1.0,,,,,,,,,
282,Århus,2024-07-23,0,2000.0,4.91,23,5.0,4.0,,1.0,1.0,,,,1.0,1.0,1.0,1.0,1.0,,,1.0,1.0,1.0,1.0,,1.0,1.0,1.0,1.0,5.0,1.0,1.0,,,,,,,,,,
283,Århus,2024-07-23,0,1647.0,5.0,6,4.0,2.0,,,1.0,1.0,,1.0,1.0,1.0,1.0,1.0,1.0,1.0,1.0,1.0,1.0,1.0,1.0,,1.0,1.0,,,4.0,1.0,1.0,,,,,,,,,,
284,Århus,2024-07-23,0,2444.0,4.59,87,4.0,2.0,1.0,,1.0,,1.0,,1.0,1.0,1.0,1.0,1.0,1.0,1.0,1.0,1.0,1.0,1.0,1.0,1.0,1.0,1.0,1.0,4.0,1.0,1.0,,,,1.0,,,,,,
285,Århus,2024-07-23,0,1759.0,4.86,90,4.0,2.0,1.0,1.0,1.0,,1.0,,1.0,1.0,1.0,1.0,1.0,1.0,1.0,1.0,1.0,1.0,1.0,,1.0,1.0,1.0,1.0,4.0,1.0,1.0,,,,,,,,,,
286,Århus,2024-07-23,0,1506.0,4.94,31,5.0,1.0,1.0,,1.0,,,,1.0,1.0,1.0,1.0,1.0,1.0,1.0,1.0,,,1.0,,1.0,1.0,1.0,1.0,5.0,1.0,1.0,1.0,,1.0,,,,,,,
287,Århus,2024-07-23,0,1848.0,3.93,54,5.0,3.0,1.0,,,1.0,,1.0,1.0,1.0,1.0,1.0,1.0,,,,1.0,1.0,1.0,1.0,,1.0,,,5.0,,,,,,,,,,,,
288,Århus,2024-07-23,0,1671.0,4.44,18,6.0,3.0,,1.0,1.0,1.0,1.0,1.0,1.0,1.0,,1.0,1.0,,,1.0,,,,,1.0,1.0,,1.0,6.0,1.0,1.0,,,,,,,,,,
289,Århus,2024-07-23,0,1529.0,5.0,6,2.0,1.0,,,,1.0,,,1.0,1.0,1.0,1.0,,,1.0,1.0,1.0,1.0,1.0,,,1.0,,1.0,2.0,,,,,,,,,,,,
290,Århus,2024-07-23,0,1612.0,4.96,28,6.0,6.0,1.0,1.0,1.0,,1.0,,,1.0,1.0,1.0,1.0,1.0,1.0,1.0,,,1.0,,1.0,1.0,,1.0,6.0,1.0,1.0,,1.0,,,,,,,,
291,Århus,2024-07-23,0,2353.0,4.96,84,8.0,3.0,1.0,,1.0,1.0,,,1.0,1.0,1.0,1.0,1.0,,1.0,1.0,,,1.0,1.0,1.0,1.0,1.0,,8.0,,,,,,,,,,,,
292,Århus,2024-07-23,0,1824.0,4.83,6,4.0,3.0,1.0,,1.0,,1.0,1.0,1.0,1.0,1.0,1.0,,1.0,1.0,1.0,,,1.0,,1.0,1.0,1.0,1.0,4.0,1.0,1.0,,,,,,,,,,
293,Århus,2024-07-23,0,1553.0,5.0,8,2.0,,,,,,,,1.0,1.0,1.0,1.0,,,,1.0,,,1.0,,,,,,2.0,,,,,,,,,,,,
294,Århus,2024-07-23,0,1753.0,5.0,17,6.0,3.0,1.0,1.0,1.0,,,,1.0,1.0,1.0,1.0,1.0,1.0,,1.0,1.0,1.0,1.0,1.0,1.0,1.0,1.0,1.0,6.0,1.0,1.0,,,,,,,,,,
295,Århus,2024-07-23,0,2118.0,5.0,8,4.0,2.0,,,,,,,,1.0,1.0,1.0,,,,1.0,,,1.0,,,,,,4.0,,,,,,,,,,,,
296,Århus,2024-07-23,0,2353.0,,,2.0,1.0,1.0,1.0,1.0,,1.0,,1.0,1.0,1.0,1.0,1.0,,1.0,1.0,,,1.0,1.0,1.0,1.0,,,2.0,1.0,1.0,,,,,,,,,,
297,Århus,2024-07-23,0,1524.0,,,3.0,2.0,,,,1.0,,,1.0,1.0,1.0,1.0,,,,1.0,,,1.0,,,,,,3.0,,,,,,,,,,,,
298,Århus,2024-07-23,0,1527.0,4.84,67,4.0,3.0,1.0,1.0,1.0,1.0,1.0,1.0,1.0,1.0,1.0,1.0,1.0,1.0,1.0,1.0,1.0,1.0,1.0,,1.0,1.0,1.0,,4.0,,,,,,,,,,,,
299,Århus,2024-07-23,0,1529.0,,,2.0,1.0,1.0,,,1.0,1.0,,1.0,1.0,1.0,1.0,1.0,1.0,1.0,1.0,,,,1.0,1.0,,1.0,,2.0,,,,,,,,,,,,
300,Århus,2024-07-23,0,1624.0,4.42,26,2.0,2.0,,,,,,,1.0,1.0,1.0,1.0,1.0,1.0,1.0,1.0,1.0,1.0,1.0,1.0,1.0,,,,2.0,,,1.0,,,,,,,,,
301,Århus,2024-07-23,0,1988.0,,,4.0,2.0,1.0,,1.0,,1.0,,1.0,1.0,1.0,1.0,1.0,1.0,1.0,1.0,,,1.0,1.0,1.0,1.0,,1.0,4.0,1.0,1.0,,,,,,,,,,
302,Århus,2024-07-23,0,1671.0,4.72,46,6.0,3.0,1.0,,,,,,1.0,1.0,1.0,1.0,,,1.0,1.0,,,1.0,,,,,1.0,6.0,1.0,1.0,,,,,,,,,,
303,Århus,2024-07-23,0,1735.0,,,4.0,2.0,1.0,,,1.0,,,,1.0,1.0,1.0,1.0,,1.0,1.0,,,1.0,,,,,,4.0,,,,,,,,,,,,
304,Århus,2024-07-23,0,1901.0,4.78,58,,13.0,1.0,1.0,1.0,1.0,1.0,1.0,1.0,1.0,1.0,1.0,1.0,1.0,1.0,1.0,,,1.0,,1.0,1.0,,,,,,,1.0,,,,,,,,
305,Århus,2024-07-23,0,1671.0,4.11,18,6.0,1.0,,1.0,1.0,,1.0,1.0,1.0,,,1.0,1.0,,,1.0,,,,,1.0,1.0,,1.0,6.0,1.0,1.0,,,,,,,,,,
306,Århus,2024-07-23,0,1765.0,4.80,5,4.0,4.0,,,1.0,,,,1.0,1.0,1.0,1.0,1.0,1.0,1.0,1.0,,,1.0,1.0,1.0,1.0,,1.0,4.0,,,,,,,,,,,,
307,Århus,2024-07-23,0,2059.0,4.75,4,4.0,2.0,1.0,1.0,1.0,1.0,,1.0,1.0,1.0,1.0,1.0,1.0,1.0,,,1.0,1.0,1.0,,1.0,1.0,,1.0,4.0,1.0,1.0,,,,,,,,,,
308,Århus,2024-07-23,0,1647.0,4.69,16,4.0,2.0,,,1.0,,1.0,1.0,1.0,1.0,,1.0,1.0,1.0,1.0,1.0,,,1.0,1.0,1.0,1.0,1.0,,4.0,1.0,1.0,,,,,,,,,,
309,Århus,2024-07-23,0,2118.0,5.0,5,2.0,1.0,,1.0,1.0,1.0,,1.0,1.0,1.0,1.0,1.0,,,,1.0,1.0,,1.0,,,,,,2.0,1.0,1.0,,,,,,,,,,
310,Århus,2024-07-23,0,1882.0,5.0,4,4.0,3.0,,,1.0,,1.0,,1.0,1.0,,1.0,1.0,1.0,1.0,1.0,,,1.0,1.0,1.0,1.0,1.0,1.0,4.0,1.0,1.0,1.0,,,,,,,,,
311,Århus,2024-07-23,0,2118.0,4.71,24,4.0,3.0,,,,,,,1.0,1.0,1.0,1.0,1.0,,1.0,1.0,1.0,1.0,1.0,1.0,,,,,4.0,,,,,,,,,,,,
312,Århus,2024-07-23,0,1528.0,,,2.0,1.0,,,,,,,1.0,,,1.0,1.0,,,,,,,,,,,,2.0,,,,,,,,,,,,
313,Århus,2024-07-23,0,1800.0,5.0,3,4.0,2.0,,,,,,,1.0,1.0,1.0,1.0,,,,1.0,,,1.0,,,,,,4.0,,,,,1.0,,,,,,,
314,Århus,2024-07-23,0,1059.0,,,2.0,1.0,1.0,,,,,,1.0,1.0,1.0,1.0,1.0,,1.0,1.0,1.0,1.0,1.0,,,,,,2.0,,,,,,,,,,,,
315,Århus,2024-07-23,0,1647.0,,,5.0,5.0,,,,1.0,,,1.0,1.0,1.0,1.0,1.0,,1.0,1.0,,,1.0,1.0,1.0,,,,5.0,,,,,,,,,,,,
316,Århus,2024-07-23,0,1588.0,,,2.0,1.0,,,,1.0,,,1.0,1.0,1.0,1.0,,,,1.0,,,1.0,,,,,,2.0,,,,,1.0,,,,,,,
317,Århus,2024-07-23,0,2059.0,,,6.0,3.0,1.0,,,1.0,,,1.0,1.0,1.0,1.0,1.0,1.0,1.0,1.0,1.0,1.0,1.0,1.0,,,,,6.0,,,1.0,,,,,,,,,
318,Århus,2024-07-23,0,2353.0,,,4.0,5.0,,,,,1.0,,1.0,,,1.0,,1.0,1.0,1.0,,,,,,,,,4.0,,,,,,,,,,,,
319,Århus,2024-07-23,0,2353.0,,,6.0,3.0,,,,1.0,,,1.0,1.0,,1.0,1.0,,1.0,1.0,,,1.0,,,1.0,,,6.0,,,,1.0,,,,,,,,
320,Århus,2024-07-23,0,1529.0,4.25,4,4.0,3.0,1.0,1.0,1.0,1.0,1.0,1.0,,1.0,1.0,1.0,1.0,1.0,1.0,1.0,,,1.0,,1.0,1.0,,,4.0,,,,,,,,,,,,
321,Århus,2024-07-23,0,1824.0,,,4.0,1.0,,,,1.0,,,1.0,1.0,1.0,1.0,,,1.0,1.0,,,1.0,1.0,,,,,4.0,1.0,1.0,,,,,,,,,,
322,Århus,2024-07-23,0,1529.0,4.43,7,6.0,3.0,,1.0,1.0,1.0,,,1.0,1.0,1.0,1.0,1.0,1.0,1.0,1.0,,,1.0,,1.0,1.0,1.0,,6.0,1.0,1.0,,,,,,,,,,
323,Århus,2024-07-23,0,1501.0,,,4.0,1.0,1.0,,,,,,1.0,1.0,1.0,1.0,,,1.0,1.0,,,1.0,,,,,,4.0,,,,,,,,,,,,
324,Århus,2024-07-23,0,1822.0,,,3.0,1.0,1.0,,,1.0,1.0,,1.0,1.0,1.0,1.0,,,,1.0,,,1.0,,,,,,3.0,,,,,,,,,,,,
325,Århus,2024-07-23,0,2353.0,,,3.0,3.0,,,,1.0,,,,1.0,1.0,1.0,,,,,,,,,,,,,3.0,,,,,,,,,,,,
